,,,,,,,,,,,,,,,,,,,,,,,,,,
自動,自動,買受・委託,自動,,手動,自動,,手動,,,,,自動,売却,自動,ebay,自動,,,,,,,,,手動
受入れ,,,,,,,,,,,,,払出し,,,,,,,,,,,,,
仕入れ年月日,SKU,区別,取引した古物,,,,,確認方法 取引ID,取引きの相手方,,,,販売年月日,区別,代価,販売先,確認方法 取引ID,取引きの相手方,,,,,,,,
,,,品目,商品名,数量,代価,区分,,住所,氏名,年齢,職業,,,,,,国名,buyer ID,氏名,市,州,郵便番号,送付先住所,address2,address3
2026/1/27,20260106_koyanagi_03,買受,プラモデル,BANDAI Mobile Suit Gundam MG Gundam Exia Recirculation Color Neon Purple 1/100,1,"¥6,550 ",トレファク,,,,,,2026/1/27,売却,₱72.11,shopee,ORDER0001,シンガポール,buyer_0001,買主サンプル0001,City0001,Region0001,,Address line 1 sample 0001,,
2026/2/2,20260105_koyanagi_02,買受,フィギュア,"BANPRESTO Shun Mizushino Sung Jin-Woo ""Solo Leveling"" ESPRESTO -Excite Motions-vol.1 Figure",1,"¥7,500 ",yahooフリマ,本人確認済み,,,,,2026/1/31,売却,₱63.01,shopee,ORDER0002,シンガポール,buyer_0002,買主サンプル0002,City0002,Region0002,Postal0002,Address line 1 sample 0002,,
2026/3/2,20260223_machida_15,買受,ぬいぐるみ,MORIPiLO Sanrio Hugging Pillow (Cinnamoroll Sleepy Pillow) M Approximately 45cm,1,"¥3,850 ",Amazon,,,,,,2026/2/27,売却,₱50.03,shopee,ORDER0003,シンガポール,buyer_0003,買主サンプル0003,City0003,,,Address line 1 sample 0003,Address line 2 sample 0003,
有在庫,20260213_koyanagi_09,委託,ゲームソフト,Nintendo Gameboy Advance Pokémon Ruby Japanese No Package,1,¥0 ,,,,,,,2026/3/2,売却,₱8.09,shopee,ORDER0004,シンガポール,buyer_0004,買主サンプル0004,City0004,,,Address line 1 sample 0004,Address line 2 sample 0004,
有在庫,20260212_machida_18,委託,,Nintendo DS software “GAME & WATCH COLLECTION” Japanese No Package,1,¥0 ,,,,,,,2026/3/2,売却,₱8.10,shopee,ORDER0004,シンガポール,buyer_0004,買主サンプル0005,City0005,,,Address line 1 sample 0005,Address line 2 sample 0005,
2026/3/9,20260116_miyawaki_03,買受,フィギュア,Ichiban Kuji JoJo's Bizarre Adventure Stardust Crusaders DIO MASTERLISE Prize C Anime Figure,1,"¥6,300 ",トレファク,,,,,,2026/3/3,売却,"₱3,361.00",shopee,ORDER0005,フィリピン,buyer_0005,買主サンプル0006,City0006,Region0006,Postal0006,Address line 1 sample 0006,Address line 2 sample 0006,
2026/3/4,20260302_ishida_02,買受,フィギュア,S.H.Figuarts Funeral of Freiren Freiren (Resale Version) Approximately 140mm PVC & ABS Painted Movable Figure TAMASHII NATIONS,1,"¥7,700 ",Amazon,,,,,,2026/3/4,売却,"₱3,747.00",shopee,ORDER0006,フィリピン,buyer_0006,買主サンプル0007,City0007,Region0007,Postal0007,Address line 1 sample 0007,Address line 2 sample 0007,
2026/3/6,20260219_machida_01,買受,楽器,training pad 12 inches with stand TS12S,1,"¥13,800 ",SOUND HOUSE,,,,,,2026/3/5,売却,SDG194.18,shopee,ORDER0007,シンガポール,buyer_0007,買主サンプル0008,City0008,Region0008,Postal0008,Address line 1 sample 0008,,
2026/3/9,20260123_machida_04,買受,ラジコン,Tamiya 1/10 Electric RC Car Series No.242 Wild Willy 2 Off-Road 58242,1,"¥11,180 ",Amazon,,,,,,2026/3/9,売却,"₱6,284.00",shopee,ORDER0008,フィリピン,buyer_0008,買主サンプル0009,City0009,Region0009,Postal0009,Address line 1 sample 0009,Address line 2 sample 0009,
有在庫,20260210_sugahara_02,委託,ゲームソフト,Pokémon: Pearl Version Nintendo DS Video Games Japanese No Package,1,¥0 ,,,,,,,2026/3/9,売却,SGD8.03,shopee,ORDER0009,シンガポール,buyer_0009,買主サンプル0010,City0010,,,Address line 1 sample 0010,Address line 2 sample 0010,
,20260303_machida_01,買受,,"With shrink wrap Pokémon Card Game Scarlet & Violet Expansion Pack ""Pokémon Card 151""",1,仕入れ無,,,,,,,2026/3/10,売却,"₱6,948.00",shopee,ORDER0010,フィリピン,buyer_0010,買主サンプル0011,City0011,Region0011,Postal0011,Address line 1 sample 0011,Address line 2 sample 0011,
,20260312_machida_ph_04,買受,フィギュア,MG 1/100 Gundam Base Limited Prize RX-78-2 Gundam Ver.3.0 [Gold Coating] Mobile Suit Gundam,1,仕入れ無,,本人確認済み,,,,,2026/3/23,売却,"₱3,064.00",shopee,ORDER0011,フィリピン,buyer_0011,買主サンプル0012,City0012,Region0012,Postal0012,Address line 1 sample 0012,Address line 2 sample 0012,
2026/3/13,20260119_miyawaki_07,買受,フィギュア,Ichiban Kuji YuYu Hakusho Dark Tournament vol.2 Karasu MASTERLISE Prize B Anime Figure,1,"¥5,888 ",メルカリ,,,,,,2026/3/13,売却,"₱3,598.00",shopee,ORDER0012,フィリピン,buyer_0012,買主サンプル0013,City0013,Region0013,Postal0013,Address line 1 sample 0013,Address line 2 sample 0013,
2026/3/16,20260309_sugahara_01,買受,ラジコン,Nendoroid 2793 Von Lycaon Zenless Zone Zero ZZZ Figure Good Smile Arts Shanghai,1,"¥7,186 ",Amazon,,,,,,2026/3/16,売却,"₱3,948.00",shopee,ORDER0013,フィリピン,buyer_0013,買主サンプル0014,City0014,Region0014,Postal0014,Address line 1 sample 0014,Address line 2 sample 0014,
2026/3/17,20260123_machida_04,買受,フィギュア,Tamiya 1/10 Electric RC Car Series No.242 Wild Willy 2 Off-Road 58242,1,"¥10,569 ",Joshin,本人確認済み,,,,,2026/3/17,売却,"₱6,284.00",shopee,ORDER0014,フィリピン,buyer_0014,買主サンプル0015,City0015,Region0015,Postal0015,Address line 1 sample 0015,Address line 2 sample 0015,
2026/3/20,20260115_miyawaki_sg_02,買受,プラモデル,Ichiban Kuji Final Fantasy VII (FF7) Rebirth Cloud Strife Prize A Anime Game Figure,1,"¥4,999 ",yahooフリマ,,,,,,2026/3/20,売却,SDG94.70,shopee,ORDER0015,シンガポール,buyer_0015,買主サンプル0016,City0016,,,Address line 1 sample 0016,Address line 2 sample 0016,
2026/3/23,20260306_machida_ph_06,買受,プラモデル,Gundam Base Limited Sengoku Astray Gundam,1,"¥6,222 ",楽天市場（メディアワールド）,,,,,,2026/3/23,売却,"₱4,950.00",shopee,ORDER0016,フィリピン,buyer_0016,買主サンプル0017,City0017,Region0017,Postal0017,Address line 1 sample 0017,Address line 2 sample 0017,
2026/3/23,20260320_machida_ph_01,買受,フィギュア,TAMIYA 1/12 Electric RC Car Series No. 547 Midnight Pumpkin Black Edition 58547,1,"¥10,611 ",Amazon,,,,,,2026/3/23,売却,"₱5,412.00",shopee,ORDER0017,フィリピン,buyer_0014,買主サンプル0018,City0018,Region0018,Postal0018,Address line 1 sample 0018,Address line 2 sample 0018,
2026/3/24,20260304_miyawaki_ph_01,買受,ラジコン,Ichiban Kuji JoJo's Bizarre Adventure Stardust Crusaders Jotaro Kujoh MASTERLISE Prize A Anime Figure,1,"¥5,150 ",らしんばん,,,,,,2026/3/24,売却,"₱3,016.00",shopee,ORDER0018,フィリピン,buyer_0005,買主サンプル0019,City0019,Region0019,Postal0019,Address line 1 sample 0019,Address line 2 sample 0019,
2026/3/24,20260123_machida_ph_04_3,買受,プラモデル,Tamiya 1/10 Electric RC Car Series No.242 Wild Willy 2 Off-Road 58242,1,"¥13,000 ",楽天市場（LifeStage Nana!）,,,,,,2026/3/24,売却,"₱6,547.00",shopee,ORDER0019,フィリピン,buyer_0014,買主サンプル0020,City0020,Region0020,Postal0020,Address line 1 sample 0020,Address line 2 sample 0020,
,20260312_machida_ph_04,買受,ラジコン,MG 1/100 Gundam Base Limited Prize RX-78-2 Gundam Ver.3.0 [Gold Coating] Mobile Suit Gundam,1,仕入れ無,,,,,,,2026/3/25,売却,"₱3,064.00",shopee,ORDER0020,フィリピン,buyer_0011,買主サンプル0021,City0021,Region0021,Postal0021,Address line 1 sample 0021,Address line 2 sample 0021,
,20260312_machida_ph_04,買受,フィギュア,MG 1/100 Gundam Base Limited Prize RX-78-2 Gundam Ver.3.0 [Gold Coating] Mobile Suit Gundam,1,仕入れ無,,本人確認済み,,,,,2026/3/25,売却,"₱3,064.00",shopee,ORDER0021,フィリピン,buyer_0011,買主サンプル0022,City0022,Region0022,Postal0022,Address line 1 sample 0022,Address line 2 sample 0022,
2026/3/26,20260325_machida_ph_01,買受,プラモデル,Tamiya 1/12 Electric RC Car Series No. 347 Lunch Box 2005 58347 - High-Performance Remote Control Car[Direct from Japan],1,"¥8,800 ",Amazon,,,,,,2026/3/25,売却,"₱5,205.00",shopee,ORDER0022,フィリピン,buyer_0014,買主サンプル0023,City0023,Region0023,Postal0023,Address line 1 sample 0023,Address line 2 sample 0023,
,20260312_machida_ph_04,買受,プラモデル,MG 1/100 Gundam Base Limited Prize RX-78-2 Gundam Ver.3.0 [Gold Coating] Mobile Suit Gundam,1,仕入れ無,,,,,,,2026/3/27,売却,"₱3,064.00",shopee,ORDER0023,フィリピン,buyer_0011,買主サンプル0024,City0024,Region0024,Postal0024,Address line 1 sample 0024,Address line 2 sample 0024,
2026/3/30,20260316_miyawaki_ph_02,買受,ラジコン,Ichiban Kuji YuYu Hakusho Dark Tournament vol.3 Urameshi Yusuke MASTERLIZED Prize A Figure,1,"¥2,850 ",メルカリ,,,,,,2026/3/30,売却,"₱2,733.00",shopee,ORDER0024,フィリピン,buyer_0017,買主サンプル0025,City0025,Region0025,Postal0025,Address line 1 sample 0025,Address line 2 sample 0025,
2026/3/30,20260316_machida_ph_03,買受,プラモデル,Bandai (Bandai) RG 1/144 GUNDAM SIDE-F Limited RX-93FF ν Gundam Mobile Suit Gundam Counterattack Char,1,"¥7,255 ",Amazon,,,,,,2026/3/30,売却,"₱3,987.00",shopee,ORDER0025,フィリピン,buyer_0018,買主サンプル0026,City0026,Region0026,Postal0026,Address line 1 sample 0026,Address line 2 sample 0026,
,20260312_machida_ph_04,買受,, MG 1/100 Gundam Base Limited Prize RX-78-2 Gundam Ver.3.0 [Gold Coating] Mobile Suit Gundam,1,仕入れ無,,,,,,,2026/3/30,売却,"₱3,064.00",shopee,ORDER0026,フィリピン,buyer_0011,買主サンプル0027,City0027,Region0027,Postal0027,Address line 1 sample 0027,Address line 2 sample 0027,
2026/3/31,20260312_machida_ph_04,買受,フィギュア,MG 1/100 Gundam Base Limited Prize RX-78-2 Gundam Ver.3.0 [Gold Coating] Mobile Suit Gundam,1,"¥6,480 ",Amazon,,,,,,2026/3/30,売却,"₱3,064.00",shopee,ORDER0027,フィリピン,buyer_0011,買主サンプル0028,City0028,Region0028,Postal0028,Address line 1 sample 0028,Address line 2 sample 0028,
2026/3/31,20260325_machida_ph_01_2,買受,フィギュア,Tamiya 1/12 Electric RC Car Series No. 347 Lunch Box 2005 58347 - High-Performance Remote Control Car[Direct from Japan],1,"¥7,920 ",Joshin,本人確認済み,,,,,2026/3/30,売却,"₱5,610.00",shopee,ORDER0028,フィリピン,buyer_0014,買主サンプル0029,City0029,Region0029,Postal0029,Address line 1 sample 0029,Address line 2 sample 0029,
,20260316_ishida_ph_01,買受,プラモデル,Nendoroid Character Vocal Series 03 Megurine Luka Megurine Luka 2.0 Non-Scale Plastic Painted Action Figure,1,仕入れ無,,,,,,,2026/3/30,売却,"₱2,991.00",shopee,ORDER0029,フィリピン,buyer_0019,買主サンプル0030,City0030,Region0030,Postal0030,Address line 1 sample 0030,Address line 2 sample 0030,
2026/3/31,20260226_machida_ph_03,買受,ラジコン,Authentic BANDAI SPIRITS RG 1/144 Unicorn Gundam Perfectibility Plastic Model Bandai,1,"¥10,880 ",Amazon,,,,,,2026/3/31,売却,"₱5,413.00",shopee,ORDER0030,フィリピン,buyer_0020,買主サンプル0031,City0031,Region0031,Postal0031,Address line 1 sample 0031,Address line 2 sample 0031,
,20260316_miyawaki_ph_01,買受,ラジコン,Ichiban Kuji Demon Slayer Doma Prize B Figur,1,仕入れ無,,,,,,,2026/3/31,売却,"₱4,820.00",shopee,ORDER0031,フィリピン,buyer_0021,買主サンプル0032,City0032,Region0032,Postal0032,Address line 1 sample 0032,Address line 2 sample 0032,
2026/3/31,20260302_ishida_ph_02_2,買受,ラジコン,S.H.Figuarts Funeral of Freiren Freiren (Resale Version) Approximately 140mm PVC & ABS Painted Movable Figure TAMASHII NATIONS,1,"¥7,980 ",Amazon,,,,,,2026/3/31,売却,"₱3,923.00",shopee,ORDER0032,フィリピン,buyer_0022,買主サンプル0033,City0033,Region0033,Postal0033,Address line 1 sample 0033,Address line 2 sample 0033,
2026/3/31,20260316_miyawaki_ph_01,買受,フィギュア,Ichiban Kuji Demon Slayer Doma Prize B Figure,1,"¥8,222 ",メルカリ,,,,,,2026/3/31,売却,"₱4,720.00",shopee,ORDER0033,フィリピン,buyer_0021,買主サンプル0034,City0034,Region0034,Postal0034,Address line 1 sample 0034,Address line 2 sample 0034,
2026/4/1,20260226_machida_ph_03_2,買受,ラジコン,Authentic BANDAI SPIRITS RG 1/144 Unicorn Gundam Perfectibility Plastic Model Bandai,1,"¥10,999 ",Amazon,,,,,,2026/4/1,売却,"₱5,413.00",shopee,ORDER0034,フィリピン,buyer_0023,買主サンプル0035,City0035,Region0035,Postal0035,Address line 1 sample 0035,Address line 2 sample 0035,
2026/4/2,20260324_machida_ph_04,買受,ラジコン,Authentic Tamiya 1/10 Scale Electric RC Car Series No. 747 Mini Cooper Racing (MB-01 Chassis) Electric Radio Control 58747,1,"¥15,642 ",Amazon,,,,,,2026/4/1,売却,"₱9,236.00",shopee,ORDER0035,フィリピン,buyer_0024,買主サンプル0036,City0036,Region0036,Postal0036,Address line 1 sample 0036,Address line 2 sample 0036,
2026/4/2,20260318_machida_ph_01,買受,ラジコン,Tamiya 1/10 Electric RC Car Series No.571 Porsche 911 Carrera RSR (TT-02 Chassis) On-Road 58571 [New] [Authentic] [Shipped from Japan],1,"¥11,000 ",Joshin,,,,,,2026/4/1,売却,"₱6,441.00",shopee,ORDER0036,フィリピン,buyer_0025,買主サンプル0037,City0037,Region0037,Postal0037,Address line 1 sample 0037,Address line 2 sample 0037,
2026/4/2,20260306_machida_ph_04,買受,ラジコン,Tamiya RC Special Product 1/10 Electric RC Car Super Astute 2018 Off-Road 47381,1,"¥29,000 ",楽天市場（家電のSAKURA）,,,,,,2026/4/1,売却,"₱13,167.00",shopee,ORDER0037,フィリピン,buyer_0026,買主サンプル0038,City0038,Region0038,Postal0038,Address line 1 sample 0038,Address line 2 sample 0038,
2026/4/7,20260302_ishida_ph_04,買受,フィギュア,TAMASHII NATIONS S.H.Figuarts NARUTO Shippuden Shikamaru Nara -The Brain That Sees Ahead-Approximately 145mm PVC & ABS,1,"¥7,480 ",ヤマダ電機(柏テックランド現地購入),,,,,,2026/4/3,売却,"₱2,151.00",shopee,ORDER0038,フィリピン,buyer_0027,買主サンプル0039,City0039,Region0039,Postal0039,Address line 1 sample 0039,Address line 2 sample 0039,
2026/4/6,20260320_machida_ph_07,買受,プラモデル,Authentic TAMIYA 1/10 Electric RC Car Series No.470 Holiday Buggy 2010 Off-Road 58470,1,"¥7,180 ",Joshin,,,,,,2026/4/5,売却,"₱4,825.00",shopee,ORDER0039,フィリピン,buyer_0028,買主サンプル0040,City0040,Region0040,Postal0040,Address line 1 sample 0040,Address line 2 sample 0040,
,20260323_machida_ph_02,買受,フィギュア,Authentic Tamiya 1/14 Electric RC Car Series No.672 Monster Beetle Trail (GF-01TR Chassis) 58672,1,仕入れ無,,,,,,,2026/4/7,売却,"₱9,961.00",shopee,ORDER0040,フィリピン,buyer_0029,買主サンプル0041,City0041,Region0041,Postal0041,Address line 1 sample 0041,Address line 2 sample 0041,
2026/4/8,20260320_machida_ph_04,買受,ラジコン,Authentic Tamiya 1/10 Electric RC Car Series No.739 1998 Honda NSX Racing (TT-02 Chassis) 58739,1,"¥14,850 ",yahooショッピング,,,,,,2026/4/7,売却,"₱8,495.00",shopee,ORDER0041,フィリピン,buyer_0030,買主サンプル0042,City0042,Region0042,Postal0042,Address line 1 sample 0042,Address line 2 sample 0042,
2026/4/8,20260318_machida_ph_01_2,買受,ラジコン,Tamiya 1/10 Electric RC Car Series No.571 Porsche 911 Carrera RSR (TT-02 Chassis) On-Road 58571 [New] [Authentic] [Shipped from Japan],1,"¥11,000 ",Joshin,,,,,,2026/4/8,売却,"₱6,441.00",shopee,ORDER0042,フィリピン,buyer_0031,買主サンプル0043,City0043,Region0043,Postal0043,Address line 1 sample 0043,Address line 2 sample 0043,
2026/4/8,20260325_machida_ph_01_3,買受,ラジコン,Tamiya 1/12 Electric RC Car Series No. 347 Lunch Box 2005 58347 - High-Performance Remote Control Car[Direct from Japan],1,"¥10,756 ",楽天市場（Toy&ZAKKA mimiy）,,,,,,2026/4/8,売却,"₱5,610.00",shopee,ORDER0043,フィリピン,buyer_0032,買主サンプル0044,City0044,Region0044,Postal0044,Address line 1 sample 0044,Address line 2 sample 0044,
2026/4/8,20260119_miyawaki_ph_07_2,買受,フィギュア,Ichiban Kuji YuYu Hakusho Dark Tournament vol.2 Karasu MASTERLISE Prize B Anime Figure,1,"¥6,690 ",らしんばん,,,,,,2026/4/8,売却,"₱4,228.00",shopee,ORDER0044,フィリピン,buyer_0033,買主サンプル0045,City0045,Region0045,Postal0045,Address line 1 sample 0045,Address line 2 sample 0045,
2026/4/10,20260312_machida_ph_02,買受,プラモデル,RG 1/144 Blast Impulse Gundam SpecII,1,"¥6,380 ",メルカリ,,,,,,2026/4/9,売却,"₱3,818.00",shopee,ORDER0045,フィリピン,buyer_0034,買主サンプル0046,City0046,Region0046,Postal0046,Address line 1 sample 0046,Address line 2 sample 0046,
2026/4/10,20260316_ishida_ph_01,買受,フィギュア,Nendoroid Character Vocal Series 03 Megurine Luka Megurine Luka 2.0 Non-Scale Plastic Painted Action Figure,1,"¥5,800 ",Amazon,,,,,,2026/4/9,売却,"₱3,007.00",shopee,ORDER0046,フィリピン,buyer_0035,買主サンプル0047,City0047,Region0047,Postal0047,Address line 1 sample 0047,Address line 2 sample 0047,
2026/4/10,20260325_machida_ph_01_4,買受,ラジコン,Tamiya 1/12 Electric RC Car Series No. 347 Lunch Box 2005 58347 - High-Performance Remote Control Car[Direct from Japan],1,"¥8,800 ",Joshin,,,,,,2026/4/10,売却,"₱5,610.00",shopee,ORDER0047,フィリピン,buyer_0014,買主サンプル0048,City0048,Region0048,Postal0048,Address line 1 sample 0048,Address line 2 sample 0048,
2026/4/10,20260325_machida_ph_01_5,買受,ラジコン,Tamiya 1/12 Electric RC Car Series No. 347 Lunch Box 2005 58347 - High-Performance Remote Control Car[Direct from Japan],1,"¥8,800 ",Amazon,,,,,,2026/4/10,売却,"₱5,610.00",shopee,ORDER0048,フィリピン,buyer_0014,買主サンプル0049,City0049,Region0049,Postal0049,Address line 1 sample 0049,Address line 2 sample 0049,
2026/4/13,20260323_machida_ph_01,買受,ラジコン,Tamiya 1/10 Electric RC Car Series No.662 Comical Grasshopper (WR-02CB Chassis) Off-Road 58662 【Direct from Japan】,1,"¥13,547 ",楽天市場（Toy&ZAKKA mimiy）,,,,,,2026/4/11,売却,"₱7,810.00",shopee,ORDER0049,フィリピン,buyer_0036,買主サンプル0050,City0050,Region0050,Postal0050,Address line 1 sample 0050,Address line 2 sample 0050,
2026/4/13,20260318_machida_ph_03,買受,,TAMIYA 1/10 Electric R/C Car Series No.570 Lancia Delta Integrale (TT-02 Chassis) Onroad 58570,1,"¥9,800 ",Amazon,,,,,,2026/4/11,売却,"₱5,792.00",shopee,ORDER0050,フィリピン,buyer_0037,買主サンプル0051,City0051,Region0051,Postal0051,Address line 1 sample 0051,Address line 2 sample 0051,
,20260320_machida_ph_01_2,買受,,TAMIYA 1/12 Electric RC Car Series No. 547 Midnight Pumpkin Black Edition 58547,1,仕入れ無,,,,,,,2026/4/11,売却,"₱6,549.00",shopee,ORDER0051,フィリピン,buyer_0037,買主サンプル0052,City0052,Region0052,Postal0052,Address line 1 sample 0052,Address line 2 sample 0052,
2026/4/13,20260409_machida_ph_01,買受,ラジコン,[Direct From Japan] 1/12 Scale Electric RC Assembly Kit: Midnight Pumpkin Metallic Special,1,"¥8,800 ",Joshin,,,,,,2026/4/11,売却,"₱5,638.00",shopee,ORDER0052,フィリピン,buyer_0037,買主サンプル0053,City0053,Region0053,Postal0053,Address line 1 sample 0053,Address line 2 sample 0053,
2026/4/13,20260318_machida_ph_01_3,買受,ラジコン,Tamiya 1/10 Electric RC Car Series No.571 Porsche 911 Carrera RSR (TT-02 Chassis) On-Road 58571 [New] [Authentic] [Shipped from Japan],1,"¥10,300 ",Amazon,,,,,,2026/4/12,売却,"₱6,441.00",shopee,ORDER0053,フィリピン,buyer_0037,買主サンプル0054,City0054,Region0054,Postal0054,Address line 1 sample 0054,Address line 2 sample 0054,
2026/4/13,20260213_koyanagi_09,買受,,Nintendo Gameboy Advance Pokémon Ruby Japanese No Package,1,"¥1,898 ",メルカリ,,,,,,2026/4/12,売却,SGD21.97,shopee,ORDER0054,シンガポール,buyer_0038,買主サンプル0055,City0055,,,Address line 1 sample 0055,Address line 2 sample 0055,
2026/4/13,20260318_machida_ph_01_4,買受,ラジコン,Tamiya 1/10 Electric RC Car Series No.571 Porsche 911 Carrera RSR (TT-02 Chassis) On-Road 58571 [New] [Authentic] [Shipped from Japan],1,"¥10,561 ",Amazon,,,,,,2026/4/13,売却,"₱6,441.00",shopee,ORDER0055,フィリピン,buyer_0039,買主サンプル0056,City0056,Region0056,Postal0056,Address line 1 sample 0056,Address line 2 sample 0056,
2026/4/14,20260219_koyanagi_02,買受,電化製品,SONY Studio monitor headphones MDR-7506,1,"¥12,980 ",SOUND HOUSE,,,,,,2026/4/14,売却,SGD153.62,shopee,ORDER0056,シンガポール,buyer_0040,買主サンプル0057,City0057,,,Address line 1 sample 0057,Address line 2 sample 0057,
2026/4/15, 20260323_machida_ph_02,買受,ラジコン,Authentic Tamiya 1/14 Electric RC Car Series No.672 Monster Beetle Trail (GF-01TR Chassis) 58672,1,"¥23,800 ",Joshin,,,,,,2026/4/15,売却,"₱9,961.00",shopee,ORDER0057,フィリピン,buyer_0041,買主サンプル0058,City0058,Region0058,Postal0058,Address line 1 sample 0058,Address line 2 sample 0058,
2026/4/16,20260410_miyawaki_ph_01,買受,フィギュア,Ichiban Kuji Yu Yu Hakusho Dark Tournament Vol. 3 Last One Prize: Youko Kurama MASTERLIZED Figure,1,"¥7,600 ",yahooフリマ,,,,,,2026/4/15,売却,"₱4,823.00",shopee,ORDER0058,フィリピン,buyer_0017,買主サンプル0059,City0059,Region0059,Postal0059,Address line 1 sample 0059,Address line 2 sample 0059,
2026/4/15,20260415_miyawaki_ph_03 ,買受,フィギュア,Ichiban Kuji Frieren: Beyond Journey's End Frieren Prize A Figure,1,"¥6,900 ",yahooフリマ,,,,,,2026/4/15,売却,"₱4,306.00",shopee,ORDER0059,フィリピン,buyer_0042,買主サンプル0060,City0060,Region0060,Postal0060,Address line 1 sample 0060,Address line 2 sample 0060,
,20260123_machida_ph_04_4,買受,,Tamiya 1/10 Electric RC Car Series No.242 Wild Willy 2 Off-Road 58242,1,仕入れ無,,,,,,,2026/4/15,売却,"₱7,234.00",shopee,ORDER0060,フィリピン,buyer_0043,買主サンプル0061,City0061,Region0061,Postal0061,Address line 1 sample 0061,Address line 2 sample 0061,
2026/4/16,20260407_mizushima_ph_01,買受,プラモデル,BANDAI SPIRITS MG 1/100 Justice Gundam [CROSS CONTRAST COLORS / CLEAR GREEN] Gundam Base Event Limited Edition,1,"¥9,123 ",楽天市場（メディアワールド）,,,,,,2026/4/16,売却,"₱5,415.00",shopee,ORDER0061,フィリピン,buyer_0044,買主サンプル0062,City0062,Region0062,Postal0062,Address line 1 sample 0062,Address line 2 sample 0062,
2026/4/17,20260410_miyawaki_ph_01_2,買受,フィギュア,Ichiban Kuji Yu Yu Hakusho Dark Tournament Vol. 3 Last One Prize: Youko Kurama MASTERLIZED Figure,1,"¥7,500 ",yahooフリマ,,,,,,2026/4/17,売却,"₱4,823.00",shopee,ORDER0062,フィリピン,buyer_0045,買主サンプル0063,City0063,Region0063,Postal0063,Address line 1 sample 0063,Address line 2 sample 0063,
,20260410_miyawaki_ph_01_3,買受,,Ichiban Kuji Yu Yu Hakusho Dark Tournament Vol. 3 Last One Prize: Youko Kurama MASTERLIZED Figure,1,仕入れ無,,,,,,,2026/4/20,売却,"₱4,823.00",shopee,ORDER0063,フィリピン,buyer_0046,買主サンプル0064,City0064,Region0064,Postal0064,Address line 1 sample 0064,Address line 2 sample 0064,
2026/4/20,20260409_machida_ph_01_2,買受,ラジコン,[Direct From Japan] 1/12 Scale Electric RC Assembly Kit: Midnight Pumpkin Metallic Special,1,"¥8,800 ",Joshin（A）,,,,,,2026/4/19,売却,"₱5,638.00",shopee,ORDER0064,フィリピン,buyer_0014,買主サンプル0065,City0065,Region0065,Postal0065,Address line 1 sample 0065,Address line 2 sample 0065,
2026/4/20,20260415_miyawaki_ph_03_2,買受,フィギュア,Ichiban Kuji Frieren: Beyond Journey's End Frieren Prize A Figure,1,"¥6,795 ",メルカリ,,,,,,2026/4/19,売却,"₱4,559.00",shopee,ORDER0065,フィリピン,buyer_0047,買主サンプル0066,City0066,Region0066,Postal0066,Address line 1 sample 0066,Address line 2 sample 0066,
2026/4/20,20260324_machida_ph_01,買受,ラジコン,Authentic Tamiya Unisex 1/10 Electric RC Car Series No.628 Racing Fighter (DT-03 Chassis) Off-Road,1,"¥8,410 ",Joshin,,,,,,2026/4/20,売却,"₱5,761.00",shopee,ORDER0066,フィリピン,buyer_0048,買主サンプル0067,City0067,Region0067,Postal0067,Address line 1 sample 0067,Address line 2 sample 0067,
2026/4/20,20260330_machida_ph_01,買受,プラモデル,【Directly from Japan】 TAMIYA 1/35 Military Miniature Series No. 362 French Main Battle Tank Leclerc Series 2 Plastic Model 35362 (Tank),1,"¥3,200 ",Amazon,,,,,,2026/4/20,売却,"₱2,226.00",shopee,ORDER0067,フィリピン,buyer_0049,買主サンプル0068,City0068,Region0068,Postal0068,Address line 1 sample 0068,Address line 2 sample 0068,
2026/4/20,20260409_machida_ph_01_3,買受,ラジコン,[Direct From Japan] 1/12 Scale Electric RC Assembly Kit: Midnight Pumpkin Metallic Special,1,"¥11,000 ",yahooショッピング,,,,,,2026/4/20,売却,"₱5,638.00",shopee,ORDER0068,フィリピン,buyer_0014,買主サンプル0069,City0069,Region0069,Postal0069,Address line 1 sample 0069,Address line 2 sample 0069,
2026/3/30,20260316_machida_ph_03,買受,プラモデル,Bandai (Bandai) RG 1/144 GUNDAM SIDE-F Limited RX-93FF ν Gundam Mobile Suit Gundam Counterattack Char,1,"¥7,255 ",Amazon,,,,,,2026/4/20,売却,"₱4,085.00",shopee,ORDER0069,フィリピン,buyer_0023,買主サンプル0070,City0070,Region0070,Postal0070,Address line 1 sample 0070,Address line 2 sample 0070,
2026/4/21, 20260413_machida_ph_01,買受,ラジコン,[Direct From Japan] Tamiya 1/10 Electric RC Car Series No. 546 1/12 Lunchbox Black Edition 58546,1,"¥10,979 ",Amazon,,,,,,2026/4/20,売却,"₱6,656.00",shopee,ORDER0070,フィリピン,buyer_0050,買主サンプル0071,City0071,Region0071,Postal0071,Address line 1 sample 0071,Address line 2 sample 0071,
,20260417_miyawaki_ph_04,買受,,Ichiban Kuji Frieren: Beyond Journey's End Last One Prize: Frieren Art Scale Figure,1,仕入れ無,,,,,,,2026/4/20,売却,"₱8,569.00",shopee,ORDER0071,フィリピン,buyer_0051,買主サンプル0072,City0072,Region0072,Postal0072,Address line 1 sample 0072,Address line 2 sample 0072,
2026/4/21,20260417_miyawaki_ph_04,買受,フィギュア,Ichiban Kuji Frieren: Beyond Journey's End Last One Prize: Frieren Art Scale Figure,1,"¥12,700 ",yahooフリマ,,,,,,2026/4/20,売却,"₱8,569.00",shopee,ORDER0072,フィリピン,buyer_0052,買主サンプル0073,City0073,Region0073,Postal0073,Address line 1 sample 0073,Address line 2 sample 0073,
2026/4/22,20260119_machida_ph_03,買受,掛け時計,"Seiko Wall Clock – Musical Motion Clock, Radio-Controlled RE576A (Analog / Triple-Selection Melody / Rotating Ornaments / Ivory Marble",1,"¥20,800 ",Amazon,,,,,,2026/4/21,売却,"₱9,893.00",shopee,ORDER0073,フィリピン,buyer_0053,買主サンプル0074,City0074,Region0074,Postal0074,Address line 1 sample 0074,Address line 2 sample 0074,
2026/4/22,20260123_machida_ph_02,買受,掛け時計,Seiko Clock Wall Clock Quartz Clock Mechanical Clock Analog Triple Selection Melody Silver 443×405×97mm RE602S,1,"¥22,000 ",Amazon,,,,,,2026/4/21,売却,"₱11,350.00",shopee,ORDER0073,フィリピン,buyer_0053,買主サンプル0075,City0075,Region0075,Postal0075,Address line 1 sample 0075,Address line 2 sample 0075,
2026/4/22,20260408_mizushima_ph_05,買受,フィギュア,"MIC DiGiSM One and Only ""SLAM DUNK"" Takenori Akagi, approximately 170mm tall, non-scale, PVC + ABS painted finished figure.",1,"¥6,980 ",楽天市場（サンネット商店）,,,,,,2026/4/21,売却,"₱3,442.00",shopee,ORDER0074,フィリピン,buyer_0054,買主サンプル0076,City0076,Region0076,Postal0076,Address line 1 sample 0076,Address line 2 sample 0076,
2026/4/23,20260410_miyawaki_ph_01_3,買受,フィギュア,Ichiban Kuji Yu Yu Hakusho Dark Tournament Vol. 3 Last One Prize: Youko Kurama MASTERLIZED Figure,1,"¥7,400 ",メルカリ,,,,,,2026/4/21,売却,"₱4,823.00",shopee,ORDER0075,フィリピン,buyer_0055,買主サンプル0077,City0077,Region0077,Postal0077,Address line 1 sample 0077,Address line 2 sample 0077,
2026/4/24,20260303_miyawaki_ph_02,買受,フィギュア,Ichiban Kuji JoJo's Bizarre Adventure -THE★JOJO WORLD Jolyne Cujoh Prize F Anime Figure,1,"¥6,690 ",らしんばん,,,,,,2026/4/21,売却,"₱4,093.00",shopee,ORDER0076,フィリピン,buyer_0056,買主サンプル0078,City0078,Region0078,Postal0078,Address line 1 sample 0078,Address line 2 sample 0078,
2026/4/22, 20260422_machida_ph_03,買受,ラジコン,"[Direct From Japan] Wild Willy 2, WR-02 Dual Hunter and other A-parts, 10005713",1,"¥3,156 ",yahooショッピング,,,,,,2026/4/22,売却,"₱2,466.00",shopee,ORDER0077,フィリピン,buyer_0041,買主サンプル0079,City0079,Region0079,Postal0079,Address line 1 sample 0079,Address line 2 sample 0079,
2026/4/23,20260417_miyawaki_ph_04_2,買受,フィギュア,Ichiban Kuji Frieren: Beyond Journey's End Last One Prize: Frieren Art Scale Figure,1,"¥13,300 ",yahooフリマ,,,,,,2026/4/22,売却,"₱8,569.00",shopee,ORDER0078,フィリピン,buyer_0057,買主サンプル0080,City0080,Region0080,Postal0080,Address line 1 sample 0080,Address line 2 sample 0080,
2026/4/23,20260219_machida_sg_06,買受,腕時計,Seiko Watch ALBA Ghibli Collaboration Model Kiki's Delivery Service,1,"¥5,420 ",ビックカメラ,,,,,,2026/4/22,売却,SGD85.50,shopee,ORDER0079,シンガポール,buyer_0058,買主サンプル0081,City0081,,,Address line 1 sample 0081,Address line 2 sample 0081,
2026/4/23,20260410_miyawaki_ph_01_4,買受,フィギュア,Ichiban Kuji Yu Yu Hakusho Dark Tournament Vol. 3 Last One Prize: Youko Kurama MASTERLIZED Figure,1,"¥7,030 ",ラクマ,,,,,,2026/4/23,売却,"₱4,823.00",shopee,ORDER0080,フィリピン,buyer_0059,買主サンプル0082,City0082,Region0082,Postal0082,Address line 1 sample 0082,Address line 2 sample 0082,
2026/4/24,20260410_miyawaki_ph_01_5,買受,フィギュア,Ichiban Kuji Yu Yu Hakusho Dark Tournament Vol. 3 Last One Prize: Youko Kurama MASTERLIZED Figure,1,"¥7,611 ",メルカリ,,,,,,2026/4/23,売却,"₱4,823.00",shopee,ORDER0081,フィリピン,buyer_0060,買主サンプル0083,City0083,Region0083,Postal0083,Address line 1 sample 0083,Address line 2 sample 0083,
2026/4/24,20260402_miyawaki_ph_01,買受,フィギュア,Ichiban Kuji Yu Yu Hakusho Dark Tournament vol.3 Hiei MASTERLIZED Prize C Figure,1,¥713 ,yahooフリマ,,,,,,2026/4/23,売却,"₱2,318.00",shopee,ORDER0082,フィリピン,buyer_0060,買主サンプル0084,City0084,Region0084,Postal0084,Address line 1 sample 0084,Address line 2 sample 0084,
2026/4/24,20260417_miyawaki_ph_04_3,買受,フィギュア,Ichiban Kuji Frieren: Beyond Journey's End Last One Prize: Frieren Art Scale Figure,1,"¥13,400 ",yahooフリマ,,,,,,2026/4/23,売却,"₱8,569.00",shopee,ORDER0083,フィリピン,buyer_0061,買主サンプル0085,City0085,Region0085,Postal0085,Address line 1 sample 0085,Address line 2 sample 0085,
2026/4/24,20260123_machida_ph_04_4,買受,ラジコン,Tamiya 1/10 Electric RC Car Series No.242 Wild Willy 2 Off-Road 58242,1,"¥11,000 ",Amazon,,,,,,2026/4/24,売却,"₱7,234.00",shopee,ORDER0084,フィリピン,buyer_0062,買主サンプル0086,City0086,Region0086,Postal0086,Address line 1 sample 0086,Address line 2 sample 0086,
2026/4/24,20260417_miyawaki_ph_04_4,買受,フィギュア,Ichiban Kuji Frieren: Beyond Journey's End Last One Prize: Frieren Art Scale Figure,1,"¥12,900 ",yahooフリマ,,,,,,2026/4/24,売却,"₱8,569.00",shopee,ORDER0085,フィリピン,buyer_0063,買主サンプル0087,City0087,Region0087,Postal0087,Address line 1 sample 0087,Address line 2 sample 0087,
2026/4/24,20260415_miyawaki_ph_03_4,買受,フィギュア,Ichiban Kuji Frieren: Beyond Journey's End Frieren Prize A Figure,1,"¥6,600 ",yahooフリマ,,,,,,2026/4/24,売却,"₱4,559.00",shopee,ORDER0086,フィリピン,buyer_0064,買主サンプル0088,City0088,Region0088,Postal0088,Address line 1 sample 0088,Address line 2 sample 0088,
2026/5/1,20260410_miyawaki_ph_01_6 ,,フィギュア,Ichiban Kuji Yu Yu Hakusho Dark Tournament Vol. 3 Last One Prize: Youko Kurama MASTERLIZED Figure,1,"¥7,599 ",メルカリ,,,,,,2026/4/24,売却,"₱4,823.00",shopee,ORDER0087,フィリピン,buyer_0065,買主サンプル0089,City0089,Region0089,Postal0089,Address line 1 sample 0089,Address line 2 sample 0089,
2026/4/27,20260324_machida_ph_02,,ラジコン,Authentic Tamiya 1/10 Electric RC Car Series No.336 Hornet,1,"¥7,980 ",Joshin,,,,,,2026/4/25,売却,"₱5,100.00",shopee,ORDER0088,フィリピン,buyer_0066,買主サンプル0090,City0090,Region0090,Postal0090,Address line 1 sample 0090,Address line 2 sample 0090,
2026/4/27,20260422_machida_ph_04,,模型,Takara Tomy (TAKARA TOMY) Tomica Premium NISSAN SPORTS CARS 3 MODELS Collection Die-cast cars Toys For ages 6 and over,1,"¥2,705 ",Amazon,,,,,,2026/4/25,売却,"₱1,896.00",shopee,ORDER0089,フィリピン,buyer_0067,買主サンプル0091,City0091,Region0091,Postal0091,Address line 1 sample 0091,Address line 2 sample 0091,
2026/4/27,20260409_machida_ph_01_4,,ラジコン,[Direct From Japan] 1/12 Scale Electric RC Assembly Kit: Midnight Pumpkin Metallic Special,1,"¥8,800 ",Amazon,,,,,,2026/4/25,売却,"₱6,694.00",shopee,ORDER0090,フィリピン,buyer_0068,買主サンプル0092,City0092,Region0092,Postal0092,Address line 1 sample 0092,Address line 2 sample 0092,
2026/4/27,20260408_machida_ph_06,,フィギュア,"Kaiyodo Revoltech Amazing Yamaguchi Deadpool Ver. 2.5, approximately 170mm tall",1,"¥10,667 ",Amazon,,,,,,2026/4/26,売却,"₱5,673.00",shopee,ORDER0091,フィリピン,buyer_0069,買主サンプル0093,City0093,Region0093,Postal0093,Address line 1 sample 0093,Address line 2 sample 0093,
,20260407_machida_ph_07,,,S.H.Figuarts ONE PIECE Monkey D. Luffy -Dawn of Adventure- Approximately 145mm ABS&PVC painted movable figure [Direct From Japan],1,仕入れ無,,,,,,,2026/4/26,売却,"₱2,258.00",shopee,ORDER0092,フィリピン,buyer_0070,買主サンプル0094,City0094,Region0094,Postal0094,Address line 1 sample 0094,Address line 2 sample 0094,
2026/4/27,20260415_miyawaki_ph_03_3,,フィギュア,Ichiban Kuji Frieren: Beyond Journey's End Frieren Prize A Figure,1,"¥7,000 ",メルカリ,,,,,,2026/4/27,売却,"₱4,593.00",shopee,ORDER0093,フィリピン,buyer_0071,買主サンプル0095,City0095,Region0095,Postal0095,Address line 1 sample 0095,Address line 2 sample 0095,
2026/4/27,20260402_miyawaki_ph_01_2,,フィギュア,Ichiban Kuji Yu Yu Hakusho Dark Tournament vol.3 Hiei MASTERLIZED Prize C Figure,1,"¥3,000 ",yahooフリマ,,,,,,2026/4/27,売却,"₱2,318.00",shopee,ORDER0094,フィリピン,buyer_0072,買主サンプル0096,City0096,Region0096,Postal0096,Address line 1 sample 0096,Address line 2 sample 0096,
2026/4/29,20260415_miyawaki_ph_03_5,,フィギュア,Ichiban Kuji Frieren: Beyond Journey's End Frieren Prize A Figure,1,"¥6,250 ",yahooフリマ,,,,,,2026/4/27,売却,"₱4,593.00",shopee,ORDER0095,フィリピン,buyer_0071,買主サンプル0097,City0097,Region0097,Postal0097,Address line 1 sample 0097,Address line 2 sample 0097,
2026/4/28,20260420_ishida_ph_06,,フィギュア,Nendoroid Blue Archive Ajitani Hifumi Non-scale Plastic Painted Movable Figure,1,"¥7,160 ",Amazon,,,,,,2026/4/28,売却,"₱2,736.00",shopee,ORDER0096,フィリピン,buyer_0073,買主サンプル0098,City0098,Region0098,Postal0098,Address line 1 sample 0098,Address line 2 sample 0098,
2026/4/29,20260302_machida_ph_02,,フィギュア,Jurassic World Hammond Collection Stegosaurus Action Figure Dinosaur Toy,1,"¥4,773 ",Amazon,,,,,,2026/4/28,売却,"₱2,908.00",shopee,ORDER0097,フィリピン,buyer_0074,買主サンプル0099,City0099,Region0099,Postal0099,Address line 1 sample 0099,Address line 2 sample 0099,
2026/4/29,20260318_machida_ph_01_4,,ラジコン,Tamiya 1/10 Electric RC Car Series No.571 Porsche 911 Carrera RSR (TT-02 Chassis) On-Road 58571 [New] [Authentic] [Shipped from Japan],1,"¥11,000 ",Joshin（A）,,,,,,2026/4/28,売却,"₱6,441.00",shopee,ORDER0098,フィリピン,buyer_0048,買主サンプル0100,City0100,Region0100,Postal0100,Address line 1 sample 0100,Address line 2 sample 0100,
2026/4/29,20260423_miyawaki_ph_01,,フィギュア,Ichiban Kuji WIND BREAKER Original 5th Anniversary A Prize: Sakura Haruka Figure,1,"¥4,500 ",yahooフリマ,,,,,,2026/4/28,売却,"₱2,800.00",shopee,ORDER0099,フィリピン,buyer_0075,買主サンプル0101,City0101,Region0101,Postal0101,Address line 1 sample 0101,Address line 2 sample 0101,
2026/4/29,20260422_mizushima_ph_02,,腕時計,[Casio] G-SHOCK Watch [Authentic Japanese Import] GA-100BEG-1AJF Men's Black,1,"¥14,960 ",Amazon,,,,,,2026/4/28,売却,"₱7,853.00",shopee,ORDER0100,フィリピン,buyer_0076,買主サンプル0102,City0102,Region0102,Postal0102,Address line 1 sample 0102,Address line 2 sample 0102,
2026/4/29,20260402_miyawaki_ph_01_3,,フィギュア,chiban Kuji Yu Yu Hakusho Dark Tournament vol.3 Hiei MASTERLIZE Prize C Figure,1,"¥2,880 ",メルカリショップ,,,,,,2026/4/28,売却,"₱2,318.00",shopee,ORDER0101,フィリピン,buyer_0077,買主サンプル0103,City0103,Region0103,Postal0103,Address line 1 sample 0103,Address line 2 sample 0103,
2026/4/29,20260428_miyawaki_ph_01,,フィギュア,Ichiban Kuji Yu Yu Hakusho Dark Tournament vol.3 Kazuma Kuwabara MASTERLIZE Prize B Figure,1,"¥10,333 ",メルカリ,,,,,,2026/4/28,売却,"₱6,433.00",shopee,ORDER0102,フィリピン,buyer_0059,買主サンプル0104,City0104,Region0104,Postal0104,Address line 1 sample 0104,Address line 2 sample 0104,
2026/4/30,20260119_miyawaki_ph_07_3,,フィギュア,Ichiban Kuji Yu Yu Hakusho Dark Tournament vol.2 Karasu MASTERLISE Prize B Anime Figure,1,"¥7,399 ",メルカリ,,,,,,2026/4/28,売却,"₱4,228.00",shopee,ORDER0103,フィリピン,buyer_0059,買主サンプル0105,City0105,Region0105,Postal0105,Address line 1 sample 0105,Address line 2 sample 0105,
,20260422_ishida_ph_01,,,[BANDAI]GODZIBURST Godzilla(1954),1,仕入れ無,,,,,,,2026/4/28,売却,₱502.00,shopee,ORDER0104,フィリピン,buyer_0078,買主サンプル0106,City0106,Region0106,Postal0106,Address line 1 sample 0106,Address line 2 sample 0106,
2026/4/29,20260410_miyawaki_ph_01_7,,フィギュア,Ichiban Kuji Yu Yu Hakusho Dark Tournament Vol. 3 Last One Prize: Youko Kurama MASTERLIZE Figure,1,"¥7,200 ",yahooフリマ,,,,,,2026/4/29,売却,"₱4,823.00",shopee,ORDER0105,フィリピン,buyer_0046,買主サンプル0107,City0107,Region0107,Postal0107,Address line 1 sample 0107,Address line 2 sample 0107,
2026/4/29,20260422_ishida_ph_05,,模型,[BANDAI]GODZIBURST Godzilla(2016),1,¥730 ,Amazon,,,,,,2026/4/29,売却,₱512.00,shopee,ORDER0106,フィリピン,buyer_0079,買主サンプル0108,City0108,Region0108,Postal0108,Address line 1 sample 0108,Address line 2 sample 0108,
,20260422_ishida_ph_02,,模型,[BANDAI]GODZIBURST Godzilla(2004),1,¥691 ,,,,,,,2026/4/29,売却,₱492.00,shopee,ORDER0106,フィリピン,buyer_0079,買主サンプル0109,City0109,Region0109,Postal0109,Address line 1 sample 0109,Address line 2 sample 0109,
,20260423_ishida_ph_05,,模型,[BANDAI]GODZIBURST Mechagodzilla (1993),1,¥730 ,,,,,,,2026/4/29,売却,₱513.00,shopee,ORDER0106,フィリピン,buyer_0079,買主サンプル0110,City0110,Region0110,Postal0110,Address line 1 sample 0110,Address line 2 sample 0110,
,20260423_ishida_ph_02,,模型,[BANDAI]GODZIBURST Mechagodzilla (1974),1,¥694 ,,,,,,,2026/4/29,売却,₱496.00,shopee,ORDER0106,フィリピン,buyer_0079,買主サンプル0111,City0111,Region0111,Postal0111,Address line 1 sample 0111,Address line 2 sample 0111,
,20260423_ishida_ph_03,,模型,[BANDAI]GODZIBURST DX:King Ghidorah (1991),1,"¥1,527 ",,,,,,,2026/4/29,売却,₱915.00,shopee,ORDER0106,フィリピン,buyer_0079,買主サンプル0112,City0112,Region0112,Postal0112,Address line 1 sample 0112,Address line 2 sample 0112,
,20260422_ishida_ph_01,,模型,[BANDAI]GODZIBURST Godzilla(1954),1,¥710 ,,,,,,,2026/4/29,売却,₱502.00,shopee,ORDER0106,フィリピン,buyer_0079,買主サンプル0113,City0113,Region0113,Postal0113,Address line 1 sample 0113,Address line 2 sample 0113,
2026/4/30,20260417_miyawaki_ph_02,,フィギュア,Ichiban Kuji Yu Yu Hakusho Dark Tournament Prize B Yusuke Urameshi MASTERLISE Figure,1,"¥4,726 ",メルカリショップ,,,,,,2026/4/29,売却,"₱2,960.00",shopee,ORDER0107,フィリピン,buyer_0059,買主サンプル0114,City0114,Region0114,Postal0114,Address line 1 sample 0114,Address line 2 sample 0114,
2026/4/30,20260323_machida_ph_01_2,,ラジコン,Tamiya 1/10 Electric RC Car Series No.662 Comical Grasshopper (WR-02CB Chassis) Off-Road 58662 【Direct from Japan】,1,"¥13,130 ",Joshin,,,,,,2026/4/29,売却,"₱7,810.00",shopee,ORDER0108,フィリピン,buyer_0026,買主サンプル0115,City0115,Region0115,Postal0115,Address line 1 sample 0115,Address line 2 sample 0115,
2026/4/30,20260401_ishida_ph_01,,フィギュア,[Good Smile Arts Shanghai] Nendoroid Rebirth 1999 X Non-scale Plastic Painted Movable Figure,1,"¥6,710 ",yahooショッピング,,,,,,2026/4/30,売却,"₱3,980.00",shopee,ORDER0109,フィリピン,buyer_0080,買主サンプル0116,City0116,Region0116,Postal0116,Address line 1 sample 0116,Address line 2 sample 0116,
2026/4/30,20260420_mizushima_ph_07,,プラモデル,[Gundam Base / Event Exclusive] MG 1/100 Zaku II Ver.Ka Mechanical Clear Model Kit from Mobile Suit Gundam: Char's Counterattack (Bandai Spirits),1,"¥12,000 ",メルカリ,,,,,,2026/4/30,売却,"₱7,146.00",shopee,ORDER0110,フィリピン,buyer_0081,買主サンプル0117,City0117,Region0117,Postal0117,Address line 1 sample 0117,Address line 2 sample 0117,
2026/4/30,20260402_miyawaki_ph_01_4,,フィギュア,Ichiban Kuji Yu Yu Hakusho Dark Tournament vol.3 Hiei MASTERLIZE Prize C Figure,1,"¥3,500 ",メルカリ,,,,,,2026/4/30,売却,"₱2,318.00",shopee,ORDER0111,フィリピン,buyer_0082,買主サンプル0118,City0118,Region0118,Postal0118,Address line 1 sample 0118,Address line 2 sample 0118,
2026/4/30,20260424_ishida_ph_03,,電化製品,[Direct From Japan]YAMAHA Portable Speaker WS-B1A(B): Bluetooth / Compact / IP67-rated dust and water resistance / Ideal for wet areas and outdoor use / Clear Voice / Black,1,"¥9,980 ",Amazon,,,,,,2026/4/30,売却,"₱6,126.00",shopee,ORDER0112,フィリピン,buyer_0076,買主サンプル0119,City0119,Region0119,Postal0119,Address line 1 sample 0119,Address line 2 sample 0119,
2026/5/1,20260324_machida_ph_03,,ラジコン,Authentic Tamiya 1/10 Electric RC Car Series No.599 RAYBRIG NSX CONCEPT-GT (TT-02 Chassis) On-Road,1,"¥10,560 ",Joshin,,,,,,2026/4/30,売却,"₱7,064.00",shopee,ORDER0113,フィリピン,buyer_0030,買主サンプル0120,City0120,Region0120,Postal0120,Address line 1 sample 0120,Address line 2 sample 0120,
2026/5/1,20260410_miyawaki_ph_01_8,,フィギュア,Ichiban Kuji Yu Yu Hakusho Dark Tournament Vol. 3 Last One Prize: Youko Kurama MASTERLIZE Figure,1,"¥7,500 ",メルカリ,,,,,,2026/4/30,売却,"₱4,823.00",shopee,ORDER0114,フィリピン,buyer_0083,買主サンプル0121,City0121,Region0121,Postal0121,Address line 1 sample 0121,Address line 2 sample 0121,
2026/5/1,20260417_miyawaki_ph_04_5,,フィギュア,Ichiban Kuji Frieren: Beyond Journey's End Last One Prize: Frieren Art Scale Figure,1,,メルカリ（着払）,,,,,,2026/4/30,売却,"₱8,569.00",shopee,ORDER0115,フィリピン,buyer_0084,買主サンプル0122,City0122,Region0122,Postal0122,Address line 1 sample 0122,Address line 2 sample 0122,
2026/5/1,20260415_miyawaki_ph_03_6,,フィギュア,Ichiban Kuji Frieren: Beyond Journey's End Frieren Prize A Figure,1,"¥6,100 ",yahooフリマ,,,,,,2026/4/30,売却,"₱4,593.00",shopee,ORDER0115,フィリピン,buyer_0084,買主サンプル0123,City0123,Region0123,Postal0123,Address line 1 sample 0123,Address line 2 sample 0123,
2026/5/4,20260407_machida_ph_07,,フィギュア,S.H.Figuarts ONE PIECE Monkey D. Luffy -Dawn of Adventure- Approximately 145mm ABS&PVC painted movable figure [Direct From Japan],1,"¥3,570 ",ヨドバシドットコム,,,,,,2026/4/30,売却,"₱2,258.00",shopee,ORDER0116,フィリピン,buyer_0022,買主サンプル0124,City0124,Region0124,Postal0124,Address line 1 sample 0124,Address line 2 sample 0124,
2026/5/1,20260406_mizushima_ph_01,,プラモデル,BANDAI SPIRITS MG 1/100 Gundam Base Limited GM Sniper Custom (Mobile Suit Zeta Gundam Version),1,"¥8,100 ",駿河屋,,,,,,2026/5/1,売却,"₱5,205.00",shopee,ORDER0117,フィリピン,buyer_0085,買主サンプル0125,City0125,Region0125,Postal0125,Address line 1 sample 0125,Address line 2 sample 0125,
2026/5/1,20260410_mizushima_ph_11,,ラジコン,[Tamiya] 1/10 Electric RC Car Series No. 489 4WD Racing Buggy Avante (2011) Electric Radio Control,1,"¥53,900 ",楽天市場（Joshin）,,,,,,2026/5/1,売却,"₱28,028.00",shopee,ORDER0118,フィリピン,buyer_0086,買主サンプル0126,City0126,Region0126,Postal0126,Address line 1 sample 0126,Address line 2 sample 0126,
2026/5/1,20260402_miyawaki_ph_01_5,,フィギュア,Ichiban Kuji Yu Yu Hakusho Dark Tournament vol.3 Hiei MASTERLIZE Prize C Figure,1,"¥3,100 ",メルカリ,,,,,,2026/5/1,売却,"₱2,383.00",shopee,ORDER0119,フィリピン,buyer_0087,買主サンプル0127,City0127,Region0127,Postal0127,Address line 1 sample 0127,Address line 2 sample 0127,
2026/5/1,20260119_miyawaki_ph_07_4,,フィギュア,Ichiban Kuji Yu Yu Hakusho Dark Tournament vol.2 Karasu MASTERLISE Prize B Anime Figure,1,"¥6,000 ",メルカリ,,,,,,2026/5/1,売却,"₱4,228.00",shopee,ORDER0120,フィリピン,buyer_0088,買主サンプル0128,City0128,Region0128,Postal0128,Address line 1 sample 0128,Address line 2 sample 0128,
2026/5/1,20260417_sugahara_ph_01,,,Tamiya Star Unit Comical Wheelie Series No. 9 RC Lunchbox Mini (SW-01 Chassis) 57409,1,"¥8,980 ",Joshin,,,,,,2026/5/1,売却,"₱5,536.00",shopee,ORDER0121,フィリピン,buyer_0014,買主サンプル0129,City0129,Region0129,Postal0129,Address line 1 sample 0129,Address line 2 sample 0129,
2026/5/1,20260306_machida_ph_04_2,,ラジコン,Tamiya RC Special Product 1/10 Electric RC Car Super Astute 2018 Off-Road 47381,1,"¥25,800 ",Joshin,,,,,,2026/5/1,売却,"₱13,167.00",shopee,ORDER0122,フィリピン,buyer_0089,買主サンプル0130,City0130,Region0130,Postal0130,Address line 1 sample 0130,Address line 2 sample 0130,
2026/5/4,20260413_ishida_ph_01,,フィギュア,Good Smile Company Nendoroid Teto Kasane 2.0 Non-scale Plastic Painted Movable Figure,1,"¥6,290 ",らしんばん,,,,,,2026/5/1,売却,"₱3,525.00",shopee,ORDER0123,フィリピン,buyer_0089,買主サンプル0131,City0131,Region0131,Postal0131,Address line 1 sample 0131,Address line 2 sample 0131,
2026/5/4,20260424_machida_ph_16,,模型,[Direct From Japan] Takara Tomy (TAKARA TOMY) Plarail S-56 Mickey Mouse Speed Express Train Set – Toy for ages 3 and up,1,"¥1,609 ",Amazon,,,,,,2026/5/1,売却,"₱1,399.00",shopee,ORDER0124,フィリピン,buyer_0089,買主サンプル0132,City0132,Region0132,Postal0132,Address line 1 sample 0132,Address line 2 sample 0132,
2026/5/5,20260420_mizushima_ph_09,,プラモデル,[Gundam Base / Event Exclusive] MG 1/100 Wing Gundam Zero EW [CROSS CONTRAST COLORS / CLEAR PURPLE] Plastic Model Kit (Bandai Spirits),1,"¥8,611 ",駿河屋,,,,,,2026/5/2,売却,"₱5,921.00",shopee,ORDER0125,フィリピン,buyer_0089,買主サンプル0133,City0133,Region0133,Postal0133,Address line 1 sample 0133,Address line 2 sample 0133,
,20260316_machida_ph_02,,,Bandai MG 1/100 Gundam Epyon EW Sturm und Drang Unit Model Kit Gundam W Endless Waltz Gunpla Japan,1,仕入れ無,,,,,,,2026/5/2,売却,"₱6,302.00",shopee,ORDER0126,フィリピン,buyer_0089,買主サンプル0134,City0134,Region0134,Postal0134,Address line 1 sample 0134,Address line 2 sample 0134,
,20260316_machida_ph_02,,,Bandai MG 1/100 Gundam Epyon EW Sturm und Drang Unit Model Kit Gundam W Endless Waltz Gunpla Japan,1,仕入れ無,,,,,,,2026/5/2,売却,"₱6,302.00",shopee,ORDER0127,フィリピン,buyer_0089,買主サンプル0135,City0135,Region0135,Postal0135,Address line 1 sample 0135,Address line 2 sample 0135,
,20260417_miyawaki_ph_04_6,,,Ichiban Kuji Frieren: Beyond Journey's End Last One Prize: Frieren Art Scale Figure,1,仕入れ無,,,,,,,2026/5/2,売却,"₱8,569.00",shopee,ORDER0128,フィリピン,buyer_0089,買主サンプル0136,City0136,Region0136,Postal0136,Address line 1 sample 0136,Address line 2 sample 0136,
2026/5/4,20260415_miyawaki_ph_03_7,,フィギュア,Ichiban Kuji Frieren: Beyond Journey's End Frieren Prize A Figure,1,"¥6,500 ",yahooフリマ,,,,,,2026/5/2,売却,"₱4,593.00",shopee,ORDER0129,フィリピン,buyer_0089,買主サンプル0137,City0137,Region0137,Postal0137,Address line 1 sample 0137,Address line 2 sample 0137,
2026/5/4,20260422_ishida_ph_04,,模型,[BANDAI]GODZIBURST Godzilla(1991),1,¥718 ,Amazon,,,,,,2026/5/2,売却,₱506.00,shopee,ORDER0130,フィリピン,buyer_0089,買主サンプル0138,City0138,Region0138,Postal0138,Address line 1 sample 0138,Address line 2 sample 0138,
2026/5/4,20260428_miyawaki_ph_01_1,,フィギュア,Ichiban Kuji Yu Yu Hakusho Dark Tournament vol.3 Kazuma Kuwabara MASTERLIZE Prize B Figure,1,"¥9,900 ",yahooフリマ,,,,,,2026/5/3,売却,"₱6,433.00",shopee,ORDER0131,フィリピン,buyer_0089,買主サンプル0139,City0139,Region0139,Postal0139,Address line 1 sample 0139,Address line 2 sample 0139,
2026/5/4,20260428_machida_ph_04,,ラジコン,[Direct From Japan] Tamiya 1/10 Electric RC Car Series No. 727 Mitsubishi Pajero (CW-01 Chassis) 58727,1,"¥13,380 ",Joshin,,,,,,2026/5/3,売却,"₱7,987.00",shopee,ORDER0132,フィリピン,buyer_0089,買主サンプル0140,City0140,Region0140,Postal0140,Address line 1 sample 0140,Address line 2 sample 0140,
,20260306_machida_ph_04_3,,,Tamiya RC Special Product 1/10 Electric RC Car Super Astute 2018 Off-Road 47381,1,仕入れ無,,,,,,,2026/5/3,売却,"₱13,167.00",shopee,ORDER0133,フィリピン,buyer_0089,買主サンプル0141,City0141,Region0141,Postal0141,Address line 1 sample 0141,Address line 2 sample 0141,
,20260417_miyawaki_ph_04_6,,,Ichiban Kuji Frieren: Beyond Journey's End Last One Prize: Frieren Art Scale Figure,1,仕入れ無,,,,,,,2026/5/3,売却,"₱8,569.00",shopee,ORDER0134,フィリピン,buyer_0089,買主サンプル0142,City0142,Region0142,Postal0142,Address line 1 sample 0142,Address line 2 sample 0142,
2026/5/4,20260407_machida_ph_07_2,,フィギュア,S.H.Figuarts ONE PIECE Monkey D. Luffy -Dawn of Adventure- Approximately 145mm ABS&PVC painted movable figure [Direct From Japan],1,"¥3,570 ",ヨドバシドットコム,,,,,,2026/5/4,売却,"₱2,258.00",shopee,ORDER0135,フィリピン,buyer_0089,買主サンプル0143,City0143,Region0143,Postal0143,Address line 1 sample 0143,Address line 2 sample 0143,
2026/5/5,20260407_mizushima_ph_02,,プラモデル,BANDAI SPIRITS MG 1/100 Gundam Base Limited Sengoku Astray Gundam [Metallic] Assembly Plastic Model Kit,1,"¥6,890 ",駿河屋,,,,,,2026/5/4,売却,"₱5,194.00",shopee,ORDER0136,フィリピン,buyer_0089,買主サンプル0144,City0144,Region0144,Postal0144,Address line 1 sample 0144,Address line 2 sample 0144,
2026/4/24,20260123_machida_ph_04_4,,ラジコン,Tamiya 1/10 Electric RC Car Series No.242 Wild Willy 2 Off-Road 58242,1,"¥11,000 ",,,,,,,2026/5/5,売却,"₱7,234.00",shopee,ORDER0137,フィリピン,buyer_0089,買主サンプル0145,City0145,Region0145,Postal0145,Address line 1 sample 0145,Address line 2 sample 0145,
,20260429_machida_ph_05,,,"[Direct From Japan] Holy Stone Drone with Camera – Outdoor, Compact, Child-Friendly, Foldable, 1080p Camera, 3 Batteries, 36-Minute Flight Time, Storage Case Included, Optical Flow Mode, Trajectory Flight, Gesture Control, 2.4GHz, Mode 1/2 Switchable, Bir",1,仕入れ無,,,,,,,2026/5/5,売却,"₱5,792.00",shopee,ORDER0138,フィリピン,buyer_0089,買主サンプル0146,City0146,Region0146,Postal0146,Address line 1 sample 0146,Address line 2 sample 0146,
2026/5/5,20260430_ishida_ph_01,,模型,[BANDAI]GODZIBURST Rodan (1993) & Mazer Unit,1,¥691 ,Amazon,,,,,,2026/5/5,売却,₱502.00,shopee,ORDER0139,フィリピン,buyer_0089,買主サンプル0147,City0147,Region0147,Postal0147,Address line 1 sample 0147,Address line 2 sample 0147,
2026/5/5,20260302_ishida_ph_02_3,,フィギュア,S.H.Figuarts Funeral of Freiren Freiren (Resale Version) Approximately 140mm PVC & ABS Painted Movable Figure TAMASHII NATIONS,1,"¥7,100 ",駿河屋,,,,,,2026/5/5,売却,"₱4,336.00",shopee,ORDER0140,フィリピン,buyer_0089,買主サンプル0148,City0148,Region0148,Postal0148,Address line 1 sample 0148,Address line 2 sample 0148,
2026/5/6,20260318_machida_ph_01_6,,ラジコン,Tamiya 1/10 Electric RC Car Series No.571 Porsche 911 Carrera RSR (TT-02 Chassis) On-Road 58571 [New] [Authentic] [Shipped from Japan],1,"¥8,143 ",楽天市場（Joshin）,,,,,,2026/5/5,売却,"₱6,528.00",shopee,ORDER0141,フィリピン,buyer_0089,買主サンプル0149,City0149,Region0149,Postal0149,Address line 1 sample 0149,Address line 2 sample 0149,
2026/5/6,20260423_machida_ph_03,,ラジコン,[Direct From Japan] Kyosho Egg Mario Kart Racing Kart R/C Bowser TV035,1,"¥4,652 ",Amazon,,,,,,2026/5/5,売却,"₱3,145.00",shopee,ORDER0142,フィリピン,buyer_0089,買主サンプル0150,City0150,Region0150,Postal0150,Address line 1 sample 0150,Address line 2 sample 0150,
2026/5/6,20260219_machida_sg_06_2,,腕時計,Seiko Watch ALBA Ghibli Collaboration Model Kiki's Delivery Service,1,"¥6,930 ",楽天市場（楽天ビッグ）,,,,,,2026/5/5,売却,SDG87.24,shopee,ORDER0143,シンガポール,buyer_0089,買主サンプル0151,City0151,Region0151,Postal0151,Address line 1 sample 0151,Address line 2 sample 0151,
,20260422_ishida_ph_01_2,,,[BANDAI]GODZIBURST Godzilla(1954),1,仕入れ無,,,,,,,2026/5/6,売却,₱502.00,shopee,ORDER0144,フィリピン,buyer_0089,買主サンプル0152,City0152,Region0152,Postal0152,Address line 1 sample 0152,Address line 2 sample 0152,
2026/5/6,20260316_machida_ph_02,,プラモデル,Bandai MG 1/100 Gundam Epyon EW Sturm und Drang Unit Model Kit Gundam W Endless Waltz Gunpla Japan,1,"¥11,000 ",Amazon,,,,,,2026/5/6,売却,"₱6,302.00",shopee,ORDER0145,フィリピン,buyer_0089,買主サンプル0153,City0153,Region0153,Postal0153,Address line 1 sample 0153,Address line 2 sample 0153,
2026/5/6,20260428_machida_ph_04_2,,ラジコン,[Direct From Japan] Tamiya 1/10 Electric RC Car Series No. 727 Mitsubishi Pajero (CW-01 Chassis) 58727,1,"¥13,380 ",Joshin（A）,,,,,,2026/5/6,売却,"₱7,987.00",shopee,ORDER0146,フィリピン,buyer_0089,買主サンプル0154,City0154,Region0154,Postal0154,Address line 1 sample 0154,Address line 2 sample 0154,
2026/5/7,20260123_machida_ph_04_5,,ラジコン,Tamiya 1/10 Electric RC Car Series No.242 Wild Willy 2 Off-Road 58242,1,"¥11,000 ",Joshin（A）,,,,,,2026/5/6,売却,"₱7,234.00",shopee,ORDER0147,フィリピン,buyer_0089,買主サンプル0155,City0155,Region0155,Postal0155,Address line 1 sample 0155,Address line 2 sample 0155,
2026/5/7,20260407_mizushima_ph_03,,プラモデル,BANDAI SPIRITS MG 1/100 Gouf Ver.2.0 [Clear Color] Gundam Base Event Limited Mobile Suit Gundam Pre-colored Plastic Model Kit,1,"¥6,936 ",Amazon,,,,,,2026/5/6,売却,"₱4,069.00",shopee,ORDER0148,フィリピン,buyer_0089,買主サンプル0156,City0156,Region0156,Postal0156,Address line 1 sample 0156,Address line 2 sample 0156,
,20260408_machida_ph_08,,,TAMASHII NATIONS S.H.Figuarts Star Wars Episode III: Revenge of the Sith Yoda -Classic Ver.- (STAR ​​WARS: Revenge of the Sith),1,仕入れ無,,,,,,,2026/5/6,売却,"₱4,968.00",shopee,ORDER0149,フィリピン,buyer_0089,買主サンプル0157,City0157,Region0157,Postal0157,Address line 1 sample 0157,Address line 2 sample 0157,
2026/5/7,20260413_machida_ph_01_2,,ラジコン,[Direct From Japan] Tamiya 1/10 Electric RC Car Series No. 546 1/12 Lunchbox Black Edition 58546,1,"¥11,000 ",,,,,,,2026/5/6,売却,"₱6,794.00",shopee,ORDER0150,フィリピン,buyer_0089,買主サンプル0158,City0158,Region0158,Postal0158,Address line 1 sample 0158,Address line 2 sample 0158,
2026/5/7,20260303_ishida_ph_01,,フィギュア,GOOD SMILE COMPANY Nendoroid Goddess of Victory NIKKE Modernia Non-Scale Plastic Painted Movable Figure,1,"¥5,556 ",Amazon,,,,,,2026/5/6,売却,"₱2,955.00",shopee,ORDER0151,フィリピン,buyer_0089,買主サンプル0159,City0159,Region0159,Postal0159,Address line 1 sample 0159,Address line 2 sample 0159,
2026/4/27,20260410_miyawaki_ph_01_9,,フィギュア,Ichiban Kuji Yu Yu Hakusho Dark Tournament Vol. 3 Last One Prize: Youko Kurama MASTERLIZE Figure,1,"¥7,450 ",yahooフリマ,,,,,,2026/5/6,売却,"₱4,988.00",shopee,ORDER0152,フィリピン,buyer_0089,買主サンプル0160,City0160,Region0160,Postal0160,Address line 1 sample 0160,Address line 2 sample 0160,
2026/5/7,20260428_machida_ph_04_3,,ラジコン,[Direct From Japan] Tamiya 1/10 Electric RC Car Series No. 727 Mitsubishi Pajero (CW-01 Chassis) 58727,1,"¥13,600 ",楽天市場,,,,,,2026/5/7,売却,"₱7,987.00",shopee,ORDER0153,フィリピン,buyer_0089,買主サンプル0161,City0161,Region0161,Postal0161,Address line 1 sample 0161,Address line 2 sample 0161,
2026/5/8,20260422_mizushima_ph_01,,腕時計,[Casio] G-SHOCK GD-010BEG-1JF Watch [Authentic Japanese Product] Made with eco-friendly materials Men's Black,1,"¥11,880 ",Amazon,,,,,,2026/5/7,売却,"₱6,318.00",shopee,ORDER0154,フィリピン,buyer_0089,買主サンプル0162,City0162,Region0162,Postal0162,Address line 1 sample 0162,Address line 2 sample 0162,
2026/5/8,20260220_machida_ph_06,,,Shimano (SHIMANO) Baitcasting Reel Dual Axis 20 Thoreum 2000HG,1,"¥20,745 ",Amazon,,,,,,2026/5/7,売却,"₱10,325.00",shopee,ORDER0155,フィリピン,buyer_0089,買主サンプル0163,City0163,Region0163,Postal0163,Address line 1 sample 0163,Address line 2 sample 0163,
2026/5/8,20260415_miyawaki_ph_03_8,,フィギュア,Ichiban Kuji Frieren: Beyond Journey's End Frieren Prize A Figure,1,"¥6,400 ",yahooフリマ,,,,,,2026/5/7,売却,"₱4,732.00",shopee,ORDER0156,フィリピン,buyer_0089,買主サンプル0164,City0164,Region0164,Postal0164,Address line 1 sample 0164,Address line 2 sample 0164,
,20260115_machida_sg_02,,,Kyocera Diamond Electric Roll Knife Sharpener,1,仕入れ無,,,,,,,2026/5/8,売却,SDG60.63,shopee,ORDER0157,シンガポール,buyer_0089,買主サンプル0165,City0165,Region0165,Postal0165,Address line 1 sample 0165,Address line 2 sample 0165,
, 20260305_ishida_ph_05,,,Nendoroid Character Vocal Series 02 Kagamine Rin & Len Kagamine Len 2.0 Non-scale Plastic Painted Action Figure,1,,,,,,,,2026/5/8,売却,"₱3,258.00",shopee,ORDER0158,フィリピン,buyer_0089,買主サンプル0166,City0166,Region0166,Postal0166,Address line 1 sample 0166,Address line 2 sample 0166,
2026/5/12,20260428_miyawaki_ph_01_3,,フィギュア,Ichiban Kuji Yu Yu Hakusho Dark Tournament vol.3 Kazuma Kuwabara MASTERLIZE Prize B Figure,1,"¥9,900 ",メルカリ,,,,,,2026/5/8,売却,"₱6,433.00",shopee,ORDER0159,フィリピン,buyer_0089,買主サンプル0167,City0167,Region0167,Postal0167,Address line 1 sample 0167,Address line 2 sample 0167,
,20260430_machida_ph_14,,, [Direct From Japan] Barbie Birthday Wishes Latina Signature Dress-up Doll & House – Pretend Play – Barbie Doll – Ages 6+ – Pink – JJX78,1,,,,,,,,2026/5/8,売却,"₱2,773.00",shopee,ORDER0160,フィリピン,buyer_0089,買主サンプル0168,City0168,Region0168,Postal0168,Address line 1 sample 0168,Address line 2 sample 0168,
2026/5/12,20260115_machida_sg_02,,日用雑貨,Kyocera Diamond Electric Roll Knife Sharpener,1,"¥4,514 ",Amazon,,,,,,2026/5/9,売却,SGD60.63,shopee,ORDER0161,シンガポール,buyer_0089,買主サンプル0169,City0169,Region0169,Postal0169,Address line 1 sample 0169,Address line 2 sample 0169,
2026/5/11,20260428_mizushima_ph_06,,模型,Fujimi Models 1/12 NEXT Series No. 1101 Honda Super Cub 50 Type Hello Kitty 12NX-1101,1,"¥2,973 ",Amazon,,,,,,2026/5/9,売却,"₱2,114.00",shopee,ORDER0162,フィリピン,buyer_0089,買主サンプル0170,City0170,Region0170,Postal0170,Address line 1 sample 0170,Address line 2 sample 0170,
2026/5/11,20260422_ishida_ph_02_2,,模型,[BANDAI]GODZIBURST Godzilla(2004),1,¥691 ,Amazon,,,,,,2026/5/9,売却,₱492.00,shopee,ORDER0163,フィリピン,buyer_0089,買主サンプル0171,City0171,Region0171,Postal0171,Address line 1 sample 0171,Address line 2 sample 0171,
,20260430_machida_ph_14,,,[Direct From Japan] Barbie Birthday Wishes Latina Signature Dress-up Doll & House – Pretend Play – Barbie Doll – Ages 6+ – Pink – JJX78,1,,,,,,,,2026/5/9,売却,"₱2,773.00",shopee,ORDER0164,フィリピン,buyer_0089,買主サンプル0172,City0172,Region0172,Postal0172,Address line 1 sample 0172,Address line 2 sample 0172,
,20260430_machida_ph_01,,,[Direct From Japan] Barbie Basic You Create Kit 1 YOU CREATE BARBIE BASICS™ Neutral Kit 001 Signature BLACK Dress-up dolls & houses Pretend play Barbie dolls Ages 6+ JJX35,1,,,,,,,,2026/5/9,売却,"₱5,567.00",shopee,ORDER0164,フィリピン,buyer_0089,買主サンプル0173,City0173,Region0173,Postal0173,Address line 1 sample 0173,Address line 2 sample 0173,
2026/5/12,20260410_miyawaki_ph_01_9,,フィギュア,Ichiban Kuji Yu Yu Hakusho Dark Tournament Vol. 3 Last One Prize: Youko Kurama MASTERLIZE Figure,1,"¥7,000 ",メルカリ,,,,,,2026/5/9,売却,"₱4,988.00",shopee,ORDER0165,フィリピン,buyer_0089,買主サンプル0174,City0174,Region0174,Postal0174,Address line 1 sample 0174,Address line 2 sample 0174,
2026/5/11,20260430_machida_ph_04,,ホビー,[Direct From Japan] Barbie Basic You Create Kit 3 YOU CREATE BARBIE BASICS™ Neutral Kit 003 Signature BLACK Dress-up dolls & houses Pretend play Barbie dolls Ages 6+ JJX37,1,"¥9,900 ",Amazon,,,,,,2026/5/9,売却,"₱4,317.00",shopee,ORDER0166,フィリピン,buyer_0089,買主サンプル0175,City0175,Region0175,Postal0175,Address line 1 sample 0175,Address line 2 sample 0175,
2026/5/11, 20260430_machida_ph_03,,ホビー,[Direct From Japan] Barbie Basic You Create Kit 2 YOU CREATE BARBIE BASICS™ Neutral Kit 002 Signature BLACK Dress-up dolls & houses Pretend play Barbie dolls Ages 6+ JJX36,1,"¥9,900 ",Amazon,,,,,,2026/5/9,売却,"₱4,312.00",shopee,ORDER0167,フィリピン,buyer_0089,買主サンプル0176,City0176,Region0176,Postal0176,Address line 1 sample 0176,Address line 2 sample 0176,
,20260430_miyawaki_ph_01,,,Ichiban Kuji JoJo's Bizarre Adventure The Gathering of STARS Last One Prize Johnny Joestar & Gyro Zeppeli MASTERLISE PLUS Figure,1,,,,,,,,2026/5/10,売却,"₱8,969.00",shopee,ORDER0168,フィリピン,buyer_0089,買主サンプル0177,City0177,Region0177,Postal0177,Address line 1 sample 0177,Address line 2 sample 0177,
2026/5/11,20260507_ishida_ph_01,,ホビー,[HASBRO] Star Wars The Child Animatronic Edition Motorized Mandalorian Toy with Over 25 Combinations of Sounds and Movements | F1119,1,"¥11,800 ",Amazon,,,,,,2026/5/10,売却,"₱4,451.00",shopee,ORDER0169,フィリピン,buyer_0089,買主サンプル0178,City0178,Region0178,Postal0178,Address line 1 sample 0178,Address line 2 sample 0178,
2026/5/11,20260423_machida_ph_05,,ラジコン,[Direct From Japan] Tamiya 1/10 Electric RC Car Series No. 391 Hot Shot 2007 Off-Road 58391,1,"¥30,660 ",Amazon,,,,,,2026/5/10,売却,"₱10,626.00",shopee,ORDER0170,フィリピン,buyer_0089,買主サンプル0179,City0179,Region0179,Postal0179,Address line 1 sample 0179,Address line 2 sample 0179,
2026/5/12,20260413_ishida_ph_01_2,,フィギュア,[Good Smile Company] Nendoroid Teto Kasane 2.0+Special Base Included,1,"¥10,900 ",yahooフリマ,,,,,,2026/5/10,売却,"₱4,545.00",shopee,ORDER0171,フィリピン,buyer_0089,買主サンプル0180,City0180,Region0180,Postal0180,Address line 1 sample 0180,Address line 2 sample 0180,
2026/5/12,20260415_miyawaki_ph_03_9,,フィギュア,Ichiban Kuji Frieren: Beyond Journey's End Frieren Prize A Figure,1,"¥4,876 ",yahooフリマ,,,,,,2026/5/11,売却,"₱4,732.00",shopee,ORDER0172,フィリピン,buyer_0089,買主サンプル0181,City0181,Region0181,Postal0181,Address line 1 sample 0181,Address line 2 sample 0181,
2026/5/11,20260424_mizushima_ph_05,,生活家電,"SALONIA Cordless Straightener 12mm Hair Straightener with Built-in Power Bank, Lightweight, Ideal for Bangs, Model SAL25119PK, Pink",1,"￥6,578",Amazon,,,,,,2026/5/11,売却,"₱3,272.00",shopee,ORDER0173,フィリピン,buyer_0089,買主サンプル0182,City0182,Region0182,Postal0182,Address line 1 sample 0182,Address line 2 sample 0182,
2026/5/11,20260316_machida_ph_03_2,,プラモデル,Bandai (Bandai) RG 1/144 GUNDAM SIDE-F Limited RX-93FF ν Gundam Mobile Suit Gundam Counterattack Char,1,"¥7,255 ",Amazon,,,,,,2026/5/11,売却,"₱4,394.00",shopee,ORDER0174,フィリピン,buyer_0089,買主サンプル0183,City0183,Region0183,Postal0183,Address line 1 sample 0183,Address line 2 sample 0183,
2026/5/11,20260407_mizushima_ph_06,,プラモデル,BANDAI SPIRITS MG 1/100 Gundam Epyon EW [CROSS CONTRAST COLORS / CLEAR WHITE] Gundam Base Event Limited Edition Pre-colored Plastic Model Kit,1,"¥11,600 ",Amazon,,,,,,2026/5/11,売却,"₱6,736.00",shopee,ORDER0175,フィリピン,buyer_0089,買主サンプル0184,City0184,Region0184,Postal0184,Address line 1 sample 0184,Address line 2 sample 0184,
,20260420_ishida_ph_06_2,,,Nendoroid Blue Archive Ajitani Hifumi Non-scale Plastic Painted Movable Figure,1,,,,,,,,2026/5/12,売却,"₱2,794.00",shopee,ORDER0176,フィリピン,buyer_0089,買主サンプル0185,City0185,Region0185,Postal0185,Address line 1 sample 0185,Address line 2 sample 0185,
2026/5/12,20260319_machida_ph_03,,ラジコン,Tamiya 1/10 Electric RC Car Series No.719 BBX BB-01 Chassis 58719,1,"¥29,733 ",Amazon,,,,,,2026/5/12,売却,"₱15,933.00",shopee,ORDER0177,フィリピン,buyer_0089,買主サンプル0186,City0186,Region0186,Postal0186,Address line 1 sample 0186,Address line 2 sample 0186,
,20260420_mizushima_ph_07_2,,,[Gundam Base/Event Exclusive] MG 1/100 Sazabi Ver.Ka Mechanical Clear Model Kit from Mobile Suit Gundam: Char's Counterattack (Bandai Spirits),1,,,,,,,,2026/5/12,売却,"₱7,689.00",shopee,ORDER0178,フィリピン,buyer_0089,買主サンプル0187,City0187,Region0187,Postal0187,Address line 1 sample 0187,Address line 2 sample 0187,
2026/5/13,20260410_miyawaki_ph_01_10,,フィギュア,Ichiban Kuji Yu Yu Hakusho Dark Tournament Vol. 3 Last One Prize: Youko Kurama MASTERLIZE Figure,1,"¥6,900 ",メルカリ,,,,,,2026/5/12,売却,"₱4,988.00",shopee,ORDER0179,フィリピン,buyer_0089,買主サンプル0188,City0188,Region0188,Postal0188,Address line 1 sample 0188,Address line 2 sample 0188,
2026/5/13,20260428_miyawaki_ph_01_4,,フィギュア,Ichiban Kuji Yu Yu Hakusho Dark Tournament vol.3 Kazuma Kuwabara MASTERLIZE Prize B Figure,1,"¥9,888 ",メルカリ,,,,,,2026/5/12,売却,"₱6,433.00",shopee,ORDER0179,フィリピン,buyer_0089,買主サンプル0189,City0189,Region0189,Postal0189,Address line 1 sample 0189,Address line 2 sample 0189,
2026/5/13,20260415_miyawaki_ph_03_10,,フィギュア,Ichiban Kuji Frieren: Beyond Journey's End Frieren Prize A Figure,1,"¥6,000 ",yahooフリマ,,,,,,2026/5/13,売却,"₱4,732.00",shopee,ORDER0180,フィリピン,buyer_0089,買主サンプル0190,City0190,Region0190,Postal0190,Address line 1 sample 0190,Address line 2 sample 0190,
2026/5/13,20260421_miyawaki_ph_01,,フィギュア,"MIC DiGiSM One and Only ""SLAM DUNK"" SHOHOKU STARTING MEMBER SET",1,"¥23,484 ",yahooショッピング,,,,,,2026/5/13,売却,"₱14,233.00",shopee,ORDER0181,フィリピン,buyer_0089,買主サンプル0191,City0191,Region0191,Postal0191,Address line 1 sample 0191,Address line 2 sample 0191,
2026/5/14,20260407_miyawaki_ph_03,,フィギュア,Good Smile Arts Shanghai POP UP PARADE K-ON! Nakano Azusa L size Figure,1,"¥5,900 ",Amazon,,,,,,2026/5/13,売却,"₱3,539.00",shopee,ORDER0182,フィリピン,buyer_0089,買主サンプル0192,City0192,Region0192,Postal0192,Address line 1 sample 0192,Address line 2 sample 0192,
2026/5/14,20260410_miyawaki_ph_01_11,,フィギュア,Ichiban Kuji Yu Yu Hakusho Dark Tournament Vol. 3 Last One Prize: Youko Kurama MASTERLIZE Figure,1,"¥6,999 ",メルカリ,,,,,,2026/5/13,売却,"₱4,988.00",shopee,ORDER0183,フィリピン,buyer_0089,買主サンプル0193,City0193,Region0193,Postal0193,Address line 1 sample 0193,Address line 2 sample 0193,
2026/5/14,20260430_machida_ph_03_2,,ホビー,[Direct From Japan] Barbie Basic You Create Kit 2 YOU CREATE BARBIE BASICS™ Neutral Kit 002 Signature BLACK Dress-up dolls & houses Pretend play Barbie dolls Ages 6+ JJX36,1,"¥9,900 ",Amazon,,,,,,2026/5/13,売却,"₱4,312.00",shopee,ORDER0184,フィリピン,buyer_0089,買主サンプル0194,City0194,Region0194,Postal0194,Address line 1 sample 0194,Address line 2 sample 0194,
2026/5/14,20260430_machida_ph_04_2,,ホビー,[Direct From Japan] Barbie Basic You Create Kit 3 YOU CREATE BARBIE BASICS™ Neutral Kit 003 Signature BLACK Dress-up dolls & houses Pretend play Barbie dolls Ages 6+ JJX37,1,"¥9,900 ",Amazon,,,,,,2026/5/13,売却,"₱4,317.00",shopee,ORDER0185,フィリピン,buyer_0089,買主サンプル0195,City0195,Region0195,Postal0195,Address line 1 sample 0195,Address line 2 sample 0195,
,20260420_mizushima_ph_07_2,,,[Gundam Base/Event Exclusive] MG 1/100 Sazabi Ver.Ka Mechanical Clear Model Kit from Mobile Suit Gundam: Char's Counterattack (Bandai Spirits),1,仕入れ無,,,,,,,2026/5/13,売却,"₱7,689.00",shopee,ORDER0186,フィリピン,buyer_0089,買主サンプル0196,City0196,Region0196,Postal0196,Address line 1 sample 0196,Address line 2 sample 0196,
2026/5/14,20260417_miyawaki_ph_04_6,,フィギュア,Ichiban Kuji Frieren: Beyond Journey's End Last One Prize: Frieren Art Scale Figure,1,"¥11,100 ",yahooフリマ,,,,,,2026/5/14,売却,"₱8,569.00",shopee,ORDER0187,フィリピン,buyer_0089,買主サンプル0197,City0197,Region0197,Postal0197,Address line 1 sample 0197,Address line 2 sample 0197,
2026/5/14,20260415_miyawaki_ph_03_11,,フィギュア,Ichiban Kuji Frieren: Beyond Journey's End Frieren Prize A Figure,1,"¥6,150 ",yahooフリマ,,,,,,2026/5/14,売却,"₱4,732.00",shopee,ORDER0187,フィリピン,buyer_0089,買主サンプル0198,City0198,Region0198,Postal0198,Address line 1 sample 0198,Address line 2 sample 0198,
,20260428_miyawaki_ph_01_5,,,Ichiban Kuji Yu Yu Hakusho Dark Tournament vol.3 Kazuma Kuwabara MASTERLIZE Prize B Figure,1,仕入れ無,,,,,,,2026/5/14,売却,"₱6,433.00",shopee,ORDER0188,フィリピン,buyer_0089,買主サンプル0199,City0199,Region0199,Postal0199,Address line 1 sample 0199,Address line 2 sample 0199,
2026/5/14,20260429_miyawaki_ph_01,,フィギュア,Ichiban Kuji Yu Yu Hakusho Dark Tournament vol.3 Prize D: Koenma MASTERLISE Figure,1,"¥4,799 ",メルカリ,,,,,,2026/5/14,売却,"₱3,917.00",shopee,ORDER0189,フィリピン,buyer_0089,買主サンプル0200,City0200,Region0200,Postal0200,Address line 1 sample 0200,Address line 2 sample 0200,
2026/5/14,20260428_miyawaki_ph_01_5,,フィギュア,Ichiban Kuji Yu Yu Hakusho Dark Tournament vol.3 Kazuma Kuwabara MASTERLIZE Prize B Figure,1,"¥9,999 ",メルカリ,,,,,,2026/5/14,売却,"₱6,433.00",shopee,ORDER0189,フィリピン,buyer_0089,買主サンプル0201,City0201,Region0201,Postal0201,Address line 1 sample 0201,Address line 2 sample 0201,
2026/5/14,20260429_miyawaki_ph_02,,フィギュア,Ichiban Kuji Yu Yu Hakusho Dark Tournament vol.3 Prize E Genkai MASTERLISE EMOVING Figure,1,"¥4,799 ",メルカリ,,,,,,2026/5/14,売却,"₱3,759.00",shopee,ORDER0189,フィリピン,buyer_0089,買主サンプル0202,City0202,Region0202,Postal0202,Address line 1 sample 0202,Address line 2 sample 0202,
2026/5/14,20260420_mizushima_ph_09_2,,プラモデル,[Gundam Base / Event Exclusive] MG 1/100 Wing Gundam Zero EW [CROSS CONTRAST COLORS / CLEAR PURPLE] Plastic Model Kit (Bandai Spirits),1,"¥10,300 ",Amazon,,,,,,2026/5/14,売却,"₱6,209.00",shopee,ORDER0190,フィリピン,buyer_0089,買主サンプル0203,City0203,Region0203,Postal0203,Address line 1 sample 0203,Address line 2 sample 0203,
2026/5/14,20260415_miyawaki_ph_02,,フィギュア,Final Fantasy VII Remake Adorable Arts <Aerith Gainsborough> Figure,1,"¥7,366 ",Amazon,,,,,,2026/5/14,売却,"₱4,104.00",shopee,ORDER0191,フィリピン,buyer_0089,買主サンプル0204,City0204,Region0204,Postal0204,Address line 1 sample 0204,Address line 2 sample 0204,
2026/5/15,20260413_machida_ph_04,,ラジコン,[Direct From Japan] Tamiya 1/10 Electric RC Car Series No. 415 RCC Toyota Tundra High Lift Off-Road 58415,1,"¥37,000 ",Joshin,,,,,,2026/5/14,売却,"₱19,949.00",shopee,ORDER0192,フィリピン,buyer_0089,買主サンプル0205,City0205,Region0205,Postal0205,Address line 1 sample 0205,Address line 2 sample 0205,
2026/5/15,20260318_machida_ph_04,,ラジコン,Tamiya 1/10 Electric RC Car Series No.583 Egress (2013) Off-road 58583 [New] [Authentic] [Shipped from Japan],1,"¥46,340 ",Joshin,,,,,,2026/5/14,売却,"₱24,199.00",shopee,ORDER0193,フィリピン,buyer_0089,買主サンプル0206,City0206,Region0206,Postal0206,Address line 1 sample 0206,Address line 2 sample 0206,
2026/5/15,20260320_machida_ph_08,,ラジコン,Authentic Tamiya 1/10 Electric RC Car Series No.741 Fighter Nexgen (DT-04 Chassis) Electric Radio Control 58741,1,"¥15,480 ",Amazon,,,,,,2026/5/14,売却,"₱9,071.00",shopee,ORDER0194,フィリピン,buyer_0089,買主サンプル0207,City0207,Region0207,Postal0207,Address line 1 sample 0207,Address line 2 sample 0207,
,20260423_ishida_ph_05_2,,,[BANDAI]GODZIBURST Mechagodzilla (1993),1,仕入れ無,,,,,,,2026/5/14,売却,₱513.00,shopee,ORDER0195,フィリピン,buyer_0089,買主サンプル0208,City0208,Region0208,Postal0208,Address line 1 sample 0208,Address line 2 sample 0208,
,20260413_miyawaki_ph_01,,,Yu Yu Hakusho Figure: Youko Kurama (Dark Tournament),1,仕入れ無,,,,,,,2026/5/14,売却,"₱1,436.00",shopee,ORDER0196,フィリピン,buyer_0089,買主サンプル0209,City0209,Region0209,Postal0209,Address line 1 sample 0209,Address line 2 sample 0209,
,20260415_miyawaki_ph_03_12,,フィギュア,Ichiban Kuji Frieren: Beyond Journey's End Frieren Prize A Figure,1,,,,,,,,2026/5/15,売却,"₱4,732.00",shopee,ORDER0197,フィリピン,buyer_0089,買主サンプル0210,City0210,Region0210,Postal0210,Address line 1 sample 0210,Address line 2 sample 0210,
,20260410_miyawaki_ph_01_12,,フィギュア,Ichiban Kuji Yu Yu Hakusho Dark Tournament Vol. 3 Last One Prize: Youko Kurama MASTERLIZE Figure,1,,,,,,,,2026/5/15,売却,"₱4,988.00",shopee,ORDER0198,フィリピン,buyer_0089,買主サンプル0211,City0211,Region0211,Postal0211,Address line 1 sample 0211,Address line 2 sample 0211,
,20260507_mizushima_ph_02,,,[Gundam Base Exclusive] MG 1/100 Gundam Base Exclusive RX-78-2 Gundam Ver.3.0 [Clear Color] Mobile Suit Gundam (Bandai Spirits),1,仕入れ無,,,,,,,2026/5/15,売却,"₱5,032.00",shopee,ORDER0199,フィリピン,buyer_0089,買主サンプル0212,City0212,Region0212,Postal0212,Address line 1 sample 0212,Address line 2 sample 0212,
2026/5/15,20260324_machida_ph_04_2,,ラジコン,Authentic Tamiya 1/10 Scale Electric RC Car Series No. 747 Mini Cooper Racing (MB-01 Chassis) Electric Radio Control 58747,1,"¥15,462 ",Amazon,,,,,,2026/5/15,売却,"₱9,236.00",shopee,ORDER0200,フィリピン,buyer_0089,買主サンプル0213,City0213,Region0213,Postal0213,Address line 1 sample 0213,Address line 2 sample 0213,
2026/5/15,20260423_ishida_ph_05_2,,ホビー,[BANDAI]GODZIBURST Mechagodzilla (1993),1,¥710 ,Amazon,,,,,,2026/5/15,売却,₱513.00,shopee,ORDER0201,フィリピン,buyer_0089,買主サンプル0214,City0214,Region0214,Postal0214,Address line 1 sample 0214,Address line 2 sample 0214,
2026/5/18,20260417_miyawaki_ph_04_7,,フィギュア,Ichiban Kuji Frieren: Beyond Journey's End Last One Prize: Frieren Art Scale Figure,1,"¥11,499 ",メルカリ,,,,,,2026/5/15,売却,"₱8,569.00",shopee,ORDER0202,フィリピン,buyer_0089,買主サンプル0215,City0215,Region0215,Postal0215,Address line 1 sample 0215,Address line 2 sample 0215,
2026/5/18,20260219_machida_sg_06_3,,腕時計,Seiko Watch ALBA Ghibli Collaboration Model Kiki's Delivery Service,1,"¥6,930 ",Amazon,,,,,,2026/5/15,売却,SDG89.55,shopee,ORDER0203,シンガポール,buyer_0089,買主サンプル0216,City0216,Region0216,Postal0216,Address line 1 sample 0216,Address line 2 sample 0216,
2026/5/18,20260115_miyawaki_ph_02,,フィギュア,Final Fantasy VII (FF7) Rebirth Release Kuji Cloud Strife Prize A Figure,1,"¥6,500 ",yahooフリマ,,,,,,2026/5/15,売却,"₱4,014.00",shopee,ORDER0204,フィリピン,buyer_0089,買主サンプル0217,City0217,Region0217,Postal0217,Address line 1 sample 0217,Address line 2 sample 0217,
2026/5/19,20260512_miyawaki_ph_02,,フィギュア,Ichiban Kuji Kingdom The Future of Qin Prize A Shin MASTERLIZE Figure,1,"¥4,580 ",メルカリ,,,,,,2026/5/15,売却,"₱3,260.00",shopee,ORDER0205,フィリピン,buyer_0089,買主サンプル0218,City0218,Region0218,Postal0218,Address line 1 sample 0218,Address line 2 sample 0218,
,20260220_machida_ph_06_2,,リール,Shimano (SHIMANO) Baitcasting Reel Dual Axis 20 Thoreum 2000HG,1,,,,,,,,2026/5/15,売却,"₱10,325.00",shopee,ORDER0206,フィリピン,buyer_0089,買主サンプル0219,City0219,Region0219,Postal0219,Address line 1 sample 0219,Address line 2 sample 0219,
,20260410_miyawaki_ph_01_13,,,Ichiban Kuji Yu Yu Hakusho Dark Tournament Vol. 3 Last One Prize: Youko Kurama MASTERLIZE Figure,1,仕入れ無,,,,,,,2026/5/16,売却,"₱4,988.00",shopee,ORDER0207,フィリピン,buyer_0089,買主サンプル0220,City0220,Region0220,Postal0220,Address line 1 sample 0220,Address line 2 sample 0220,
2026/5/19,20260406_machida_ph_06,,ラジコン,Tamiya Male 1/10 Electric RC Car Series No. 645 SUBARU WRX STI NBR Challenge (TT-02 Chassis) On-Road 58645,1,"¥9,373 ",Amazon,,,,,,2026/5/16,売却,"₱7,228.00",shopee,ORDER0208,フィリピン,buyer_0089,買主サンプル0221,City0221,Region0221,Postal0221,Address line 1 sample 0221,Address line 2 sample 0221,
2026/5/18,20260512_mizushima_ph_04,,プラモデル,[Gundam Base Exclusive] MG 1/100 Gundam Epyon EW [Special Coating] Pink [Bandai Spirits],1,"¥11,000 ",Amazon,,,,,,2026/5/16,売却,"₱5,874.00",shopee,ORDER0209,フィリピン,buyer_0089,買主サンプル0222,City0222,Region0222,Postal0222,Address line 1 sample 0222,Address line 2 sample 0222,
2026/5/19,20260515_miyawaki_ph_01,,フィギュア,Ichiban Kuji WIND BREAKER Original 5th Anniversary Last One Prize: Sakura Umemiya Figure,1,"¥5,800 ",yahooフリマ,,,,,,2026/5/16,売却,"₱3,856.00",shopee,ORDER0210,フィリピン,buyer_0089,買主サンプル0223,City0223,Region0223,Postal0223,Address line 1 sample 0223,Address line 2 sample 0223,
2026/5/18,20260417_miyawaki_ph_04_8,,フィギュア,Ichiban Kuji Frieren: Beyond Journey's End Last One Prize: Frieren Art Scale Figure,1,"¥11,499 ",メルカリ,,,,,,2026/5/16,売却,"₱8,569.00",shopee,ORDER0211,フィリピン,buyer_0089,買主サンプル0224,City0224,Region0224,Postal0224,Address line 1 sample 0224,Address line 2 sample 0224,
2026/5/18,20260504_ishida_ph_02,,ホビー,[Bandai] JAPAN GODZILLA(2023) Mount Fuji,1,¥878 ,Amazon,,,,,,2026/5/16,売却,₱624.00,shopee,ORDER0212,フィリピン,buyer_0089,買主サンプル0225,City0225,Region0225,Postal0225,Address line 1 sample 0225,Address line 2 sample 0225,
2026/5/18,20260408_ishida_ph_04,,フィギュア,Good Smile Arts Shanghai Nura: Rise of the Yokai Clan Rikuo Nura [Night] Nendoroid Figure,1,"¥7,576 ",Amazon,,,,,,2026/5/16,売却,"₱2,869.00",shopee,ORDER0213,フィリピン,buyer_0089,買主サンプル0226,City0226,Region0226,Postal0226,Address line 1 sample 0226,Address line 2 sample 0226,
2026/5/18,20260422_ishida_ph_05_2,,ホビー,[BANDAI]GODZIBURST Godzilla(2016),1,¥710 ,Amazon,,,,,,2026/5/16,売却,₱512.00,shopee,ORDER0214,フィリピン,buyer_0089,買主サンプル0227,City0227,Region0227,Postal0227,Address line 1 sample 0227,Address line 2 sample 0227,
2026/5/18,20260415_miyawaki_ph_03_13,,フィギュア,Ichiban Kuji Frieren: Beyond Journey's End Frieren Prize A Figure,1,"¥6,200 ",yahooフリマ,,,,,,2026/5/17,売却,"₱4,732.00",shopee,ORDER0215,フィリピン,buyer_0089,買主サンプル0228,City0228,Region0228,Postal0228,Address line 1 sample 0228,Address line 2 sample 0228,
2026/5/18,20260420_mizushima_ph_07_2,,プラモデル,[Gundam Base/Event Exclusive] MG 1/100 Sazabi Ver.Ka Mechanical Clear Model Kit from Mobile Suit Gundam: Char's Counterattack (Bandai Spirits),1,"¥13,300 ",Amazon,,,,,,2026/5/17,売却,"₱7,689.00",shopee,ORDER0216,フィリピン,buyer_0089,買主サンプル0229,City0229,Region0229,Postal0229,Address line 1 sample 0229,Address line 2 sample 0229,
2026/5/19,20260512_miyawaki_ph_03,,フィギュア,Ichiban Kuji Kingdom The Future of Qin Prize B Mouten MASTERLIZE Figure,1,"¥4,099 ",メルカリ,,,,,,2026/5/17,売却,"₱2,948.00",shopee,ORDER0217,フィリピン,buyer_0089,買主サンプル0230,City0230,Region0230,Postal0230,Address line 1 sample 0230,Address line 2 sample 0230,
2026/5/18,20260511_mizushima_ph_04,,,[Gundam Base Limited Edition] RG 1/144 Hi-ν Gundam Mobile Suit Gundam Char's Counterattack [Titanium Finish] (Bandai Spirits),1,"¥13,760 ",Amazon,,,,,,2026/5/17,売却,"₱7,976.00",shopee,ORDER0218,フィリピン,buyer_0089,買主サンプル0231,City0231,Region0231,Postal0231,Address line 1 sample 0231,Address line 2 sample 0231,
,20260407_machida_ph_07_3,,フィギュア,S.H.Figuarts ONE PIECE Monkey D. Luffy -Dawn of Adventure- Approximately 145mm ABS&PVC painted movable figure [Direct From Japan],1,,,,,,,,2026/5/17,売却,"₱2,258.00",shopee,ORDER0219,フィリピン,buyer_0089,買主サンプル0232,City0232,Region0232,Postal0232,Address line 1 sample 0232,Address line 2 sample 0232,
,20260420_mizushima_ph_09_3,,,[Gundam Base / Event Exclusive] MG 1/100 Wing Gundam Zero EW [CROSS CONTRAST COLORS / CLEAR PURPLE] Plastic Model Kit (Bandai Spirits),1,仕入れ無,,,,,,,2026/5/17,売却,"₱6,211.00",shopee,ORDER0220,フィリピン,buyer_0089,買主サンプル0233,City0233,Region0233,Postal0233,Address line 1 sample 0233,Address line 2 sample 0233,
,20260318_machida_ph_03,,ラジコン,TAMIYA 1/10 Electric R/C Car Series No.570 Lancia Delta Integrale (TT-02 Chassis) Onroad 58570,1,,,,,,,,2026/5/17,売却,"₱5,792.00",shopee,ORDER0221,フィリピン,buyer_0089,買主サンプル0234,City0234,Region0234,Postal0234,Address line 1 sample 0234,Address line 2 sample 0234,
2026/5/18,20260430_machida_ph_04_3,,ホビー,[Direct From Japan] Barbie Basic You Create Kit 3 YOU CREATE BARBIE BASICS™ Neutral Kit 003 Signature BLACK Dress-up dolls & houses Pretend play Barbie dolls Ages 6+ JJX37,1,"¥9,900 ",Amazon,,,,,,2026/5/17,売却,"₱4,317.00",shopee,ORDER0222,フィリピン,buyer_0089,買主サンプル0235,City0235,Region0235,Postal0235,Address line 1 sample 0235,Address line 2 sample 0235,
2026/5/18,20260409_machida_ph_01_4,,ラジコン,[Direct From Japan] 1/12 Scale Electric RC Assembly Kit: Midnight Pumpkin Metallic Special 58365,1,"¥11,300 ",楽天市場（家電のSAKURA）,,,,,,2026/5/18,売却,"₱6,694.00",shopee,ORDER0223,フィリピン,buyer_0089,買主サンプル0236,City0236,Region0236,Postal0236,Address line 1 sample 0236,Address line 2 sample 0236,
,20260410_mizushima_ph_06,,,[Tamiya] 1/10 Electric RC Car Series No. 694 1/10 RC Toyota GR 86 TT-02 Chassis Electric Radio Control 58694,1,仕入れ無,,,,,,,2026/5/18,売却,"₱7,369.00",shopee,ORDER0224,フィリピン,buyer_0089,買主サンプル0237,City0237,Region0237,Postal0237,Address line 1 sample 0237,Address line 2 sample 0237,
2026/5/19,20260417_miyawaki_ph_04_9,,フィギュア,Ichiban Kuji Frieren: Beyond Journey's End Last One Prize: Frieren Art Scale Figure,1,"¥11,500 ",yahooフリマ,,,,,,2026/5/18,売却,"₱8,569.00",shopee,ORDER0225,フィリピン,buyer_0089,買主サンプル0238,City0238,Region0238,Postal0238,Address line 1 sample 0238,Address line 2 sample 0238,
2026/5/19,20260430_machida_ph_16,,ホビー,[Direct From Japan] Barbie Lunar New Year 2026 Signature BLACK Dress-up Doll & House Pretend Play Barbie Dolls Ages 6+ Red JJX83,1,"¥8,879 ",Amazon,,,,,,2026/5/18,売却,"₱3,733.00",shopee,ORDER0226,フィリピン,buyer_0089,買主サンプル0239,City0239,Region0239,Postal0239,Address line 1 sample 0239,Address line 2 sample 0239,
2026/5/19,20260430_machida_ph_14,,ホビー,[Direct From Japan] Barbie Birthday Wishes Latina Signature Dress-up Doll & House – Pretend Play – Barbie Doll – Ages 6+ – Pink – JJX78,1,"¥6,160 ",Amazon,,,,,,2026/5/18,売却,"₱2,773.00",shopee,ORDER0227,フィリピン,buyer_0089,買主サンプル0240,City0240,Region0240,Postal0240,Address line 1 sample 0240,Address line 2 sample 0240,
2026/5/19,20260323_machida_ph_01_3,,ラジコン,Tamiya 1/10 Electric RC Car Series No.662 Comical Grasshopper (WR-02CB Chassis) Off-Road 58662 【Direct from Japan】,1,"¥13,130 ",Amazon,,,,,,2026/5/18,売却,"₱7,816.00",shopee,ORDER0228,フィリピン,buyer_0089,買主サンプル0241,City0241,Region0241,Postal0241,Address line 1 sample 0241,Address line 2 sample 0241,
2026/5/19,20260318_machida_ph_02,,ラジコン,Tamiya 1/10 Electric RC Car Series No.719 BBX BB-01 Chassis 58719 [New] [Authentic] [Shipped from Japan],1,"¥29,733 ",Amazon,,,,,,2026/5/18,売却,"₱16,000.00",shopee,ORDER0229,フィリピン,buyer_0089,買主サンプル0242,City0242,Region0242,Postal0242,Address line 1 sample 0242,Address line 2 sample 0242,
2026/5/19,20260512_miyawaki_ph_02_2,,フィギュア,Ichiban Kuji Kingdom The Future of Qin Prize A Shin MASTERLIZE Figure,1,"¥4,600 ",メルカリ,,,,,,2026/5/19,売却,"₱3,260.00",shopee,ORDER0230,フィリピン,buyer_0089,買主サンプル0243,City0243,Region0243,Postal0243,Address line 1 sample 0243,Address line 2 sample 0243,
2026/5/19,20260512_miyawaki_ph_03_2,,フィギュア,Ichiban Kuji Kingdom The Future of Qin Prize B Mouten MASTERLIZE Figure,1,"¥4,500 ",メルカリ,,,,,,2026/5/19,売却,"₱2,948.00",shopee,ORDER0231,フィリピン,buyer_0089,買主サンプル0244,City0244,Region0244,Postal0244,Address line 1 sample 0244,Address line 2 sample 0244,
2026/5/19,20260224_machida_ph_07,,掛け時計,"Seiko Wall Clock, Analog Cuckoo Clock, Triple Selection Melody, Brown Metallic, 39x39x9.6cm, RE601B",1,"¥14,080 ",Amazon,,,,,,2026/5/19,売却,"₱7,629.00",shopee,ORDER0232,フィリピン,buyer_0089,買主サンプル0245,City0245,Region0245,Postal0245,Address line 1 sample 0245,Address line 2 sample 0245,
,20260429_mizushima_ph_13,,,[Casio] G-SHOCK Watch [Authentic Japanese Domestic Model] Tough Solar GX-56UBB-1JF Men's Black,1,仕入れ無,,,,,,,2026/5/19,売却,"₱9,800.00",shopee,ORDER0233,フィリピン,buyer_0089,買主サンプル0246,City0246,Region0246,Postal0246,Address line 1 sample 0246,Address line 2 sample 0246,
2026/5/20,20260430_machida_ph_04_4,,ホビー,[Direct From Japan] Barbie Basic You Create Kit 3 YOU CREATE BARBIE BASICS™ Neutral Kit 003 Signature BLACK Dress-up dolls & houses Pretend play Barbie dolls Ages 6+ JJX37,1,"¥9,900 ",Amazon,,,,,,2026/5/19,売却,"₱4,317.00",shopee,ORDER0234,フィリピン,buyer_0089,買主サンプル0247,City0247,Region0247,Postal0247,Address line 1 sample 0247,Address line 2 sample 0247,
2026/5/19,20260123_machida_ph_04_6,,ラジコン,Tamiya 1/10 Electric RC Car Series No.242 Wild Willy 2 Off-Road 58242,1,"¥13,904 ",yahooショッピング,,,,,,2026/5/19,売却,"₱7,234.00",shopee,ORDER0235,フィリピン,buyer_0089,買主サンプル0248,City0248,Region0248,Postal0248,Address line 1 sample 0248,Address line 2 sample 0248,
,20260318_machida_ph_04_2,,,Tamiya 1/10 Electric RC Car Series No.583 Egress (2013) Off-road 58583 [New] [Authentic] [Shipped from Japan],1,仕入れ無,,,,,,,2026/5/19,売却,"₱25,819.00",shopee,ORDER0236,フィリピン,buyer_0089,買主サンプル0249,City0249,Region0249,Postal0249,Address line 1 sample 0249,Address line 2 sample 0249,
2026/5/20,20260428_miyawaki_ph_01_6,,フィギュア,Ichiban Kuji Yu Yu Hakusho Dark Tournament vol.3 Kazuma Kuwabara MASTERLIZE Prize B Figure,1,"¥10,000 ",メルカリ,,,,,,2026/5/19,売却,"₱6,433.00",shopee,ORDER0237,フィリピン,buyer_0089,買主サンプル0250,City0250,Region0250,Postal0250,Address line 1 sample 0250,Address line 2 sample 0250,
2026/5/20,20260410_miyawaki_ph_01_13,,フィギュア,Ichiban Kuji Yu Yu Hakusho Dark Tournament Vol. 3 Last One Prize: Youko Kurama MASTERLIZE Figure,1,"¥7,222 ",メルカリ,,,,,,2026/5/19,売却,"₱4,988.00",shopee,ORDER0238,フィリピン,buyer_0089,買主サンプル0251,City0251,Region0251,Postal0251,Address line 1 sample 0251,Address line 2 sample 0251,
2026/5/20,20260417_miyawaki_ph_04_10,,フィギュア,Ichiban Kuji Frieren: Beyond Journey's End Last One Prize: Frieren Art Scale Figure,1,"¥11,200 ",yahooフリマ,,,,,,2026/5/19,売却,"₱8,673.00",shopee,ORDER0239,フィリピン,buyer_0089,買主サンプル0252,City0252,Region0252,Postal0252,Address line 1 sample 0252,Address line 2 sample 0252,
,20260430_machida_ph_14_2,,,[Direct From Japan] Barbie Birthday Wishes Latina Signature Dress-up Doll & House – Pretend Play – Barbie Doll – Ages 6+ – Pink – JJX78,1,仕入れ無,,,,,,,2026/5/20,売却,"₱2,773.00",shopee,ORDER0240,フィリピン,buyer_0089,買主サンプル0253,City0253,Region0253,Postal0253,Address line 1 sample 0253,Address line 2 sample 0253,
,20260422_ishida_ph_04_2,,,[BANDAI]GODZIBURST Godzilla(1991),1,,,,,,,,2026/5/20,売却,₱506.00,shopee,ORDER0241,フィリピン,buyer_0089,買主サンプル0254,City0254,Region0254,Postal0254,Address line 1 sample 0254,Address line 2 sample 0254,
2026/5/21,20260417_miyawaki_ph_04_11,,,Ichiban Kuji Frieren: Beyond Journey's End Last One Prize: Frieren Art Scale Figure,1,"¥11,999 ",メルカリ,,,,,,2026/5/20,売却,"₱8,673.00",shopee,ORDER0242,フィリピン,buyer_0089,買主サンプル0255,City0255,Region0255,Postal0255,Address line 1 sample 0255,Address line 2 sample 0255,
,20260420_mizushima_ph_09_3,,,[Gundam Base / Event Exclusive] MG 1/100 Wing Gundam Zero EW [CROSS CONTRAST COLORS / CLEAR PURPLE] Plastic Model Kit (Bandai Spirits),1,,,,,,,,2026/5/20,売却,"₱6,211.00",shopee,ORDER0243,フィリピン,buyer_0089,買主サンプル0256,City0256,Region0256,Postal0256,Address line 1 sample 0256,Address line 2 sample 0256,
2026/5/21,20260312_machida_ph_02_2,,,RG 1/144 Blast Impulse Gundam SpecII,1,"¥7,920 ",Amazon,,,,,,2026/5/20,売却,"₱4,090.00",shopee,ORDER0244,フィリピン,buyer_0089,買主サンプル0257,City0257,Region0257,Postal0257,Address line 1 sample 0257,Address line 2 sample 0257,
2026/5/21,20260515_ishida_ph_03,,,[JBL] CHARGE Essential 2 Wireless Speaker Bluetooth Portable Power Bank Function Passive Radiator IPX7 Waterproof 40W Bass JBLCHARGEES2,1,"¥11,500 ",Amazon,,,,,,2026/5/21,売却,"₱9,495.00",shopee,ORDER0245,フィリピン,buyer_0089,買主サンプル0258,City0258,Region0258,Postal0258,Address line 1 sample 0258,Address line 2 sample 0258,
,20260402_miyawaki_ph_01_6,,,Ichiban Kuji Yu Yu Hakusho Dark Tournament vol.3 Hiei MASTERLIZE Prize C Figure,1,仕入れ無,,,,,,,2026/5/21,売却,"₱2,480.00",shopee,ORDER0246,フィリピン,buyer_0089,買主サンプル0259,City0259,Region0259,Postal0259,Address line 1 sample 0259,Address line 2 sample 0259,
2026/5/21,20260512_miyawaki_ph_02_3,,,Ichiban Kuji Kingdom The Future of Qin Prize A Shin MASTERLIZE Figure,1,"¥4,600 ",メルカリ,,,,,,2026/5/21,売却,"₱3,627.00",shopee,ORDER0247,フィリピン,buyer_0089,買主サンプル0260,City0260,Region0260,Postal0260,Address line 1 sample 0260,Address line 2 sample 0260,
,,,,,1,,,,,,,,,売却,,shopee,,,buyer_0089,買主サンプル0261,City0261,Region0261,Postal0261,Address line 1 sample 0261,Address line 2 sample 0261,
,,,,,1,,,,,,,,,売却,,shopee,,,buyer_0089,買主サンプル0262,City0262,Region0262,Postal0262,Address line 1 sample 0262,Address line 2 sample 0262,
,,,,,1,,,,,,,,,売却,,shopee,,,buyer_0089,買主サンプル0263,City0263,Region0263,Postal0263,Address line 1 sample 0263,Address line 2 sample 0263,
,,,,,1,,,,,,,,,売却,,shopee,,,buyer_0089,買主サンプル0264,City0264,Region0264,Postal0264,Address line 1 sample 0264,Address line 2 sample 0264,
,,,,,1,,,,,,,,,売却,,shopee,,,buyer_0089,買主サンプル0265,City0265,Region0265,Postal0265,Address line 1 sample 0265,Address line 2 sample 0265,
,,,,,1,,,,,,,,,売却,,shopee,,,buyer_0089,買主サンプル0266,City0266,Region0266,Postal0266,Address line 1 sample 0266,Address line 2 sample 0266,
,,,,,1,,,,,,,,,売却,,shopee,,,buyer_0089,買主サンプル0267,City0267,Region0267,Postal0267,Address line 1 sample 0267,Address line 2 sample 0267,
,,,,,1,,,,,,,,,売却,,shopee,,,buyer_0089,買主サンプル0268,City0268,Region0268,Postal0268,Address line 1 sample 0268,Address line 2 sample 0268,
,,,,,1,,,,,,,,,売却,,shopee,,,buyer_0089,買主サンプル0269,City0269,Region0269,Postal0269,Address line 1 sample 0269,Address line 2 sample 0269,
,,,,,1,,,,,,,,,売却,,shopee,,,buyer_0089,買主サンプル0270,City0270,Region0270,Postal0270,Address line 1 sample 0270,Address line 2 sample 0270,
,,,,,1,,,,,,,,,売却,,shopee,,,buyer_0089,買主サンプル0271,City0271,Region0271,Postal0271,Address line 1 sample 0271,Address line 2 sample 0271,
,,,,,1,,,,,,,,,売却,,shopee,,,buyer_0089,買主サンプル0272,City0272,Region0272,Postal0272,Address line 1 sample 0272,Address line 2 sample 0272,
,,,,,1,,,,,,,,,売却,,shopee,,,buyer_0089,買主サンプル0273,City0273,Region0273,Postal0273,Address line 1 sample 0273,Address line 2 sample 0273,
,,,,,1,,,,,,,,,売却,,shopee,,,buyer_0089,買主サンプル0274,City0274,Region0274,Postal0274,Address line 1 sample 0274,Address line 2 sample 0274,
,,,,,1,,,,,,,,,売却,,shopee,,,buyer_0089,買主サンプル0275,City0275,Region0275,Postal0275,Address line 1 sample 0275,Address line 2 sample 0275,
,,,,,1,,,,,,,,,売却,,shopee,,,buyer_0089,買主サンプル0276,City0276,Region0276,Postal0276,Address line 1 sample 0276,Address line 2 sample 0276,
,,,,,1,,,,,,,,,売却,,shopee,,,buyer_0089,買主サンプル0277,City0277,Region0277,Postal0277,Address line 1 sample 0277,Address line 2 sample 0277,
,,,,,1,,,,,,,,,売却,,shopee,,,buyer_0089,買主サンプル0278,City0278,Region0278,Postal0278,Address line 1 sample 0278,Address line 2 sample 0278,
,,,,,1,,,,,,,,,売却,,shopee,,,buyer_0089,買主サンプル0279,City0279,Region0279,Postal0279,Address line 1 sample 0279,Address line 2 sample 0279,
,,,,,1,,,,,,,,,売却,,shopee,,,buyer_0089,買主サンプル0280,City0280,Region0280,Postal0280,Address line 1 sample 0280,Address line 2 sample 0280,
,,,,,1,,,,,,,,,売却,,shopee,,,buyer_0089,買主サンプル0281,City0281,Region0281,Postal0281,Address line 1 sample 0281,Address line 2 sample 0281,
,,,,,1,,,,,,,,,売却,,shopee,,,buyer_0089,買主サンプル0282,City0282,Region0282,Postal0282,Address line 1 sample 0282,Address line 2 sample 0282,
,,,,,1,,,,,,,,,売却,,shopee,,,buyer_0089,買主サンプル0283,City0283,Region0283,Postal0283,Address line 1 sample 0283,Address line 2 sample 0283,
,,,,,1,,,,,,,,,売却,,shopee,,,buyer_0089,買主サンプル0284,City0284,Region0284,Postal0284,Address line 1 sample 0284,Address line 2 sample 0284,
,,,,,1,,,,,,,,,売却,,shopee,,,buyer_0089,買主サンプル0285,City0285,Region0285,Postal0285,Address line 1 sample 0285,Address line 2 sample 0285,
,,,,,1,,,,,,,,,売却,,shopee,,,buyer_0089,買主サンプル0286,City0286,Region0286,Postal0286,Address line 1 sample 0286,Address line 2 sample 0286,
,,,,,1,,,,,,,,,売却,,shopee,,,buyer_0089,買主サンプル0287,City0287,Region0287,Postal0287,Address line 1 sample 0287,Address line 2 sample 0287,
,,,,,1,,,,,,,,,売却,,shopee,,,buyer_0089,買主サンプル0288,City0288,Region0288,Postal0288,Address line 1 sample 0288,Address line 2 sample 0288,
,,,,,1,,,,,,,,,売却,,shopee,,,buyer_0089,買主サンプル0289,City0289,Region0289,Postal0289,Address line 1 sample 0289,Address line 2 sample 0289,
,,,,,1,,,,,,,,,売却,,shopee,,,buyer_0089,買主サンプル0290,City0290,Region0290,Postal0290,Address line 1 sample 0290,Address line 2 sample 0290,
,,,,,1,,,,,,,,,売却,,shopee,,,buyer_0089,買主サンプル0291,City0291,Region0291,Postal0291,Address line 1 sample 0291,Address line 2 sample 0291,
,,,,,1,,,,,,,,,売却,,shopee,,,buyer_0089,買主サンプル0292,City0292,Region0292,Postal0292,Address line 1 sample 0292,Address line 2 sample 0292,
,,,,,1,,,,,,,,,売却,,shopee,,,buyer_0089,買主サンプル0293,City0293,Region0293,Postal0293,Address line 1 sample 0293,Address line 2 sample 0293,
,,,,,1,,,,,,,,,売却,,shopee,,,buyer_0089,買主サンプル0294,City0294,Region0294,Postal0294,Address line 1 sample 0294,Address line 2 sample 0294,
,,,,,,,,,,,,,,,,,,,,,,,,,,
,,,,,,,,,,,,,,,,,,,,,,,,,,
,,,,,,,,,,,,,,,,,,,,,,,,,,
,,,,,,,,,,,,,,,,,,,,,,,,,,
,,,,,,,,,,,,,,,,,,,,,,,,,,
,,,,,,,,,,,,,,,,,,,,,,,,,,
,,,,,,,,,,,,,,,,,,,,,,,,,,
,,,,,,,,,,,,,,,,,,,,,,,,,,
,,,,,,,,,,,,,,,,,,,,,,,,,,
,,,,,,,,,,,,,,,,,,,,,,,,,,
,,,,,,,,,,,,,,,,,,,,,,,,,,
,,,,,,,,,,,,,,,,,,,,,,,,,,
,,,,,,,,,,,,,,,,,,,,,,,,,,
,,,,,,,,,,,,,,,,,,,,,,,,,,
,,,,,,,,,,,,,,,,,,,,,,,,,,
,,,,,,,,,,,,,,,,,,,,,,,,,,
,,,,,,,,,,,,,,,,,,,,,,,,,,
,,,,,,,,,,,,,,,,,,,,,,,,,,
,,,,,,,,,,,,,,,,,,,,,,,,,,
,,,,,,,,,,,,,,,,,,,,,,,,,,
,,,,,,,,,,,,,,,,,,,,,,,,,,
,,,,,,,,,,,,,,,,,,,,,,,,,,
,,,,,,,,,,,,,,,,,,,,,,,,,,
,,,,,,,,,,,,,,,,,,,,,,,,,,
,,,,,,,,,,,,,,,,,,,,,,,,,,
,,,,,,,,,,,,,,,,,,,,,,,,,,
,,,,,,,,,,,,,,,,,,,,,,,,,,
,,,,,,,,,,,,,,,,,,,,,,,,,,
,,,,,,,,,,,,,,,,,,,,,,,,,,
,,,,,,,,,,,,,,,,,,,,,,,,,,
,,,,,,,,,,,,,,,,,,,,,,,,,,
,,,,,,,,,,,,,,,,,,,,,,,,,,
,,,,,,,,,,,,,,,,,,,,,,,,,,
,,,,,,,,,,,,,,,,,,,,,,,,,,
,,,,,,,,,,,,,,,,,,,,,,,,,,
,,,,,,,,,,,,,,,,,,,,,,,,,,
,,,,,,,,,,,,,,,,,,,,,,,,,,
,,,,,,,,,,,,,,,,,,,,,,,,,,
,,,,,,,,,,,,,,,,,,,,,,,,,,
,,,,,,,,,,,,,,,,,,,,,,,,,,
,,,,,,,,,,,,,,,,,,,,,,,,,,
,,,,,,,,,,,,,,,,,,,,,,,,,,
,,,,,,,,,,,,,,,,,,,,,,,,,,
,,,,,,,,,,,,,,,,,,,,,,,,,,
,,,,,,,,,,,,,,,,,,,,,,,,,,
,,,,,,,,,,,,,,,,,,,,,,,,,,
,,,,,,,,,,,,,,,,,,,,,,,,,,
,,,,,,,,,,,,,,,,,,,,,,,,,,
,,,,,,,,,,,,,,,,,,,,,,,,,,
,,,,,,,,,,,,,,,,,,,,,,,,,,
,,,,,,,,,,,,,,,,,,,,,,,,,,
,,,,,,,,,,,,,,,,,,,,,,,,,,
,,,,,,,,,,,,,,,,,,,,,,,,,,
,,,,,,,,,,,,,,,,,,,,,,,,,,
,,,,,,,,,,,,,,,,,,,,,,,,,,
,,,,,,,,,,,,,,,,,,,,,,,,,,
,,,,,,,,,,,,,,,,,,,,,,,,,,
,,,,,,,,,,,,,,,,,,,,,,,,,,
,,,,,,,,,,,,,,,,,,,,,,,,,,
,,,,,,,,,,,,,,,,,,,,,,,,,,
,,,,,,,,,,,,,,,,,,,,,,,,,,
,,,,,,,,,,,,,,,,,,,,,,,,,,
,,,,,,,,,,,,,,,,,,,,,,,,,,
,,,,,,,,,,,,,,,,,,,,,,,,,,
,,,,,,,,,,,,,,,,,,,,,,,,,,
,,,,,,,,,,,,,,,,,,,,,,,,,,
,,,,,,,,,,,,,,,,,,,,,,,,,,
,,,,,,,,,,,,,,,,,,,,,,,,,,
,,,,,,,,,,,,,,,,,,,,,,,,,,
,,,,,,,,,,,,,,,,,,,,,,,,,,
,,,,,,,,,,,,,,,,,,,,,,,,,,
,,,,,,,,,,,,,,,,,,,,,,,,,,
,,,,,,,,,,,,,,,,,,,,,,,,,,
,,,,,,,,,,,,,,,,,,,,,,,,,,
,,,,,,,,,,,,,,,,,,,,,,,,,,
,,,,,,,,,,,,,,,,,,,,,,,,,,
,,,,,,,,,,,,,,,,,,,,,,,,,,
,,,,,,,,,,,,,,,,,,,,,,,,,,
,,,,,,,,,,,,,,,,,,,,,,,,,,
,,,,,,,,,,,,,,,,,,,,,,,,,,
,,,,,,,,,,,,,,,,,,,,,,,,,,
,,,,,,,,,,,,,,,,,,,,,,,,,,
,,,,,,,,,,,,,,,,,,,,,,,,,,
,,,,,,,,,,,,,,,,,,,,,,,,,,
,,,,,,,,,,,,,,,,,,,,,,,,,,
,,,,,,,,,,,,,,,,,,,,,,,,,,
,,,,,,,,,,,,,,,,,,,,,,,,,,
,,,,,,,,,,,,,,,,,,,,,,,,,,
,,,,,,,,,,,,,,,,,,,,,,,,,,
,,,,,,,,,,,,,,,,,,,,,,,,,,
,,,,,,,,,,,,,,,,,,,,,,,,,,
,,,,,,,,,,,,,,,,,,,,,,,,,,
,,,,,,,,,,,,,,,,,,,,,,,,,,
,,,,,,,,,,,,,,,,,,,,,,,,,,
,,,,,,,,,,,,,,,,,,,,,,,,,,
,,,,,,,,,,,,,,,,,,,,,,,,,,
,,,,,,,,,,,,,,,,,,,,,,,,,,
,,,,,,,,,,,,,,,,,,,,,,,,,,
,,,,,,,,,,,,,,,,,,,,,,,,,,
,,,,,,,,,,,,,,,,,,,,,,,,,,
,,,,,,,,,,,,,,,,,,,,,,,,,,
,,,,,,,,,,,,,,,,,,,,,,,,,,
,,,,,,,,,,,,,,,,,,,,,,,,,,
,,,,,,,,,,,,,,,,,,,,,,,,,,
,,,,,,,,,,,,,,,,,,,,,,,,,,
,,,,,,,,,,,,,,,,,,,,,,,,,,
,,,,,,,,,,,,,,,,,,,,,,,,,,
,,,,,,,,,,,,,,,,,,,,,,,,,,
,,,,,,,,,,,,,,,,,,,,,,,,,,
,,,,,,,,,,,,,,,,,,,,,,,,,,
,,,,,,,,,,,,,,,,,,,,,,,,,,
,,,,,,,,,,,,,,,,,,,,,,,,,,
,,,,,,,,,,,,,,,,,,,,,,,,,,
,,,,,,,,,,,,,,,,,,,,,,,,,,
,,,,,,,,,,,,,,,,,,,,,,,,,,
,,,,,,,,,,,,,,,,,,,,,,,,,,
,,,,,,,,,,,,,,,,,,,,,,,,,,
,,,,,,,,,,,,,,,,,,,,,,,,,,
,,,,,,,,,,,,,,,,,,,,,,,,,,
,,,,,,,,,,,,,,,,,,,,,,,,,,
,,,,,,,,,,,,,,,,,,,,,,,,,,
,,,,,,,,,,,,,,,,,,,,,,,,,,
,,,,,,,,,,,,,,,,,,,,,,,,,,
,,,,,,,,,,,,,,,,,,,,,,,,,,
,,,,,,,,,,,,,,,,,,,,,,,,,,
,,,,,,,,,,,,,,,,,,,,,,,,,,
,,,,,,,,,,,,,,,,,,,,,,,,,,
,,,,,,,,,,,,,,,,,,,,,,,,,,
,,,,,,,,,,,,,,,,,,,,,,,,,,
,,,,,,,,,,,,,,,,,ORDER0248,#REF!,,,,,,,,
,,,,,,,,,,,,,,,,,ORDER0248,#REF!,,,,,,,,
,,,,,,,,,,,,,,,,,ORDER0248,#REF!,,,,,,,,
,,,,,,,,,,,,,,,,,ORDER0248,#REF!,,,,,,,,
,,,,,,,,,,,,,,,,,ORDER0248,#REF!,,,,,,,,
,,,,,,,,,,,,,,,,,ORDER0248,#REF!,,,,,,,,
,,,,,,,,,,,,,,,,,ORDER0248,#REF!,,,,,,,,
,,,,,,,,,,,,,,,,,ORDER0248,#REF!,,,,,,,,
,,,,,,,,,,,,,,,,,ORDER0248,#REF!,,,,,,,,
,,,,,,,,,,,,,,,,,ORDER0248,#REF!,,,,,,,,
,,,,,,,,,,,,,,,,,ORDER0248,#REF!,,,,,,,,
,,,,,,,,,,,,,,,,,ORDER0248,#REF!,,,,,,,,
,,,,,,,,,,,,,,,,,ORDER0248,#REF!,,,,,,,,
,,,,,,,,,,,,,,,,,ORDER0248,#REF!,,,,,,,,
,,,,,,,,,,,,,,,,,ORDER0248,#REF!,,,,,,,,
,,,,,,,,,,,,,,,,,ORDER0248,#REF!,,,,,,,,
,,,,,,,,,,,,,,,,,ORDER0248,#REF!,,,,,,,,
,,,,,,,,,,,,,,,,,ORDER0248,#REF!,,,,,,,,
,,,,,,,,,,,,,,,,,ORDER0248,,,,,,,,,
,,,,,,,,,,,,,,,,,ORDER0248,,,,,,,,,
,,,,,,,,,,,,,,,,,ORDER0248,,,,,,,,,
,,,,,,,,,,,,,,,,,ORDER0248,,,,,,,,,
,,,,,,,,,,,,,,,,,ORDER0248,,,,,,,,,
,,,,,,,,,,,,,,,,,ORDER0248,,,,,,,,,
,,,,,,,,,,,,,,,,,ORDER0248,,,,,,,,,
,,,,,,,,,,,,,,,,,ORDER0248,,,,,,,,,
,,,,,,,,,,,,,,,,,ORDER0248,,,,,,,,,
,,,,,,,,,,,,,,,,,ORDER0248,,,,,,,,,
,,,,,,,,,,,,,,,,,ORDER0248,,,,,,,,,
,,,,,,,,,,,,,,,,,ORDER0248,,,,,,,,,
,,,,,,,,,,,,,,,,,ORDER0248,,,,,,,,,
,,,,,,,,,,,,,,,,,ORDER0248,,,,,,,,,
,,,,,,,,,,,,,,,,,ORDER0248,,,,,,,,,
,,,,,,,,,,,,,,,,,ORDER0248,,,,,,,,,
,,,,,,,,,,,,,,,,,ORDER0248,,,,,,,,,
,,,,,,,,,,,,,,,,,ORDER0248,,,,,,,,,
,,,,,,,,,,,,,,,,,ORDER0248,,,,,,,,,
,,,,,,,,,,,,,,,,,ORDER0248,,,,,,,,,
,,,,,,,,,,,,,,,,,ORDER0248,,,,,,,,,
,,,,,,,,,,,,,,,,,ORDER0248,,,,,,,,,
,,,,,,,,,,,,,,,,,ORDER0248,,,,,,,,,
,,,,,,,,,,,,,,,,,ORDER0248,,,,,,,,,
,,,,,,,,,,,,,,,,,ORDER0248,,,,,,,,,
,,,,,,,,,,,,,,,,,ORDER0248,,,,,,,,,
,,,,,,,,,,,,,,,,,ORDER0248,,,,,,,,,
,,,,,,,,,,,,,,,,,ORDER0248,,,,,,,,,
,,,,,,,,,,,,,,,,,ORDER0248,,,,,,,,,
,,,,,,,,,,,,,,,,,ORDER0248,,,,,,,,,
,,,,,,,,,,,,,,,,,ORDER0248,,,,,,,,,
,,,,,,,,,,,,,,,,,ORDER0248,,,,,,,,,
,,,,,,,,,,,,,,,,,ORDER0248,,,,,,,,,
,,,,,,,,,,,,,,,,,ORDER0248,,,,,,,,,
,,,,,,,,,,,,,,,,,ORDER0248,,,,,,,,,
,,,,,,,,,,,,,,,,,ORDER0248,,,,,,,,,
,,,,,,,,,,,,,,,,,ORDER0248,,,,,,,,,
,,,,,,,,,,,,,,,,,ORDER0248,,,,,,,,,
,,,,,,,,,,,,,,,,,ORDER0248,,,,,,,,,
,,,,,,,,,,,,,,,,,ORDER0248,,,,,,,,,
,,,,,,,,,,,,,,,,,ORDER0248,,,,,,,,,
,,,,,,,,,,,,,,,,,ORDER0248,,,,,,,,,
,,,,,,,,,,,,,,,,,ORDER0248,,,,,,,,,
,,,,,,,,,,,,,,,,,ORDER0248,,,,,,,,,
,,,,,,,,,,,,,,,,,ORDER0248,,,,,,,,,
,,,,,,,,,,,,,,,,,ORDER0248,,,,,,,,,
,,,,,,,,,,,,,,,,,ORDER0248,,,,,,,,,
,,,,,,,,,,,,,,,,,ORDER0248,,,,,,,,,
,,,,,,,,,,,,,,,,,ORDER0248,,,,,,,,,
,,,,,,,,,,,,,,,,,ORDER0248,,,,,,,,,
,,,,,,,,,,,,,,,,,ORDER0248,,,,,,,,,
,,,,,,,,,,,,,,,,,ORDER0248,,,,,,,,,
,,,,,,,,,,,,,,,,,ORDER0248,,,,,,,,,
,,,,,,,,,,,,,,,,,ORDER0248,,,,,,,,,
,,,,,,,,,,,,,,,,,ORDER0248,,,,,,,,,
,,,,,,,,,,,,,,,,,ORDER0248,,,,,,,,,
,,,,,,,,,,,,,,,,,ORDER0248,,,,,,,,,
,,,,,,,,,,,,,,,,,ORDER0248,,,,,,,,,
,,,,,,,,,,,,,,,,,ORDER0248,,,,,,,,,
,,,,,,,,,,,,,,,,,ORDER0248,,,,,,,,,
