,,,,,,,,,,,,,,
,,,,,,,,,,,,,,
,,,,,,,,,,,,,,
自動,,,,,手動,自動,手動,手動,手動,手動,手動,自動,shopee,自動
SKU,Order no.,仕入れ日,仕入れ先,仕入れ金額（送料込）,品目,商品名,付属品,状態,備考,写真,出品日,販売日,販売先,販売金額
20260106_koyanagi_03,2601274C4J8NX1,2026/1/27,トレファク,"¥6,550 ",プラモデル,BANDAI Mobile Suit Gundam MG Gundam Exia Recirculation Color Neon Purple 1/100,,新品,,Amazon Photos,2026/01/06,2026/1/27,shopee,SGD72.11
20260105_koyanagi_02,260131G2HFQM0Y,2026/2/2,yahooフリマ,"¥7,500 ",フィギュア,"BANPRESTO Shun Mizushino Sung Jin-Woo ""Solo Leveling"" ESPRESTO -Excite Motions-vol.1 Figure",,新品,,Amazon Photos,2026/01/05,2026/1/31,shopee,SGD63.01
20260223_machida_15,260227T08W5YG2,2026/3/2,Amazon,"¥3,850 ",ぬいぐるみ,MORIPiLO Sanrio Hugging Pillow (Cinnamoroll Sleepy Pillow) M Approximately 45cm,,新品,,Amazon Photos,2026/02/23,2026/2/27,shopee,SGD50.03
20260213_koyanagi_09,2603023JAGBR08,有在庫,,¥0 ,ゲームソフト,Nintendo Gameboy Advance Pokémon Ruby Japanese No Package,,,,Amazon Photos,2026/02/13,2026/3/2,shopee,SGD8.09
20260212_machida_18,2603023JAGBR08,有在庫,,¥0 ,,Nintendo DS software “GAME & WATCH COLLECTION” Japanese No Package,,,,Amazon Photos,2026/02/12,2026/3/2,shopee,SGD8.1
20260116_miyawaki_03,2603034XVYYYSK,2026/3/9,トレファク,"¥6,300 ",フィギュア,Ichiban Kuji JoJo's Bizarre Adventure Stardust Crusaders DIO MASTERLISE Prize C Anime Figure,,新品,,Amazon Photos,2026/01/16,2026/3/3,shopee,"₱3,361.00"
20260302_ishida_02,260304861KD5C7,2026/3/4,Amazon,"¥7,700 ",フィギュア,S.H.Figuarts Funeral of Freiren Freiren (Resale Version) Approximately 140mm PVC & ABS Painted Movable Figure TAMASHII NATIONS,,新品,,Amazon Photos,2026/03/02,2026/3/4,shopee,"₱3,747.00"
20260219_machida_01,260305C5P0E9RJ,2026/3/6,SOUND HOUSE,"¥13,800 ",楽器,training pad 12 inches with stand TS12S,,新品,,Amazon Photos,2026/02/19,2026/3/5,shopee,SDG194.18
20260123_machida_04,260309N6YK6BVR,2026/3/9,Amazon,"¥11,180 ",ラジコン,Tamiya 1/10 Electric RC Car Series No.242 Wild Willy 2 Off-Road 58242,,新品,,Amazon Photos,2026/01/23,2026/3/9,shopee,"₱6,284.00"
20260210_sugahara_02,260309NQEJ1EFC,有在庫,,¥0 ,ゲームソフト,Pokémon: Pearl Version Nintendo DS Video Games Japanese No Package,,中古,,Amazon Photos,2026/02/10,2026/3/9,shopee,SGD8.03
20260303_machida_01,260310RAA76HSC,,,仕入れ無,,"With shrink wrap Pokémon Card Game Scarlet & Violet Expansion Pack ""Pokémon Card 151""",,,,Amazon Photos,2026/03/03,2026/3/10,shopee,"₱6,948.00"
20260312_machida_ph_04,260323T5NFWERM,,,仕入れ無,フィギュア,MG 1/100 Gundam Base Limited Prize RX-78-2 Gundam Ver.3.0 [Gold Coating] Mobile Suit Gundam,,新品,,Amazon Photos,2026/01/19,2026/3/23,shopee,"₱3,064.00"
20260119_miyawaki_07,26031311HKC8EA,2026/3/13,メルカリ,"¥5,888 ",フィギュア,Ichiban Kuji YuYu Hakusho Dark Tournament vol.2 Karasu MASTERLISE Prize B Anime Figure,,新品,,Amazon Photos,2026/03/09,2026/3/13,shopee,"₱3,598.00"
20260309_sugahara_01,2603169VG6MH00,2026/3/16,Amazon,"¥7,186 ",ラジコン,Nendoroid 2793 Von Lycaon Zenless Zone Zero ZZZ Figure Good Smile Arts Shanghai,,新品,,Amazon Photos,2026/01/23,2026/3/16,shopee,"₱3,948.00"
20260123_machida_04,260317BPCP3GP7,2026/3/17,Joshin,"¥10,569 ",フィギュア,Tamiya 1/10 Electric RC Car Series No.242 Wild Willy 2 Off-Road 58242,,新品,,Amazon Photos,2026/01/15,2026/3/17,shopee,"₱6,284.00"
20260115_miyawaki_sg_02,260320KK6VDGTN,2026/3/20,yahooフリマ,"¥4,999 ",プラモデル,Ichiban Kuji Final Fantasy VII (FF7) Rebirth Cloud Strife Prize A Anime Game Figure,,新品,,Amazon Photos,2026/03/06,2026/3/20,shopee,SDG94.70
20260306_machida_ph_06,260323T8G8S3AA,2026/3/23,楽天市場（メディアワールド）,"¥6,222 ",プラモデル,Gundam Base Limited Sengoku Astray Gundam,,新品,,Amazon Photos,2026/03/20,2026/3/23,shopee,"₱4,950.00"
20260320_machida_ph_01,260323U9K9MP6B,2026/3/23,Amazon,"¥10,611 ",フィギュア,TAMIYA 1/12 Electric RC Car Series No. 547 Midnight Pumpkin Black Edition 58547,,新品,,Amazon Photos,2026/03/04,2026/3/23,shopee,"₱5,412.00"
20260304_miyawaki_ph_01,260324VMC4V3GW,2026/3/24,らしんばん,"¥5,150 ",ラジコン,Ichiban Kuji JoJo's Bizarre Adventure Stardust Crusaders Jotaro Kujoh MASTERLISE Prize A Anime Figure,,新品,,Amazon Photos,2026/01/23,2026/3/24,shopee,"₱3,016.00"
20260123_machida_ph_04_3,2603240SGH1582,2026/3/24,楽天市場（LifeStage Nana!）,"¥13,000 ",プラモデル,Tamiya 1/10 Electric RC Car Series No.242 Wild Willy 2 Off-Road 58242,,新品,,Amazon Photos,2026/03/12,2026/3/24,shopee,"₱6,547.00"
20260312_machida_ph_04,2603241XGT3N26,,,仕入れ無,ラジコン,MG 1/100 Gundam Base Limited Prize RX-78-2 Gundam Ver.3.0 [Gold Coating] Mobile Suit Gundam,,新品,,Amazon Photos,2026/03/25,2026/3/25,shopee,"₱3,064.00"
20260312_machida_ph_04,2603241XJEJAF3,,,仕入れ無,フィギュア,MG 1/100 Gundam Base Limited Prize RX-78-2 Gundam Ver.3.0 [Gold Coating] Mobile Suit Gundam,,新品,,Amazon Photos,2026/03/16,2026/3/25,shopee,"₱3,064.00"
20260325_machida_ph_01,26032543YJX906,2026/3/26,Amazon,"¥8,800 ",プラモデル,Tamiya 1/12 Electric RC Car Series No. 347 Lunch Box 2005 58347 - High-Performance Remote Control Car[Direct from Japan],,新品,,Amazon Photos,2026/03/16,2026/3/25,shopee,"₱5,205.00"
20260312_machida_ph_04,2603276YGWFB6C,,,仕入れ無,プラモデル,MG 1/100 Gundam Base Limited Prize RX-78-2 Gundam Ver.3.0 [Gold Coating] Mobile Suit Gundam,,新品,,Amazon Photos,2026/03/12,2026/3/27,shopee,"₱3,064.00"
20260316_miyawaki_ph_02,260330FRMDKXKY,2026/3/30,メルカリ,"¥2,850 ",ラジコン,Ichiban Kuji YuYu Hakusho Dark Tournament vol.3 Urameshi Yusuke MASTERLIZED Prize A Figure,,新品,,Amazon Photos,2026/03/25,2026/3/30,shopee,"₱2,733.00"
20260316_machida_ph_03,260330G026X4X1,2026/3/30,Amazon,"¥7,255 ",プラモデル,Bandai (Bandai) RG 1/144 GUNDAM SIDE-F Limited RX-93FF ν Gundam Mobile Suit Gundam Counterattack Char,,新品,,Amazon Photos,2026/02/26,2026/3/30,shopee,"₱3,987.00"
20260312_machida_ph_04,260330GCGKNUWQ,,,仕入れ無,, MG 1/100 Gundam Base Limited Prize RX-78-2 Gundam Ver.3.0 [Gold Coating] Mobile Suit Gundam,,,,Amazon Photos,2026/03/16,2026/3/30,shopee,"₱3,064.00"
20260312_machida_ph_04,260330GCHXJU83,2026/3/31,Amazon,"¥6,480 ",フィギュア,MG 1/100 Gundam Base Limited Prize RX-78-2 Gundam Ver.3.0 [Gold Coating] Mobile Suit Gundam,,新品,,Amazon Photos,2026/03/02,2026/3/30,shopee,"₱3,064.00"
20260325_machida_ph_01_2,260330GH0SJWWC,2026/3/31,Joshin,"¥7,920 ",フィギュア,Tamiya 1/12 Electric RC Car Series No. 347 Lunch Box 2005 58347 - High-Performance Remote Control Car[Direct from Japan],,新品,,Amazon Photos,2026/03/16,2026/3/30,shopee,"₱5,610.00"
20260316_ishida_ph_01,260330GQ0Q6CW0,,,仕入れ無,プラモデル,Nendoroid Character Vocal Series 03 Megurine Luka Megurine Luka 2.0 Non-Scale Plastic Painted Action Figure,,新品,,Amazon Photos,2026/02/26,2026/3/30,shopee,"₱2,991.00"
20260226_machida_ph_03,260331H4EMX4C2,2026/3/31,Amazon,"¥10,880 ",ラジコン,Authentic BANDAI SPIRITS RG 1/144 Unicorn Gundam Perfectibility Plastic Model Bandai,,新品,,Amazon Photos,2026/03/24,2026/3/31,shopee,"₱5,413.00"
20260316_miyawaki_ph_01,260331HDB9GAG9,,,仕入れ無,ラジコン,Ichiban Kuji Demon Slayer Doma Prize B Figur,,新品,,Amazon Photos,2026/03/18,2026/3/31,shopee,"₱4,820.00"
20260302_ishida_ph_02_2,260331J14TP6JR,2026/3/31,Amazon,"¥7,980 ",ラジコン,S.H.Figuarts Funeral of Freiren Freiren (Resale Version) Approximately 140mm PVC & ABS Painted Movable Figure TAMASHII NATIONS,,新品,,Amazon Photos,2026/03/06,2026/3/31,shopee,"₱3,923.00"
20260316_miyawaki_ph_01,260331JC12CG04,2026/3/31,メルカリ,"¥8,222 ",フィギュア,Ichiban Kuji Demon Slayer Doma Prize B Figure,,新品,,Amazon Photos,2026/03/02,2026/3/31,shopee,"₱4,720.00"
20260226_machida_ph_03_2,260401MDKP5QGC,2026/4/1,Amazon,"¥10,999 ",ラジコン,Authentic BANDAI SPIRITS RG 1/144 Unicorn Gundam Perfectibility Plastic Model Bandai,,新品,,Amazon Photos,2026/03/20,2026/4/1,shopee,"₱5,413.00"
20260324_machida_ph_04,260401NJM9S1AH,2026/4/2,Amazon,"¥15,642 ",ラジコン,Authentic Tamiya 1/10 Scale Electric RC Car Series No. 747 Mini Cooper Racing (MB-01 Chassis) Electric Radio Control 58747,,新品,,Amazon Photos,2026/03/20,2026/4/1,shopee,"₱9,236.00"
20260318_machida_ph_01,260401NK34RY47,2026/4/2,Joshin,"¥11,000 ",ラジコン,Tamiya 1/10 Electric RC Car Series No.571 Porsche 911 Carrera RSR (TT-02 Chassis) On-Road 58571 [New] [Authentic] [Shipped from Japan],,新品,,Amazon Photos,2026/03/18,2026/4/1,shopee,"₱6,441.00"
20260306_machida_ph_04,260401NKSGYVTM,2026/4/2,楽天市場（家電のSAKURA）,"¥29,000 ",ラジコン,Tamiya RC Special Product 1/10 Electric RC Car Super Astute 2018 Off-Road 47381,,新品,,Amazon Photos,2026/03/25,2026/4/1,shopee,"₱13,167.00"
20260302_ishida_ph_04,260403RQPVV3FD,2026/4/7,ヤマダ電機(柏テックランド現地購入),"¥7,480 ",フィギュア,TAMASHII NATIONS S.H.Figuarts NARUTO Shippuden Shikamaru Nara -The Brain That Sees Ahead-Approximately 145mm PVC & ABS,,新品,,Amazon Photos,2026/01/19,2026/4/3,shopee,"₱2,151.00"
20260320_machida_ph_07,2604052B23BH7X,2026/4/6,Joshin,"¥7,180 ",プラモデル,Authentic TAMIYA 1/10 Electric RC Car Series No.470 Holiday Buggy 2010 Off-Road 58470,,新品,,Amazon Photos,2026/03/12,2026/4/5,shopee,"₱4,825.00"
20260323_machida_ph_02,2604077R1A70UN,,,仕入れ無,フィギュア,Authentic Tamiya 1/14 Electric RC Car Series No.672 Monster Beetle Trail (GF-01TR Chassis) 58672,,新品,,Amazon Photos,2026/03/16,2026/4/7,shopee,"₱9,961.00"
20260320_machida_ph_04,2604077TYQFGV7,2026/4/8,yahooショッピング,"¥14,850 ",ラジコン,Authentic Tamiya 1/10 Electric RC Car Series No.739 1998 Honda NSX Racing (TT-02 Chassis) 58739,,新品,,Amazon Photos,2026/03/25,2026/4/7,shopee,"₱8,495.00"
20260318_machida_ph_01_2,260408840ENWE1,2026/4/8,Joshin,"¥11,000 ",ラジコン,Tamiya 1/10 Electric RC Car Series No.571 Porsche 911 Carrera RSR (TT-02 Chassis) On-Road 58571 [New] [Authentic] [Shipped from Japan],,新品,,Amazon Photos,2026/03/18,2026/4/8,shopee,"₱6,441.00"
20260325_machida_ph_01_3,2604088V6YP9SB,2026/4/8,楽天市場（Toy&ZAKKA mimiy）,"¥10,756 ",ラジコン,Tamiya 1/12 Electric RC Car Series No. 347 Lunch Box 2005 58347 - High-Performance Remote Control Car[Direct from Japan],,新品,,Amazon Photos,2026/03/25,2026/4/8,shopee,"₱5,610.00"
20260119_miyawaki_ph_07_2,260408921Y2RAH,2026/4/8,らしんばん,"¥6,690 ",フィギュア,Ichiban Kuji YuYu Hakusho Dark Tournament vol.2 Karasu MASTERLISE Prize B Anime Figure,,新品,,Amazon Photos,2026/01/19,2026/4/8,shopee,"₱4,228.00"
20260312_machida_ph_02,260409CG281WD2,2026/4/10,メルカリ,"¥6,380 ",プラモデル,RG 1/144 Blast Impulse Gundam SpecII,,新品,,Amazon Photos,2026/03/12,2026/4/9,shopee,"₱3,818.00"
20260316_ishida_ph_01,260409CMPGHQ7A,2026/4/10,Amazon,"¥5,800 ",フィギュア,Nendoroid Character Vocal Series 03 Megurine Luka Megurine Luka 2.0 Non-Scale Plastic Painted Action Figure,,新品,,Amazon Photos,2026/03/16,2026/4/9,shopee,"₱3,007.00"
20260325_machida_ph_01_4,260409D1BWB6VV,2026/4/10,Joshin,"¥8,800 ",ラジコン,Tamiya 1/12 Electric RC Car Series No. 347 Lunch Box 2005 58347 - High-Performance Remote Control Car[Direct from Japan],,新品,,Amazon Photos,2026/03/25,2026/4/10,shopee,"₱5,610.00"
20260325_machida_ph_01_5,260410EJ8N20FQ,2026/4/10,Amazon,"¥8,800 ",ラジコン,Tamiya 1/12 Electric RC Car Series No. 347 Lunch Box 2005 58347 - High-Performance Remote Control Car[Direct from Japan],,新品,,Amazon Photos,2026/03/25,2026/4/10,shopee,"₱5,610.00"
20260323_machida_ph_01,260411GF9BQ95D,2026/4/13,楽天市場（Toy&ZAKKA mimiy）,"¥13,547 ",ラジコン,Tamiya 1/10 Electric RC Car Series No.662 Comical Grasshopper (WR-02CB Chassis) Off-Road 58662 【Direct from Japan】,,新品,,Amazon Photos,2026/03/23,2026/4/11,shopee,"₱7,810.00"
20260318_machida_ph_03,260411GYVYDNY9,2026/4/13,Amazon,"¥9,800 ",,TAMIYA 1/10 Electric R/C Car Series No.570 Lancia Delta Integrale (TT-02 Chassis) Onroad 58570,,新品,,Amazon Photos,,2026/4/11,shopee,"₱5,792.00"
20260320_machida_ph_01_2,260411H0DGP0TD,,,仕入れ無,,TAMIYA 1/12 Electric RC Car Series No. 547 Midnight Pumpkin Black Edition 58547,,新品,,Amazon Photos,,2026/4/11,shopee,"₱6,549.00"
20260409_machida_ph_01,260411HMFJMCEX,2026/4/13,Joshin,"¥8,800 ",ラジコン,[Direct From Japan] 1/12 Scale Electric RC Assembly Kit: Midnight Pumpkin Metallic Special,,新品,,Amazon Photos,2026/04/09,2026/4/11,shopee,"₱5,638.00"
20260318_machida_ph_01_3,260411J0WJXVRG,2026/4/13,Amazon,"¥10,300 ",ラジコン,Tamiya 1/10 Electric RC Car Series No.571 Porsche 911 Carrera RSR (TT-02 Chassis) On-Road 58571 [New] [Authentic] [Shipped from Japan],,新品,,Amazon Photos,2026/03/18,2026/4/12,shopee,"₱6,441.00"
20260213_koyanagi_09,260412M1BUBG7P,2026/4/13,メルカリ,"¥1,898 ",,Nintendo Gameboy Advance Pokémon Ruby Japanese No Package,,中古,キャンセル,Amazon Photos,2026/02/13,2026/4/12,shopee,SGD21.97
20260318_machida_ph_01_4,260413NHXW45P1,2026/4/13,Amazon,"¥10,561 ",ラジコン,Tamiya 1/10 Electric RC Car Series No.571 Porsche 911 Carrera RSR (TT-02 Chassis) On-Road 58571 [New] [Authentic] [Shipped from Japan],,新品,,Amazon Photos,2026/03/18,2026/4/13,shopee,"₱6,441.00"
20260219_koyanagi_02,260414Q56321K7,2026/4/14,SOUND HOUSE,"¥12,980 ",電化製品,SONY Studio monitor headphones MDR-7506,,新品,,Amazon Photos,2026/02/19,2026/4/14,shopee,SGD153.62
 20260323_machida_ph_02,260415SQXRVU7D,2026/4/15,Joshin,"¥23,800 ",ラジコン,Authentic Tamiya 1/14 Electric RC Car Series No.672 Monster Beetle Trail (GF-01TR Chassis) 58672,,新品,,Amazon Photos,2026/03/23,2026/4/15,shopee,"₱9,961.00"
20260410_miyawaki_ph_01,260415TRAD1NAV,2026/4/16,yahooフリマ,"¥7,600 ",フィギュア,Ichiban Kuji Yu Yu Hakusho Dark Tournament Vol. 3 Last One Prize: Youko Kurama MASTERLIZED Figure,,新品,,Amazon Photos,2026/04/10,2026/4/15,shopee,"₱4,823.00"
20260415_miyawaki_ph_03 ,260415TSQ9AE0W,2026/4/15,yahooフリマ,"¥6,900 ",フィギュア,Ichiban Kuji Frieren: Beyond Journey's End Frieren Prize A Figure,,新品,,Amazon Photos,2026/04/15,2026/4/15,shopee,"₱4,306.00"
20260123_machida_ph_04_4,260415TT09B9XA,,,仕入れ無,,Tamiya 1/10 Electric RC Car Series No.242 Wild Willy 2 Off-Road 58242,,新品,,Amazon Photos,,2026/4/15,shopee,"₱7,234.00"
20260407_mizushima_ph_01,260415V3TPTBGN,2026/4/16,楽天市場（メディアワールド）,"¥9,123 ",プラモデル,BANDAI SPIRITS MG 1/100 Justice Gundam [CROSS CONTRAST COLORS / CLEAR GREEN] Gundam Base Event Limited Edition,,新品,,Amazon Photos,2026/04/07,2026/4/16,shopee,"₱5,415.00"
20260410_miyawaki_ph_01_2,2604171MTQ5J22,2026/4/17,yahooフリマ,"¥7,500 ",フィギュア,Ichiban Kuji Yu Yu Hakusho Dark Tournament Vol. 3 Last One Prize: Youko Kurama MASTERLIZED Figure,,新品,,Amazon Photos,2026/04/10,2026/4/17,shopee,"₱4,823.00"
20260410_miyawaki_ph_01_3,2604185A4WFU61,,,仕入れ無,,Ichiban Kuji Yu Yu Hakusho Dark Tournament Vol. 3 Last One Prize: Youko Kurama MASTERLIZED Figure,,新品,,Amazon Photos,,2026/4/20,shopee,"₱4,823.00"
20260409_machida_ph_01_2,2604197RQ772N8,2026/4/20,Joshin（A）,"¥8,800 ",ラジコン,[Direct From Japan] 1/12 Scale Electric RC Assembly Kit: Midnight Pumpkin Metallic Special,,新品,,Amazon Photos,2026/04/09,2026/4/19,shopee,"₱5,638.00"
20260415_miyawaki_ph_03_2,26041985CPVC1N,2026/4/20,メルカリ,"¥6,795 ",フィギュア,Ichiban Kuji Frieren: Beyond Journey's End Frieren Prize A Figure,,新品,,Amazon Photos,2026/04/15,2026/4/19,shopee,"₱4,559.00"
20260324_machida_ph_01,26041992DVFC55,2026/4/20,Joshin,"¥8,410 ",ラジコン,Authentic Tamiya Unisex 1/10 Electric RC Car Series No.628 Racing Fighter (DT-03 Chassis) Off-Road,,新品,,Amazon Photos,2026/03/24,2026/4/20,shopee,"₱5,761.00"
20260330_machida_ph_01,260420A1E9TSMU,2026/4/20,Amazon,"¥3,200 ",プラモデル,【Directly from Japan】 TAMIYA 1/35 Military Miniature Series No. 362 French Main Battle Tank Leclerc Series 2 Plastic Model 35362 (Tank),,新品,,Amazon Photos,2026/03/30,2026/4/20,shopee,"₱2,226.00"
20260409_machida_ph_01_3,260420A4EQ1PRR,2026/4/20,yahooショッピング,"¥11,000 ",ラジコン,[Direct From Japan] 1/12 Scale Electric RC Assembly Kit: Midnight Pumpkin Metallic Special,,新品,,Amazon Photos,2026/04/09,2026/4/20,shopee,"₱5,638.00"
20260316_machida_ph_03,260420A65967MV,2026/3/30,Amazon,"¥7,255 ",プラモデル,Bandai (Bandai) RG 1/144 GUNDAM SIDE-F Limited RX-93FF ν Gundam Mobile Suit Gundam Counterattack Char,,新品,,Amazon Photos,2026/03/16,2026/4/20,shopee,"₱4,085.00"
 20260413_machida_ph_01,260420AUDNJSB5,2026/4/21,Amazon,"¥10,979 ",ラジコン,[Direct From Japan] Tamiya 1/10 Electric RC Car Series No. 546 1/12 Lunchbox Black Edition 58546,,新品,,Amazon Photos,2026/04/13,2026/4/20,shopee,"₱6,656.00"
20260417_miyawaki_ph_04,260420BBMKWXP1,,,仕入れ無,,Ichiban Kuji Frieren: Beyond Journey's End Last One Prize: Frieren Art Scale Figure,,新品,,Amazon Photos,,2026/4/20,shopee,"₱8,569.00"
20260417_miyawaki_ph_04,260420BDMV1DF6,2026/4/21,yahooフリマ,"¥12,700 ",フィギュア,Ichiban Kuji Frieren: Beyond Journey's End Last One Prize: Frieren Art Scale Figure,,新品,,Amazon Photos,2026/04/17,2026/4/20,shopee,"₱8,569.00"
20260119_machida_ph_03,260421D9XXTW7F,2026/4/22,Amazon,"¥20,800 ",掛け時計,"Seiko Wall Clock – Musical Motion Clock, Radio-Controlled RE576A (Analog / Triple-Selection Melody / Rotating Ornaments / Ivory Marble",,新品,,Amazon Photos,2026/01/19,2026/4/21,shopee,"₱9,893.00"
20260123_machida_ph_02,260421D9XXTW7F,2026/4/22,Amazon,"¥22,000 ",掛け時計,Seiko Clock Wall Clock Quartz Clock Mechanical Clock Analog Triple Selection Melody Silver 443×405×97mm RE602S,,新品,,Amazon Photos,2026/01/23,2026/4/21,shopee,"₱11,350.00"
20260408_mizushima_ph_05,260421DCVQ349X,2026/4/22,楽天市場（サンネット商店）,"¥6,980 ",フィギュア,"MIC DiGiSM One and Only ""SLAM DUNK"" Takenori Akagi, approximately 170mm tall, non-scale, PVC + ABS painted finished figure.",,新品,,Amazon Photos,2026/04/08,2026/4/21,shopee,"₱3,442.00"
20260410_miyawaki_ph_01_3,260421DKC6JCAQ,2026/4/23,メルカリ,"¥7,400 ",フィギュア,Ichiban Kuji Yu Yu Hakusho Dark Tournament Vol. 3 Last One Prize: Youko Kurama MASTERLIZED Figure,,新品,,Amazon Photos,2026/04/10,2026/4/21,shopee,"₱4,823.00"
20260303_miyawaki_ph_02,260421DKUPFR4G,2026/4/24,らしんばん,"¥6,690 ",フィギュア,Ichiban Kuji JoJo's Bizarre Adventure -THE★JOJO WORLD Jolyne Cujoh Prize F Anime Figure,,新品,,Amazon Photos,2026/03/03,2026/4/21,shopee,"₱4,093.00"
 20260422_machida_ph_03,260422F86UHJPT,2026/4/22,yahooショッピング,"¥3,156 ",ラジコン,"[Direct From Japan] Wild Willy 2, WR-02 Dual Hunter and other A-parts, 10005713",,新品,,Amazon Photos,2026/04/22,2026/4/22,shopee,"₱2,466.00"
20260417_miyawaki_ph_04_2,260422FJ1YQV6S,2026/4/23,yahooフリマ,"¥13,300 ",フィギュア,Ichiban Kuji Frieren: Beyond Journey's End Last One Prize: Frieren Art Scale Figure,,新品,,Amazon Photos,2026/04/17,2026/4/22,shopee,"₱8,569.00"
20260219_machida_sg_06,260422G5BCYJD6,2026/4/23,ビックカメラ,"¥5,420 ",腕時計,Seiko Watch ALBA Ghibli Collaboration Model Kiki's Delivery Service,,新品,,Amazon Photos,2026/02/19,2026/4/22,shopee,SGD85.50
20260410_miyawaki_ph_01_4,260423J1N1F14B,2026/4/23,ラクマ,"¥7,030 ",フィギュア,Ichiban Kuji Yu Yu Hakusho Dark Tournament Vol. 3 Last One Prize: Youko Kurama MASTERLIZED Figure,,新品,,Amazon Photos,2026/04/10,2026/4/23,shopee,"₱4,823.00"
20260410_miyawaki_ph_01_5,260423JH85NP7A,2026/4/24,メルカリ,"¥7,611 ",フィギュア,Ichiban Kuji Yu Yu Hakusho Dark Tournament Vol. 3 Last One Prize: Youko Kurama MASTERLIZED Figure,,新品,,Amazon Photos,2026/04/10,2026/4/23,shopee,"₱4,823.00"
20260402_miyawaki_ph_01,260423JHB23QF1,2026/4/24,yahooフリマ,¥713 ,フィギュア,Ichiban Kuji Yu Yu Hakusho Dark Tournament vol.3 Hiei MASTERLIZED Prize C Figure,,新品,,Amazon Photos,2026/04/02,2026/4/23,shopee,"₱2,318.00"
20260417_miyawaki_ph_04_3,260423JPCH3VD9,2026/4/24,yahooフリマ,"¥13,400 ",フィギュア,Ichiban Kuji Frieren: Beyond Journey's End Last One Prize: Frieren Art Scale Figure,,新品,,Amazon Photos,2026/04/17,2026/4/23,shopee,"₱8,569.00"
20260123_machida_ph_04_4,260424M1FJJ92V,2026/4/24,Amazon,"¥11,000 ",ラジコン,Tamiya 1/10 Electric RC Car Series No.242 Wild Willy 2 Off-Road 58242,,新品,,Amazon Photos,2026/01/23,2026/4/24,shopee,"₱7,234.00"
20260417_miyawaki_ph_04_4,260424MCCJ0HH0,2026/4/24,yahooフリマ,"¥12,900 ",フィギュア,Ichiban Kuji Frieren: Beyond Journey's End Last One Prize: Frieren Art Scale Figure,,新品,,Amazon Photos,2026/04/17,2026/4/24,shopee,"₱8,569.00"
20260415_miyawaki_ph_03_4,260424MEM5PX3F,2026/4/24,yahooフリマ,"¥6,600 ",フィギュア,Ichiban Kuji Frieren: Beyond Journey's End Frieren Prize A Figure,,新品,,Amazon Photos,2026/04/15,2026/4/24,shopee,"₱4,559.00"
20260410_miyawaki_ph_01_6 ,260424MU4CK94B,2026/5/1,メルカリ,"¥7,599 ",フィギュア,Ichiban Kuji Yu Yu Hakusho Dark Tournament Vol. 3 Last One Prize: Youko Kurama MASTERLIZED Figure,,新品,,Amazon Photos,2026/04/10,2026/4/24,shopee,"₱4,823.00"
20260324_machida_ph_02,260425P3PCW09G,2026/4/27,Joshin,"¥7,980 ",ラジコン,Authentic Tamiya 1/10 Electric RC Car Series No.336 Hornet,,新品,,Amazon Photos,2026/03/24,2026/4/25,shopee,"₱5,100.00"
20260422_machida_ph_04,260425PVU07FU5,2026/4/27,Amazon,"¥2,705 ",模型,Takara Tomy (TAKARA TOMY) Tomica Premium NISSAN SPORTS CARS 3 MODELS Collection Die-cast cars Toys For ages 6 and over,,新品,,Amazon Photos,2026/04/22,2026/4/25,shopee,"₱1,896.00"
20260409_machida_ph_01_4,260425Q4AE3JT0,2026/4/27,Amazon,"¥8,800 ",ラジコン,[Direct From Japan] 1/12 Scale Electric RC Assembly Kit: Midnight Pumpkin Metallic Special,,新品,,Amazon Photos,2026/04/09,2026/4/25,shopee,"₱6,694.00"
20260408_machida_ph_06,260426SFC8KYCV,2026/4/27,Amazon,"¥10,667 ",フィギュア,"Kaiyodo Revoltech Amazing Yamaguchi Deadpool Ver. 2.5, approximately 170mm tall",,新品,,Amazon Photos,2026/04/08,2026/4/26,shopee,"₱5,673.00"
20260407_machida_ph_07,260426T9APRBJ6,,,仕入れ無,,S.H.Figuarts ONE PIECE Monkey D. Luffy -Dawn of Adventure- Approximately 145mm ABS&PVC painted movable figure [Direct From Japan],,新品,,Amazon Photos,,2026/4/26,shopee,"₱2,258.00"
20260415_miyawaki_ph_03_3,260427U35HE3WV,2026/4/27,メルカリ,"¥7,000 ",フィギュア,Ichiban Kuji Frieren: Beyond Journey's End Frieren Prize A Figure,,新品,,Amazon Photos,2026/04/15,2026/4/27,shopee,"₱4,593.00"
20260402_miyawaki_ph_01_2,260427U4VMU16J,2026/4/27,yahooフリマ,"¥3,000 ",フィギュア,Ichiban Kuji Yu Yu Hakusho Dark Tournament vol.3 Hiei MASTERLIZED Prize C Figure,,新品,,Amazon Photos,2026/04/02,2026/4/27,shopee,"₱2,318.00"
20260415_miyawaki_ph_03_5,260427VHYG10XJ,2026/4/29,yahooフリマ,"¥6,250 ",フィギュア,Ichiban Kuji Frieren: Beyond Journey's End Frieren Prize A Figure,,新品,,Amazon Photos,2026/04/15,2026/4/27,shopee,"₱4,593.00"
20260420_ishida_ph_06,2604280ECM7W63,2026/4/28,Amazon,"¥7,160 ",フィギュア,Nendoroid Blue Archive Ajitani Hifumi Non-scale Plastic Painted Movable Figure,,新品,,Amazon Photos,2026/04/20,2026/4/28,shopee,"₱2,736.00"
20260302_machida_ph_02,2604281PAC18R0,2026/4/29,Amazon,"¥4,773 ",フィギュア,Jurassic World Hammond Collection Stegosaurus Action Figure Dinosaur Toy,,新品,,Amazon Photos,2026/03/02,2026/4/28,shopee,"₱2,908.00"
20260318_machida_ph_01_4,2604281UNMUHVN,2026/4/29,Joshin（A）,"¥11,000 ",ラジコン,Tamiya 1/10 Electric RC Car Series No.571 Porsche 911 Carrera RSR (TT-02 Chassis) On-Road 58571 [New] [Authentic] [Shipped from Japan],,新品,,Amazon Photos,2026/03/18,2026/4/28,shopee,"₱6,441.00"
20260423_miyawaki_ph_01,2604281YMEPRDD,2026/4/29,yahooフリマ,"¥4,500 ",フィギュア,Ichiban Kuji WIND BREAKER Original 5th Anniversary A Prize: Sakura Haruka Figure,,新品,,Amazon Photos,2026/04/23,2026/4/28,shopee,"₱2,800.00"
20260422_mizushima_ph_02,26042825JTS270,2026/4/29,Amazon,"¥14,960 ",腕時計,[Casio] G-SHOCK Watch [Authentic Japanese Import] GA-100BEG-1AJF Men's Black,,新品,キャンセル,Amazon Photos,2026/04/22,2026/4/28,shopee,"₱7,853.00"
20260402_miyawaki_ph_01_3,26042825W5PS13,2026/4/29,メルカリショップ,"¥2,880 ",フィギュア,chiban Kuji Yu Yu Hakusho Dark Tournament vol.3 Hiei MASTERLIZE Prize C Figure,,新品,,Amazon Photos,2026/04/02,2026/4/28,shopee,"₱2,318.00"
20260428_miyawaki_ph_01,2604282A31K0J8,2026/4/29,メルカリ,"¥10,333 ",フィギュア,Ichiban Kuji Yu Yu Hakusho Dark Tournament vol.3 Kazuma Kuwabara MASTERLIZE Prize B Figure,,新品,,Amazon Photos,2026/04/28,2026/4/28,shopee,"₱6,433.00"
20260119_miyawaki_ph_07_3,2604282A404UG5,2026/4/30,メルカリ,"¥7,399 ",フィギュア,Ichiban Kuji Yu Yu Hakusho Dark Tournament vol.2 Karasu MASTERLISE Prize B Anime Figure,,新品,,Amazon Photos,2026/01/19,2026/4/28,shopee,"₱4,228.00"
20260422_ishida_ph_01,2604282DW2V5T4,,,仕入れ無,,[BANDAI]GODZIBURST Godzilla(1954),,新品,,Amazon Photos,,2026/4/28,shopee,₱502.00
20260410_miyawaki_ph_01_7,2604293F2XAVA7,2026/4/29,yahooフリマ,"¥7,200 ",フィギュア,Ichiban Kuji Yu Yu Hakusho Dark Tournament Vol. 3 Last One Prize: Youko Kurama MASTERLIZE Figure,,新品,,Amazon Photos,2026/04/10,2026/4/29,shopee,"₱4,823.00"
20260422_ishida_ph_05,2604293V8AA7CN,2026/4/29,Amazon,¥730 ,模型,[BANDAI]GODZIBURST Godzilla(2016),,新品,,Amazon Photos,2026/04/22,2026/4/29,shopee,₱512.00
20260422_ishida_ph_02,2604293V8AA7CN,,,¥691 ,模型,[BANDAI]GODZIBURST Godzilla(2004),,新品,,Amazon Photos,2026/04/22,2026/4/29,shopee,₱492.00
20260423_ishida_ph_05,2604293V8AA7CN,,,¥730 ,模型,[BANDAI]GODZIBURST Mechagodzilla (1993),,新品,,Amazon Photos,2026/04/23,2026/4/29,shopee,₱513.00
20260423_ishida_ph_02,2604293V8AA7CN,,,¥694 ,模型,[BANDAI]GODZIBURST Mechagodzilla (1974),,新品,,Amazon Photos,2026/04/23,2026/4/29,shopee,₱496.00
20260423_ishida_ph_03,2604293V8AA7CN,,,"¥1,527 ",模型,[BANDAI]GODZIBURST DX:King Ghidorah (1991),,新品,,Amazon Photos,2026/04/23,2026/4/29,shopee,₱915.00
20260422_ishida_ph_01,2604293V8AA7CN,,,¥710 ,模型,[BANDAI]GODZIBURST Godzilla(1954),,新品,,Amazon Photos,2026/04/22,2026/4/29,shopee,₱502.00
20260417_miyawaki_ph_02,26042949BNDTAQ,2026/4/30,メルカリショップ,"¥4,726 ",フィギュア,Ichiban Kuji Yu Yu Hakusho Dark Tournament Prize B Yusuke Urameshi MASTERLISE Figure,,新品,,Amazon Photos,2026/04/17,2026/4/29,shopee,"₱2,960.00"
20260323_machida_ph_01_2,2604294VDCQRMG,2026/4/30,Joshin,"¥13,130 ",ラジコン,Tamiya 1/10 Electric RC Car Series No.662 Comical Grasshopper (WR-02CB Chassis) Off-Road 58662 【Direct from Japan】,,新品,,Amazon Photos,2026/03/23,2026/4/29,shopee,"₱7,810.00"
20260401_ishida_ph_01,2604305TPN1334,2026/4/30,yahooショッピング,"¥6,710 ",フィギュア,[Good Smile Arts Shanghai] Nendoroid Rebirth 1999 X Non-scale Plastic Painted Movable Figure,,新品,,Amazon Photos,2026/04/01,2026/4/30,shopee,"₱3,980.00"
20260420_mizushima_ph_07,26043062SXWNV3,2026/4/30,メルカリ,"¥12,000 ",プラモデル,[Gundam Base / Event Exclusive] MG 1/100 Zaku II Ver.Ka Mechanical Clear Model Kit from Mobile Suit Gundam: Char's Counterattack (Bandai Spirits),,新品,,Amazon Photos,2026/04/20,2026/4/30,shopee,"₱7,146.00"
20260402_miyawaki_ph_01_4,260430652AGS63,2026/4/30,メルカリ,"¥3,500 ",フィギュア,Ichiban Kuji Yu Yu Hakusho Dark Tournament vol.3 Hiei MASTERLIZE Prize C Figure,,新品,,Amazon Photos,2026/04/02,2026/4/30,shopee,"₱2,318.00"
20260424_ishida_ph_03,260430691B098Y,2026/4/30,Amazon,"¥9,980 ",電化製品,[Direct From Japan]YAMAHA Portable Speaker WS-B1A(B): Bluetooth / Compact / IP67-rated dust and water resistance / Ideal for wet areas and outdoor use / Clear Voice / Black,,新品,,Amazon Photos,2026/04/24,2026/4/30,shopee,"₱6,126.00"
20260324_machida_ph_03,26043077JD9Q3P,2026/5/1,Joshin,"¥10,560 ",ラジコン,Authentic Tamiya 1/10 Electric RC Car Series No.599 RAYBRIG NSX CONCEPT-GT (TT-02 Chassis) On-Road,,新品,,Amazon Photos,2026/03/24,2026/4/30,shopee,"₱7,064.00"
20260410_miyawaki_ph_01_8,2604307A2697M9,2026/5/1,メルカリ,"¥7,500 ",フィギュア,Ichiban Kuji Yu Yu Hakusho Dark Tournament Vol. 3 Last One Prize: Youko Kurama MASTERLIZE Figure,,新品,,Amazon Photos,2026/04/10,2026/4/30,shopee,"₱4,823.00"
20260417_miyawaki_ph_04_5,2604307FJSR8BG,2026/5/1,メルカリ（着払）,"¥14,000 ",フィギュア,Ichiban Kuji Frieren: Beyond Journey's End Last One Prize: Frieren Art Scale Figure,,新品,,Amazon Photos,2026/04/17,2026/4/30,shopee,"₱8,569.00"
20260415_miyawaki_ph_03_6,2604307FJSR8BG,2026/5/1,yahooフリマ,"¥6,100 ",フィギュア,Ichiban Kuji Frieren: Beyond Journey's End Frieren Prize A Figure,,新品,,Amazon Photos,2026/04/15,2026/4/30,shopee,"₱4,593.00"
20260407_machida_ph_07,2604307HTFAJ46,2026/5/4,ヨドバシドットコム,"¥3,570 ",フィギュア,S.H.Figuarts ONE PIECE Monkey D. Luffy -Dawn of Adventure- Approximately 145mm ABS&PVC painted movable figure [Direct From Japan],,新品,,Amazon Photos,2026/04/07,2026/4/30,shopee,"₱2,258.00"
20260406_mizushima_ph_01,260501885C2FJU,2026/5/1,駿河屋,"¥8,100 ",プラモデル,BANDAI SPIRITS MG 1/100 Gundam Base Limited GM Sniper Custom (Mobile Suit Zeta Gundam Version),,新品,,Amazon Photos,2026/04/06,2026/5/1,shopee,"₱5,205.00"
20260410_mizushima_ph_11,26050188MS2JEY,2026/5/1,楽天市場（Joshin）,"¥53,900 ",ラジコン,[Tamiya] 1/10 Electric RC Car Series No. 489 4WD Racing Buggy Avante (2011) Electric Radio Control,,新品,,Amazon Photos,2026/04/10,2026/5/1,shopee,"₱28,028.00"
20260402_miyawaki_ph_01_5,2605018JC17S1A,2026/5/1,メルカリ,"¥3,100 ",フィギュア,Ichiban Kuji Yu Yu Hakusho Dark Tournament vol.3 Hiei MASTERLIZE Prize C Figure,,新品,,Amazon Photos,2026/04/02,2026/5/1,shopee,"₱2,383.00"
20260119_miyawaki_ph_07_4,2605018JT0GPRV,2026/5/1,メルカリ,"¥6,000 ",フィギュア,Ichiban Kuji Yu Yu Hakusho Dark Tournament vol.2 Karasu MASTERLISE Prize B Anime Figure,,新品,,Amazon Photos,2026/01/19,2026/5/1,shopee,"₱4,228.00"
20260417_sugahara_ph_01,2605018N91NXNR,2026/5/1,Joshin,"¥8,980 ",,Tamiya Star Unit Comical Wheelie Series No. 9 RC Lunchbox Mini (SW-01 Chassis) 57409,,新品,,Amazon Photos,2026/04/17,2026/5/1,shopee,"₱5,536.00"
20260306_machida_ph_04_2,2605018XJCEPNN,2026/5/1,Joshin,"¥25,800 ",ラジコン,Tamiya RC Special Product 1/10 Electric RC Car Super Astute 2018 Off-Road 47381,,新品,,Amazon Photos,2026/03/06,2026/5/1,shopee,"₱13,167.00"
20260413_ishida_ph_01,2605019NTEWHWA,2026/5/4,らしんばん,"¥6,290 ",フィギュア,Good Smile Company Nendoroid Teto Kasane 2.0 Non-scale Plastic Painted Movable Figure,,新品,,Amazon Photos,2026/04/13,2026/5/1,shopee,"₱3,525.00"
20260424_machida_ph_16,260501A098FT6U,2026/5/4,Amazon,"¥1,609 ",模型,[Direct From Japan] Takara Tomy (TAKARA TOMY) Plarail S-56 Mickey Mouse Speed Express Train Set – Toy for ages 3 and up,,新品,,Amazon Photos,2026/04/24,2026/5/1,shopee,"₱1,399.00"
20260420_mizushima_ph_09,260502ARNT5SNC,2026/5/5,駿河屋,"¥8,611 ",プラモデル,[Gundam Base / Event Exclusive] MG 1/100 Wing Gundam Zero EW [CROSS CONTRAST COLORS / CLEAR PURPLE] Plastic Model Kit (Bandai Spirits),,新品,,Amazon Photos,2026/04/20,2026/5/2,shopee,"₱5,921.00"
20260316_machida_ph_02,260502BAH340RF,,,仕入れ無,,Bandai MG 1/100 Gundam Epyon EW Sturm und Drang Unit Model Kit Gundam W Endless Waltz Gunpla Japan,,新品,,Amazon Photos,,2026/5/2,shopee,"₱6,302.00"
20260316_machida_ph_02,260502BAJ98GET,,,仕入れ無,,Bandai MG 1/100 Gundam Epyon EW Sturm und Drang Unit Model Kit Gundam W Endless Waltz Gunpla Japan,,新品,,Amazon Photos,,2026/5/2,shopee,"₱6,302.00"
20260417_miyawaki_ph_04_6,260502C8CA8SJC,,,仕入れ無,,Ichiban Kuji Frieren: Beyond Journey's End Last One Prize: Frieren Art Scale Figure,,新品,,Amazon Photos,,2026/5/2,shopee,"₱8,569.00"
20260415_miyawaki_ph_03_7,260502CEUMYQEJ,2026/5/4,yahooフリマ,"¥6,500 ",フィギュア,Ichiban Kuji Frieren: Beyond Journey's End Frieren Prize A Figure,,新品,,Amazon Photos,2026/04/15,2026/5/2,shopee,"₱4,593.00"
20260422_ishida_ph_04,260502CHBHUABM,2026/5/4,Amazon,¥718 ,模型,[BANDAI]GODZIBURST Godzilla(1991),,新品,,Amazon Photos,2026/04/22,2026/5/2,shopee,₱506.00
20260428_miyawaki_ph_01_1,260503DGUE3RQ7,2026/5/4,yahooフリマ,"¥9,900 ",フィギュア,Ichiban Kuji Yu Yu Hakusho Dark Tournament vol.3 Kazuma Kuwabara MASTERLIZE Prize B Figure,,新品,,Amazon Photos,2026/04/28,2026/5/3,shopee,"₱6,433.00"
20260428_machida_ph_04,260502CKFCCNPG,2026/5/4,Joshin,"¥13,380 ",ラジコン,[Direct From Japan] Tamiya 1/10 Electric RC Car Series No. 727 Mitsubishi Pajero (CW-01 Chassis) 58727,,新品,,Amazon Photos,2026/04/28,2026/5/3,shopee,"₱7,987.00"
20260306_machida_ph_04_3,260503E0P3JU7T,,,仕入れ無,,Tamiya RC Special Product 1/10 Electric RC Car Super Astute 2018 Off-Road 47381,,新品,,Amazon Photos,,2026/5/3,shopee,"₱13,167.00"
20260417_miyawaki_ph_04_6,260503ESH9GV55,,,仕入れ無,,Ichiban Kuji Frieren: Beyond Journey's End Last One Prize: Frieren Art Scale Figure,,新品,,Amazon Photos,,2026/5/3,shopee,"₱8,569.00"
20260407_machida_ph_07_2,260503F4RCAYKB,2026/5/4,ヨドバシドットコム,"¥3,570 ",フィギュア,S.H.Figuarts ONE PIECE Monkey D. Luffy -Dawn of Adventure- Approximately 145mm ABS&PVC painted movable figure [Direct From Japan],,新品,,Amazon Photos,2026/04/07,2026/5/4,shopee,"₱2,258.00"
20260407_mizushima_ph_02,260504HDKGN7ST,2026/5/5,駿河屋,"¥6,890 ",プラモデル,BANDAI SPIRITS MG 1/100 Gundam Base Limited Sengoku Astray Gundam [Metallic] Assembly Plastic Model Kit,,新品,,Amazon Photos,2026/04/07,2026/5/4,shopee,"₱5,194.00"
20260123_machida_ph_04_4,260504HMYTD3UT,2026/4/24,,"¥11,000 ",ラジコン,Tamiya 1/10 Electric RC Car Series No.242 Wild Willy 2 Off-Road 58242,,新品,,Amazon Photos,2026/01/23,2026/5/5,shopee,"₱7,234.00"
20260429_machida_ph_05,260505HSCPCX1M,,,仕入れ無,,"[Direct From Japan] Holy Stone Drone with Camera – Outdoor, Compact, Child-Friendly, Foldable, 1080p Camera, 3 Batteries, 36-Minute Flight Time, Storage Case Included, Optical Flow Mode, Trajectory Flight, Gesture Control, 2.4GHz, Mode 1/2 Switchable, Bir",,新品,,Amazon Photos,,2026/5/5,shopee,"₱5,792.00"
20260430_ishida_ph_01,260505JM6F1VYQ,2026/5/5,Amazon,¥691 ,模型,[BANDAI]GODZIBURST Rodan (1993) & Mazer Unit,,新品,,Amazon Photos,2026/04/30,2026/5/5,shopee,₱502.00
20260302_ishida_ph_02_3,260505JU5SVPSE,2026/5/5,駿河屋,"¥7,100 ",フィギュア,S.H.Figuarts Funeral of Freiren Freiren (Resale Version) Approximately 140mm PVC & ABS Painted Movable Figure TAMASHII NATIONS,,新品,,Amazon Photos,2026/03/02,2026/5/5,shopee,"₱4,336.00"
20260318_machida_ph_01_6,260505K6E2VHWN,2026/5/6,楽天市場（Joshin）,"¥8,143 ",ラジコン,Tamiya 1/10 Electric RC Car Series No.571 Porsche 911 Carrera RSR (TT-02 Chassis) On-Road 58571 [New] [Authentic] [Shipped from Japan],,新品,,Amazon Photos,2026/03/18,2026/5/5,shopee,"₱6,528.00"
20260423_machida_ph_03,260505M4AQU0PQ,2026/5/6,Amazon,"¥4,652 ",ラジコン,[Direct From Japan] Kyosho Egg Mario Kart Racing Kart R/C Bowser TV035,,新品,,Amazon Photos,2026/04/23,2026/5/5,shopee,"₱3,145.00"
20260219_machida_sg_06_2,260505M4UY0J7C,2026/5/6,楽天市場（楽天ビッグ）,"¥6,930 ",腕時計,Seiko Watch ALBA Ghibli Collaboration Model Kiki's Delivery Service,,新品,,Amazon Photos,2026/02/19,2026/5/5,shopee,SDG87.24
20260422_ishida_ph_01_2,260506NCT1CWFT,,,仕入れ無,,[BANDAI]GODZIBURST Godzilla(1954),,新品,,Amazon Photos,,2026/5/6,shopee,₱502.00
20260316_machida_ph_02,260506NGWQMQU0,2026/5/6,Amazon,"¥11,000 ",プラモデル,Bandai MG 1/100 Gundam Epyon EW Sturm und Drang Unit Model Kit Gundam W Endless Waltz Gunpla Japan,,新品,,Amazon Photos,2026/03/16,2026/5/6,shopee,"₱6,302.00"
20260428_machida_ph_04_2,260506NNBBF8W2,2026/5/6,Joshin（A）,"¥13,380 ",ラジコン,[Direct From Japan] Tamiya 1/10 Electric RC Car Series No. 727 Mitsubishi Pajero (CW-01 Chassis) 58727,,新品,,Amazon Photos,2026/04/28,2026/5/6,shopee,"₱7,987.00"
20260123_machida_ph_04_5,260506P0NT3C1P,2026/5/7,Joshin（A）,"¥11,000 ",ラジコン,Tamiya 1/10 Electric RC Car Series No.242 Wild Willy 2 Off-Road 58242,,新品,,Amazon Photos,2026/01/23,2026/5/6,shopee,"₱7,234.00"
20260407_mizushima_ph_03,260506P3GF6TSG,2026/5/7,Amazon,"¥6,936 ",プラモデル,BANDAI SPIRITS MG 1/100 Gouf Ver.2.0 [Clear Color] Gundam Base Event Limited Mobile Suit Gundam Pre-colored Plastic Model Kit,,新品,,Amazon Photos,2026/04/07,2026/5/6,shopee,"₱4,069.00"
20260408_machida_ph_08,260506P5NNJPPX,,,仕入れ無,,TAMASHII NATIONS S.H.Figuarts Star Wars Episode III: Revenge of the Sith Yoda -Classic Ver.- (STAR ​​WARS: Revenge of the Sith),,新品,,Amazon Photos,,2026/5/6,shopee,"₱4,968.00"
20260413_machida_ph_01_2,260506P9DM4K84,2026/5/7,,"¥11,000 ",ラジコン,[Direct From Japan] Tamiya 1/10 Electric RC Car Series No. 546 1/12 Lunchbox Black Edition 58546,,新品,,Amazon Photos,2026/04/13,2026/5/6,shopee,"₱6,794.00"
20260303_ishida_ph_01,260506PM13EU37,2026/5/7,Amazon,"¥5,556 ",フィギュア,GOOD SMILE COMPANY Nendoroid Goddess of Victory NIKKE Modernia Non-Scale Plastic Painted Movable Figure,,新品,,Amazon Photos,2026/03/03,2026/5/6,shopee,"₱2,955.00"
20260410_miyawaki_ph_01_9,260506PNMKBSGD,2026/4/27,yahooフリマ,"¥7,450 ",フィギュア,Ichiban Kuji Yu Yu Hakusho Dark Tournament Vol. 3 Last One Prize: Youko Kurama MASTERLIZE Figure,,新品,,Amazon Photos,2026/04/10,2026/5/6,shopee,"₱4,988.00"
20260428_machida_ph_04_3,260507QRRH99D0,2026/5/7,楽天市場,"¥13,600 ",ラジコン,[Direct From Japan] Tamiya 1/10 Electric RC Car Series No. 727 Mitsubishi Pajero (CW-01 Chassis) 58727,,新品,,Amazon Photos,2026/04/28,2026/5/7,shopee,"₱7,987.00"
20260422_mizushima_ph_01,260507R9W3K5RG,2026/5/8,Amazon,"¥11,880 ",腕時計,[Casio] G-SHOCK GD-010BEG-1JF Watch [Authentic Japanese Product] Made with eco-friendly materials Men's Black,,新品,,Amazon Photos,2026/04/22,2026/5/7,shopee,"₱6,318.00"
20260220_machida_ph_06,260507RR6T4XSG,2026/5/8,Amazon,"¥20,745 ",,Shimano (SHIMANO) Baitcasting Reel Dual Axis 20 Thoreum 2000HG,,新品,キャンセル,Amazon Photos,,2026/5/7,shopee,"₱10,325.00"
20260415_miyawaki_ph_03_8,260507RXJHCYU4,2026/5/8,yahooフリマ,"¥6,400 ",フィギュア,Ichiban Kuji Frieren: Beyond Journey's End Frieren Prize A Figure,,新品,,Amazon Photos,2026/04/15,2026/5/7,shopee,"₱4,732.00"
20260115_machida_sg_02,260508SHQMCRHA,,,仕入れ無,,Kyocera Diamond Electric Roll Knife Sharpener,,新品,,Amazon Photos,,2026/5/8,shopee,SDG60.63
 20260305_ishida_ph_05,260508UBJR0VQ7,,,,,Nendoroid Character Vocal Series 02 Kagamine Rin & Len Kagamine Len 2.0 Non-scale Plastic Painted Action Figure,,新品,,Amazon Photos,,2026/5/8,shopee,"₱3,258.00"
20260428_miyawaki_ph_01_3,260508UGBEKYC7,2026/5/12,メルカリ,"¥9,900 ",フィギュア,Ichiban Kuji Yu Yu Hakusho Dark Tournament vol.3 Kazuma Kuwabara MASTERLIZE Prize B Figure,,新品,,Amazon Photos,2026/04/28,2026/5/8,shopee,"₱6,433.00"
20260430_machida_ph_14,260508UKP105TH,,,,, [Direct From Japan] Barbie Birthday Wishes Latina Signature Dress-up Doll & House – Pretend Play – Barbie Doll – Ages 6+ – Pink – JJX78,,新品,,Amazon Photos,,2026/5/8,shopee,"₱2,773.00"
20260115_machida_sg_02,2605090PWAC64N,2026/5/12,Amazon,"¥4,514 ",日用雑貨,Kyocera Diamond Electric Roll Knife Sharpener,,新品,,Amazon Photos,2026/01/15,2026/5/9,shopee,SGD60.63
20260428_mizushima_ph_06,260508USBRFM9P,2026/5/11,Amazon,"¥2,973 ",模型,Fujimi Models 1/12 NEXT Series No. 1101 Honda Super Cub 50 Type Hello Kitty 12NX-1101,,新品,,Amazon Photos,2026/04/28,2026/5/9,shopee,"₱2,114.00"
20260422_ishida_ph_02_2,260509W2MR1XC5,2026/5/11,Amazon,¥691 ,模型,[BANDAI]GODZIBURST Godzilla(2004),,新品,,Amazon Photos,2026/04/22,2026/5/9,shopee,₱492.00
20260430_machida_ph_14,260509092U5V0C,,,,,[Direct From Japan] Barbie Birthday Wishes Latina Signature Dress-up Doll & House – Pretend Play – Barbie Doll – Ages 6+ – Pink – JJX78,,新品,,Amazon Photos,,2026/5/9,shopee,"₱2,773.00"
20260430_machida_ph_01,260509092U5V0C,,,,,[Direct From Japan] Barbie Basic You Create Kit 1 YOU CREATE BARBIE BASICS™ Neutral Kit 001 Signature BLACK Dress-up dolls & houses Pretend play Barbie dolls Ages 6+ JJX35,,新品,,Amazon Photos,,2026/5/9,shopee,"₱5,567.00"
20260410_miyawaki_ph_01_9,2605090BG4XFQ8,2026/5/12,メルカリ,"¥7,000 ",フィギュア,Ichiban Kuji Yu Yu Hakusho Dark Tournament Vol. 3 Last One Prize: Youko Kurama MASTERLIZE Figure,,新品,,Amazon Photos,2026/04/10,2026/5/9,shopee,"₱4,988.00"
20260430_machida_ph_04,2605090NC5QWY8,2026/5/11,Amazon,"¥9,900 ",ホビー,[Direct From Japan] Barbie Basic You Create Kit 3 YOU CREATE BARBIE BASICS™ Neutral Kit 003 Signature BLACK Dress-up dolls & houses Pretend play Barbie dolls Ages 6+ JJX37,,新品,,Amazon Photos,2026/04/30,2026/5/9,shopee,"₱4,317.00"
 20260430_machida_ph_03,2605090SBTAX9E,2026/5/11,Amazon,"¥9,900 ",ホビー,[Direct From Japan] Barbie Basic You Create Kit 2 YOU CREATE BARBIE BASICS™ Neutral Kit 002 Signature BLACK Dress-up dolls & houses Pretend play Barbie dolls Ages 6+ JJX36,,新品,,Amazon Photos,2026/04/30,2026/5/9,shopee,"₱4,312.00"
20260430_miyawaki_ph_01,2605102F69UR6Q,,,,,Ichiban Kuji JoJo's Bizarre Adventure The Gathering of STARS Last One Prize Johnny Joestar & Gyro Zeppeli MASTERLISE PLUS Figure,,新品,,Amazon Photos,,2026/5/10,shopee,"₱8,969.00"
20260507_ishida_ph_01,2605102TGSBT60,2026/5/11,Amazon,"¥11,800 ",ホビー,[HASBRO] Star Wars The Child Animatronic Edition Motorized Mandalorian Toy with Over 25 Combinations of Sounds and Movements | F1119,,新品,,Amazon Photos,2026/05/07,2026/5/10,shopee,"₱4,451.00"
20260423_machida_ph_05,26051038E45EW8,2026/5/11,Amazon,"¥30,660 ",ラジコン,[Direct From Japan] Tamiya 1/10 Electric RC Car Series No. 391 Hot Shot 2007 Off-Road 58391,,新品,,Amazon Photos,2026/04/23,2026/5/10,shopee,"₱10,626.00"
20260413_ishida_ph_01_2,2605103BVUYW9W,2026/5/12,yahooフリマ,"¥10,900 ",フィギュア,[Good Smile Company] Nendoroid Teto Kasane 2.0+Special Base Included,,新品,,Amazon Photos,2026/04/13,2026/5/10,shopee,"₱4,545.00"
20260415_miyawaki_ph_03_9,2605114J27G9EE,2026/5/12,yahooフリマ,"¥4,876 ",フィギュア,Ichiban Kuji Frieren: Beyond Journey's End Frieren Prize A Figure,,新品,,Amazon Photos,2026/04/15,2026/5/11,shopee,"₱4,732.00"
20260424_mizushima_ph_05,2605114U3A52Q1,2026/5/11,Amazon,"￥6,578",生活家電,"SALONIA Cordless Straightener 12mm Hair Straightener with Built-in Power Bank, Lightweight, Ideal for Bangs, Model SAL25119PK, Pink",,新品,,Amazon Photos,2026/04/24,2026/5/11,shopee,"₱3,272.00"
20260316_machida_ph_03_2,26051152J04B87,2026/5/11,Amazon,"¥7,255 ",プラモデル,Bandai (Bandai) RG 1/144 GUNDAM SIDE-F Limited RX-93FF ν Gundam Mobile Suit Gundam Counterattack Char,,新品,,Amazon Photos,2026/03/16,2026/5/11,shopee,"₱4,394.00"
20260407_mizushima_ph_06,26051154RXR9EX,2026/5/11,Amazon,"¥11,600 ",プラモデル,BANDAI SPIRITS MG 1/100 Gundam Epyon EW [CROSS CONTRAST COLORS / CLEAR WHITE] Gundam Base Event Limited Edition Pre-colored Plastic Model Kit,,新品,,Amazon Photos,2026/04/07,2026/5/11,shopee,"₱6,736.00"
20260420_ishida_ph_06_2,26051272273SJK,,,,,Nendoroid Blue Archive Ajitani Hifumi Non-scale Plastic Painted Movable Figure,,新品,,Amazon Photos,,2026/5/12,shopee,"₱2,794.00"
20260319_machida_ph_03,2605127KAKGER3,2026/5/12,Amazon,"¥29,733 ",ラジコン,Tamiya 1/10 Electric RC Car Series No.719 BBX BB-01 Chassis 58719,,新品,,Amazon Photos,2026/03/19,2026/5/12,shopee,"₱15,933.00"
20260420_mizushima_ph_07_2,2605128E1R82M3,,,,,[Gundam Base/Event Exclusive] MG 1/100 Sazabi Ver.Ka Mechanical Clear Model Kit from Mobile Suit Gundam: Char's Counterattack (Bandai Spirits),,新品,,Amazon Photos,,2026/5/12,shopee,"₱7,689.00"
20260410_miyawaki_ph_01_10,2605128MGA5P96,2026/5/13,メルカリ,"¥6,900 ",フィギュア,Ichiban Kuji Yu Yu Hakusho Dark Tournament Vol. 3 Last One Prize: Youko Kurama MASTERLIZE Figure,,新品,,Amazon Photos,2026/04/10,2026/5/12,shopee,"₱4,988.00"
20260428_miyawaki_ph_01_4,2605128MGA5P96,2026/5/13,メルカリ,"¥9,888 ",フィギュア,Ichiban Kuji Yu Yu Hakusho Dark Tournament vol.3 Kazuma Kuwabara MASTERLIZE Prize B Figure,,新品,,Amazon Photos,2026/04/28,2026/5/12,shopee,"₱6,433.00"
20260415_miyawaki_ph_03_10,2605139523N01V,2026/5/13,yahooフリマ,"¥6,000 ",フィギュア,Ichiban Kuji Frieren: Beyond Journey's End Frieren Prize A Figure,,新品,,Amazon Photos,2026/04/15,2026/5/13,shopee,"₱4,732.00"
20260421_miyawaki_ph_01,2605139XY12D3D,2026/5/13,yahooショッピング,"¥23,484 ",フィギュア,"MIC DiGiSM One and Only ""SLAM DUNK"" SHOHOKU STARTING MEMBER SET",,新品,,Amazon Photos,2026/04/21,2026/5/13,shopee,"₱14,233.00"
20260407_miyawaki_ph_03,260513AEYJD6QP,2026/5/14,Amazon,"¥5,900 ",フィギュア,Good Smile Arts Shanghai POP UP PARADE K-ON! Nakano Azusa L size Figure,,新品,,Amazon Photos,2026/04/07,2026/5/13,shopee,"₱3,539.00"
20260410_miyawaki_ph_01_11,260513AMKPE2NM,2026/5/14,メルカリ,"¥6,999 ",フィギュア,Ichiban Kuji Yu Yu Hakusho Dark Tournament Vol. 3 Last One Prize: Youko Kurama MASTERLIZE Figure,,新品,,Amazon Photos,2026/04/10,2026/5/13,shopee,"₱4,988.00"
20260430_machida_ph_03_2,260513ARTKPRFS,2026/5/14,Amazon,"¥9,900 ",ホビー,[Direct From Japan] Barbie Basic You Create Kit 2 YOU CREATE BARBIE BASICS™ Neutral Kit 002 Signature BLACK Dress-up dolls & houses Pretend play Barbie dolls Ages 6+ JJX36,,新品,,Amazon Photos,2026/04/30,2026/5/13,shopee,"₱4,312.00"
20260430_machida_ph_04_2,260513AU0F3UR9,2026/5/14,Amazon,"¥9,900 ",ホビー,[Direct From Japan] Barbie Basic You Create Kit 3 YOU CREATE BARBIE BASICS™ Neutral Kit 003 Signature BLACK Dress-up dolls & houses Pretend play Barbie dolls Ages 6+ JJX37,,新品,,Amazon Photos,2026/04/30,2026/5/13,shopee,"₱4,317.00"
20260420_mizushima_ph_07_2,260513B0F8BSU0,,,仕入れ無,,[Gundam Base/Event Exclusive] MG 1/100 Sazabi Ver.Ka Mechanical Clear Model Kit from Mobile Suit Gundam: Char's Counterattack (Bandai Spirits),,新品,,Amazon Photos,,2026/5/13,shopee,"₱7,689.00"
20260417_miyawaki_ph_04_6,260514BJ75K36D,2026/5/14,yahooフリマ,"¥11,100 ",フィギュア,Ichiban Kuji Frieren: Beyond Journey's End Last One Prize: Frieren Art Scale Figure,,新品,,Amazon Photos,2026/04/17,2026/5/14,shopee,"₱8,569.00"
20260415_miyawaki_ph_03_11,260514BJ75K36D,2026/5/14,yahooフリマ,"¥6,150 ",フィギュア,Ichiban Kuji Frieren: Beyond Journey's End Frieren Prize A Figure,,新品,,Amazon Photos,2026/04/15,2026/5/14,shopee,"₱4,732.00"
20260428_miyawaki_ph_01_5,260514BKBUKB4T,,,仕入れ無,,Ichiban Kuji Yu Yu Hakusho Dark Tournament vol.3 Kazuma Kuwabara MASTERLIZE Prize B Figure,,新品,,Amazon Photos,,2026/5/14,shopee,"₱6,433.00"
20260429_miyawaki_ph_01,260514BKE077UE,2026/5/14,メルカリ,"¥4,799 ",フィギュア,Ichiban Kuji Yu Yu Hakusho Dark Tournament vol.3 Prize D: Koenma MASTERLISE Figure,,新品,,Amazon Photos,2026/04/29,2026/5/14,shopee,"₱3,917.00"
20260428_miyawaki_ph_01_5,260514BKE077UE,2026/5/14,メルカリ,"¥9,999 ",フィギュア,Ichiban Kuji Yu Yu Hakusho Dark Tournament vol.3 Kazuma Kuwabara MASTERLIZE Prize B Figure,,新品,,Amazon Photos,2026/04/28,2026/5/14,shopee,"₱6,433.00"
20260429_miyawaki_ph_02,260514BKE077UE,2026/5/14,メルカリ,"¥4,799 ",フィギュア,Ichiban Kuji Yu Yu Hakusho Dark Tournament vol.3 Prize E Genkai MASTERLISE EMOVING Figure,,新品,,Amazon Photos,2026/04/29,2026/5/14,shopee,"₱3,759.00"
20260420_mizushima_ph_09_2,260514C596ASVK,2026/5/14,Amazon,"¥10,300 ",プラモデル,[Gundam Base / Event Exclusive] MG 1/100 Wing Gundam Zero EW [CROSS CONTRAST COLORS / CLEAR PURPLE] Plastic Model Kit (Bandai Spirits),,新品,,Amazon Photos,2026/04/20,2026/5/14,shopee,"₱6,209.00"
20260415_miyawaki_ph_02,260514CGAQTJNF,2026/5/14,Amazon,"¥7,366 ",フィギュア,Final Fantasy VII Remake Adorable Arts <Aerith Gainsborough> Figure,,新品,,Amazon Photos,2026/04/15,2026/5/14,shopee,"₱4,104.00"
20260413_machida_ph_04,260514D50BDFUY,2026/5/15,Joshin,"¥37,000 ",ラジコン,[Direct From Japan] Tamiya 1/10 Electric RC Car Series No. 415 RCC Toyota Tundra High Lift Off-Road 58415,,新品,,Amazon Photos,2026/04/13,2026/5/14,shopee,"₱19,949.00"
20260318_machida_ph_04,260514D587435E,2026/5/15,Joshin,"¥46,340 ",ラジコン,Tamiya 1/10 Electric RC Car Series No.583 Egress (2013) Off-road 58583 [New] [Authentic] [Shipped from Japan],,新品,,Amazon Photos,2026/03/18,2026/5/14,shopee,"₱24,199.00"
20260320_machida_ph_08,260514D9F3G67H,2026/5/15,Amazon,"¥15,480 ",ラジコン,Authentic Tamiya 1/10 Electric RC Car Series No.741 Fighter Nexgen (DT-04 Chassis) Electric Radio Control 58741,,新品,,Amazon Photos,2026/03/20,2026/5/14,shopee,"₱9,071.00"
20260423_ishida_ph_05_2,260514DFRXQKH2,,,仕入れ無,,[BANDAI]GODZIBURST Mechagodzilla (1993),,新品,,Amazon Photos,,2026/5/14,shopee,₱513.00
20260413_miyawaki_ph_01,260514DR4MJV4J,,,仕入れ無,,Yu Yu Hakusho Figure: Youko Kurama (Dark Tournament),,新品,,Amazon Photos,,2026/5/14,shopee,"₱1,436.00"
20260415_miyawaki_ph_03_12,260515DVDSF1UD,,,,フィギュア,Ichiban Kuji Frieren: Beyond Journey's End Frieren Prize A Figure,,新品,,Amazon Photos,2026/04/15,2026/5/15,shopee,"₱4,732.00"
20260410_miyawaki_ph_01_12,260515E2N6GBGS,,,,フィギュア,Ichiban Kuji Yu Yu Hakusho Dark Tournament Vol. 3 Last One Prize: Youko Kurama MASTERLIZE Figure,,新品,,Amazon Photos,2026/04/10,2026/5/15,shopee,"₱4,988.00"
20260507_mizushima_ph_02,260515E96RQY60,,,仕入れ無,,[Gundam Base Exclusive] MG 1/100 Gundam Base Exclusive RX-78-2 Gundam Ver.3.0 [Clear Color] Mobile Suit Gundam (Bandai Spirits),,新品,,Amazon Photos,,2026/5/15,shopee,"₱5,032.00"
20260324_machida_ph_04_2,260515EQQTTPE1,2026/5/15,Amazon,"¥15,462 ",ラジコン,Authentic Tamiya 1/10 Scale Electric RC Car Series No. 747 Mini Cooper Racing (MB-01 Chassis) Electric Radio Control 58747,,新品,,Amazon Photos,2026/03/24,2026/5/15,shopee,"₱9,236.00"
20260423_ishida_ph_05_2,260515EYKATBDS,2026/5/15,Amazon,¥710 ,ホビー,[BANDAI]GODZIBURST Mechagodzilla (1993),,新品,,Amazon Photos,2026/04/23,2026/5/15,shopee,₱513.00
20260417_miyawaki_ph_04_7,260515F4CRCEQ1,2026/5/18,メルカリ,"¥11,499 ",フィギュア,Ichiban Kuji Frieren: Beyond Journey's End Last One Prize: Frieren Art Scale Figure,,新品,,Amazon Photos,2026/04/17,2026/5/15,shopee,"₱8,569.00"
20260219_machida_sg_06_3,260515G1J3FXC8,2026/5/18,Amazon,"¥6,930 ",腕時計,Seiko Watch ALBA Ghibli Collaboration Model Kiki's Delivery Service,,新品,,Amazon Photos,2026/02/19,2026/5/15,shopee,SDG89.55
20260115_miyawaki_ph_02,260515FA8YRCK6,2026/5/18,yahooフリマ,"¥6,500 ",フィギュア,Final Fantasy VII (FF7) Rebirth Release Kuji Cloud Strife Prize A Figure,,新品,,Amazon Photos,2026/01/15,2026/5/15,shopee,"₱4,014.00"
20260512_miyawaki_ph_02,260515FDQKT2NV,2026/5/19,メルカリ,"¥4,580 ",フィギュア,Ichiban Kuji Kingdom The Future of Qin Prize A Shin MASTERLIZE Figure,,新品,,Amazon Photos,2026/05/12,2026/5/15,shopee,"₱3,260.00"
20260220_machida_ph_06_2,260515G500PMU0,,,,リール,Shimano (SHIMANO) Baitcasting Reel Dual Axis 20 Thoreum 2000HG,,新品,,Amazon Photos,2026/02/20,2026/5/15,shopee,"₱10,325.00"
20260410_miyawaki_ph_01_13,260516GNN159P9,,,仕入れ無,,Ichiban Kuji Yu Yu Hakusho Dark Tournament Vol. 3 Last One Prize: Youko Kurama MASTERLIZE Figure,,新品,,Amazon Photos,,2026/5/16,shopee,"₱4,988.00"
20260406_machida_ph_06,260516GTFA98YM,2026/5/19,Amazon,"¥9,373 ",ラジコン,Tamiya Male 1/10 Electric RC Car Series No. 645 SUBARU WRX STI NBR Challenge (TT-02 Chassis) On-Road 58645,,新品,,Amazon Photos,2026/04/06,2026/5/16,shopee,"₱7,228.00"
20260512_mizushima_ph_04,260516H8J5HYNP,2026/5/18,Amazon,"¥11,000 ",プラモデル,[Gundam Base Exclusive] MG 1/100 Gundam Epyon EW [Special Coating] Pink [Bandai Spirits],,新品,,Amazon Photos,2026/05/12,2026/5/16,shopee,"₱5,874.00"
20260515_miyawaki_ph_01,260516HB1SPHF5,2026/5/19,yahooフリマ,"¥5,800 ",フィギュア,Ichiban Kuji WIND BREAKER Original 5th Anniversary Last One Prize: Sakura Umemiya Figure,,新品,,Amazon Photos,2026/05/15,2026/5/16,shopee,"₱3,856.00"
20260417_miyawaki_ph_04_8,260516HKBXY16U,2026/5/18,メルカリ,"¥11,499 ",フィギュア,Ichiban Kuji Frieren: Beyond Journey's End Last One Prize: Frieren Art Scale Figure,,新品,,Amazon Photos,2026/04/17,2026/5/16,shopee,"₱8,569.00"
20260504_ishida_ph_02,260516HMD79GVC,2026/5/18,Amazon,¥878 ,ホビー,[Bandai] JAPAN GODZILLA(2023) Mount Fuji,,新品,,Amazon Photos,2026/05/04,2026/5/16,shopee,₱624.00
20260408_ishida_ph_04,260516J4XT3AQP,2026/5/18,Amazon,"¥7,576 ",フィギュア,Good Smile Arts Shanghai Nura: Rise of the Yokai Clan Rikuo Nura [Night] Nendoroid Figure,,新品,,Amazon Photos,2026/04/08,2026/5/16,shopee,"₱2,869.00"
20260422_ishida_ph_05_2,260516JCS413HF,2026/5/18,Amazon,¥710 ,ホビー,[BANDAI]GODZIBURST Godzilla(2016),,新品,,Amazon Photos,2026/04/22,2026/5/16,shopee,₱512.00
20260415_miyawaki_ph_03_13,260517JYWKVSPG,2026/5/18,yahooフリマ,"¥6,200 ",フィギュア,Ichiban Kuji Frieren: Beyond Journey's End Frieren Prize A Figure,,新品,,Amazon Photos,2026/04/15,2026/5/17,shopee,"₱4,732.00"
20260420_mizushima_ph_07_2,260517KE54UF7E,2026/5/18,Amazon,"¥13,300 ",プラモデル,[Gundam Base/Event Exclusive] MG 1/100 Sazabi Ver.Ka Mechanical Clear Model Kit from Mobile Suit Gundam: Char's Counterattack (Bandai Spirits),,新品,,Amazon Photos,2026/04/20,2026/5/17,shopee,"₱7,689.00"
20260512_miyawaki_ph_03,260517KQSBQWPM,2026/5/19,メルカリ,"¥4,099 ",フィギュア,Ichiban Kuji Kingdom The Future of Qin Prize B Mouten MASTERLIZE Figure,,新品,,Amazon Photos,2026/05/12,2026/5/17,shopee,"₱2,948.00"
20260511_mizushima_ph_04,260517KR68M649,2026/5/18,Amazon,"¥13,760 ",,[Gundam Base Limited Edition] RG 1/144 Hi-ν Gundam Mobile Suit Gundam Char's Counterattack [Titanium Finish] (Bandai Spirits),,新品,,Amazon Photos,2026/05/11,2026/5/17,shopee,"₱7,976.00"
20260407_machida_ph_07_3,260517M6GFC2J8,,,,フィギュア,S.H.Figuarts ONE PIECE Monkey D. Luffy -Dawn of Adventure- Approximately 145mm ABS&PVC painted movable figure [Direct From Japan],,新品,,Amazon Photos,2026/04/07,2026/5/17,shopee,"₱2,258.00"
20260420_mizushima_ph_09_3,260517MCDKDPRH,,,仕入れ無,,[Gundam Base / Event Exclusive] MG 1/100 Wing Gundam Zero EW [CROSS CONTRAST COLORS / CLEAR PURPLE] Plastic Model Kit (Bandai Spirits),,新品,,Amazon Photos,,2026/5/17,shopee,"₱6,211.00"
20260318_machida_ph_03,260517MJU4X8UE,,,,ラジコン,TAMIYA 1/10 Electric R/C Car Series No.570 Lancia Delta Integrale (TT-02 Chassis) Onroad 58570,,新品,,Amazon Photos,2026/03/18,2026/5/17,shopee,"₱5,792.00"
20260430_machida_ph_04_3,260517N2NNGYXM,2026/5/18,Amazon,"¥9,900 ",ホビー,[Direct From Japan] Barbie Basic You Create Kit 3 YOU CREATE BARBIE BASICS™ Neutral Kit 003 Signature BLACK Dress-up dolls & houses Pretend play Barbie dolls Ages 6+ JJX37,,新品,,Amazon Photos,2026/04/30,2026/5/17,shopee,"₱4,317.00"
20260409_machida_ph_01_4,260518NAR3TUKD,2026/5/18,楽天市場（家電のSAKURA）,"¥11,300 ",ラジコン,[Direct From Japan] 1/12 Scale Electric RC Assembly Kit: Midnight Pumpkin Metallic Special 58365,,新品,,Amazon Photos,2026/04/09,2026/5/18,shopee,"₱6,694.00"
20260410_mizushima_ph_06,260518P4BAEMMC,,,仕入れ無,,[Tamiya] 1/10 Electric RC Car Series No. 694 1/10 RC Toyota GR 86 TT-02 Chassis Electric Radio Control 58694,,新品,,Amazon Photos,,2026/5/18,shopee,"₱7,369.00"
20260417_miyawaki_ph_04_9,260518PEA6S6BW,2026/5/19,yahooフリマ,"¥11,500 ",フィギュア,Ichiban Kuji Frieren: Beyond Journey's End Last One Prize: Frieren Art Scale Figure,,新品,,Amazon Photos,2026/04/17,2026/5/18,shopee,"₱8,569.00"
20260430_machida_ph_16,260518PUQ33BUV,2026/5/19,Amazon,"¥8,879 ",ホビー,[Direct From Japan] Barbie Lunar New Year 2026 Signature BLACK Dress-up Doll & House Pretend Play Barbie Dolls Ages 6+ Red JJX83,,新品,,Amazon Photos,2026/04/30,2026/5/18,shopee,"₱3,733.00"
20260430_machida_ph_14,260518PVGVYJBS,2026/5/19,Amazon,"¥6,160 ",ホビー,[Direct From Japan] Barbie Birthday Wishes Latina Signature Dress-up Doll & House – Pretend Play – Barbie Doll – Ages 6+ – Pink – JJX78,,新品,,Amazon Photos,2026/04/30,2026/5/18,shopee,"₱2,773.00"
20260323_machida_ph_01_3,260518QHD63G7R,2026/5/19,Amazon,"¥13,130 ",ラジコン,Tamiya 1/10 Electric RC Car Series No.662 Comical Grasshopper (WR-02CB Chassis) Off-Road 58662 【Direct from Japan】,,新品,,Amazon Photos,2026/03/23,2026/5/18,shopee,"₱7,816.00"
20260318_machida_ph_02,260518QPVHHS37,2026/5/19,Amazon,"¥29,733 ",ラジコン,Tamiya 1/10 Electric RC Car Series No.719 BBX BB-01 Chassis 58719 [New] [Authentic] [Shipped from Japan],,新品,,Amazon Photos,2026/03/18,2026/5/18,shopee,"₱16,000.00"
20260512_miyawaki_ph_02_2,260519R7GKHRAT,2026/5/19,メルカリ,"¥4,600 ",フィギュア,Ichiban Kuji Kingdom The Future of Qin Prize A Shin MASTERLIZE Figure,,新品,,Amazon Photos,2026/05/12,2026/5/19,shopee,"₱3,260.00"
20260512_miyawaki_ph_03_2,260519R7W23XUM,2026/5/19,メルカリ,"¥4,500 ",フィギュア,Ichiban Kuji Kingdom The Future of Qin Prize B Mouten MASTERLIZE Figure,,新品,,Amazon Photos,2026/05/12,2026/5/19,shopee,"₱2,948.00"
20260224_machida_ph_07,260519S321C9HP,2026/5/19,Amazon,"¥14,080 ",掛け時計,"Seiko Wall Clock, Analog Cuckoo Clock, Triple Selection Melody, Brown Metallic, 39x39x9.6cm, RE601B",,新品,,Amazon Photos,2026/02/24,2026/5/19,shopee,"₱7,629.00"
20260429_mizushima_ph_13,260519S77VBEMA,,,仕入れ無,,[Casio] G-SHOCK Watch [Authentic Japanese Domestic Model] Tough Solar GX-56UBB-1JF Men's Black,,新品,,Amazon Photos,,2026/5/19,shopee,"₱9,800.00"
20260430_machida_ph_04_4,260519SA7U6N7W,2026/5/20,Amazon,"¥9,900 ",ホビー,[Direct From Japan] Barbie Basic You Create Kit 3 YOU CREATE BARBIE BASICS™ Neutral Kit 003 Signature BLACK Dress-up dolls & houses Pretend play Barbie dolls Ages 6+ JJX37,,新品,,Amazon Photos,2026/04/30,2026/5/19,shopee,"₱4,317.00"
20260123_machida_ph_04_6,260519SB20FQPH,2026/5/19,yahooショッピング,"¥13,904 ",ラジコン,Tamiya 1/10 Electric RC Car Series No.242 Wild Willy 2 Off-Road 58242,,新品,,Amazon Photos,2026/01/23,2026/5/19,shopee,"₱7,234.00"
20260318_machida_ph_04_2,260519SGG8K87J,,,仕入れ無,,Tamiya 1/10 Electric RC Car Series No.583 Egress (2013) Off-road 58583 [New] [Authentic] [Shipped from Japan],,新品,,Amazon Photos,,2026/5/19,shopee,"₱25,819.00"
20260428_miyawaki_ph_01_6,260519SV7ECUP4,2026/5/20,メルカリ,"¥10,000 ",フィギュア,Ichiban Kuji Yu Yu Hakusho Dark Tournament vol.3 Kazuma Kuwabara MASTERLIZE Prize B Figure,,新品,,Amazon Photos,2026/04/28,2026/5/19,shopee,"₱6,433.00"
20260410_miyawaki_ph_01_13,260519SV8768G7,2026/5/20,メルカリ,"¥7,222 ",フィギュア,Ichiban Kuji Yu Yu Hakusho Dark Tournament Vol. 3 Last One Prize: Youko Kurama MASTERLIZE Figure,,新品,,Amazon Photos,2026/04/10,2026/5/19,shopee,"₱4,988.00"
20260417_miyawaki_ph_04_10,260519T4E621YG,2026/5/20,yahooフリマ,"¥11,200 ",フィギュア,Ichiban Kuji Frieren: Beyond Journey's End Last One Prize: Frieren Art Scale Figure,,新品,,Amazon Photos,2026/04/17,2026/5/19,shopee,"₱8,673.00"
20260430_machida_ph_14_2,260520TG8KRM16,,,仕入れ無,,[Direct From Japan] Barbie Birthday Wishes Latina Signature Dress-up Doll & House – Pretend Play – Barbie Doll – Ages 6+ – Pink – JJX78,,新品,,Amazon Photos,,2026/5/20,shopee,"₱2,773.00"
20260422_ishida_ph_04_2,260520UR2P95YM,,,,,[BANDAI]GODZIBURST Godzilla(1991),,新品,,Amazon Photos,2026/04/22,2026/5/20,shopee,₱506.00
20260417_miyawaki_ph_04_11,260520UT191987,2026/5/21,メルカリ,"¥11,999 ",,Ichiban Kuji Frieren: Beyond Journey's End Last One Prize: Frieren Art Scale Figure,,新品,,Amazon Photos,2026/04/17,2026/5/20,shopee,"₱8,673.00"
20260420_mizushima_ph_09_3,260520UWXTTRX7,,,仕入れ無,,[Gundam Base / Event Exclusive] MG 1/100 Wing Gundam Zero EW [CROSS CONTRAST COLORS / CLEAR PURPLE] Plastic Model Kit (Bandai Spirits),,新品,,Amazon Photos,2026/04/20,2026/5/20,shopee,"₱6,211.00"
20260312_machida_ph_02_2,260520V6PKYS0N,2026/5/21,Amazon,"¥7,920 ",,RG 1/144 Blast Impulse Gundam SpecII,,新品,,Amazon Photos,2026/03/12,2026/5/20,shopee,"₱4,090.00"
20260515_ishida_ph_03,260521VY7VATCK,2026/5/21,Amazon,"¥11,500 ",,[JBL] CHARGE Essential 2 Wireless Speaker Bluetooth Portable Power Bank Function Passive Radiator IPX7 Waterproof 40W Bass JBLCHARGEES2,,新品,,Amazon Photos,2026/05/15,2026/5/21,shopee,"₱9,495.00"
20260402_miyawaki_ph_01_6,2605210TM4NATX,,,仕入れ無,,Ichiban Kuji Yu Yu Hakusho Dark Tournament vol.3 Hiei MASTERLIZE Prize C Figure,,新品,,Amazon Photos,,2026/5/21,shopee,"₱2,480.00"
20260512_miyawaki_ph_02_3,26052111ATWR4S,2026/5/21,メルカリ,"¥4,600 ",,Ichiban Kuji Kingdom The Future of Qin Prize A Shin MASTERLIZE Figure,,新品,,Amazon Photos,2026/05/12,2026/5/21,shopee,"₱3,627.00"
20260316_machida_ph_02_2,260521173JRTJE,2026/5/22,Amazon,"¥12,800 ",,Bandai MG 1/100 Gundam Epyon EW Sturm und Drang Unit Model Kit Gundam W Endless Waltz Gunpla Japan,,新品,,Amazon Photos,2026/03/16,2026/5/21,shopee,"₱6,302.00"
20260417_miyawaki_ph_04_12,26052119TAVP8S,2026/5/22,メルカリ,"¥12,000 ",,Ichiban Kuji Frieren: Beyond Journey's End Last One Prize: Frieren Art Scale Figure,,新品,,Amazon Photos,2026/04/17,2026/5/21,shopee,"₱8,673.00"
20260512_mizushima_ph_02,2605211KXF16QE,2026/5/22,Amazon,"¥5,970 ",,[Gundam Base Exclusive] HG 1/144 G-Self (Perfect Pack Equipped) (Gundam Reconguista in G Movie Version) [Bandai Spirits],,新品,,Amazon Photos,2026/05/12,2026/5/21,shopee,"₱2,373.00"
20260501_ishida_ph_05,26052122FF8X3T,2026/5/22,Amazon,"¥2,055 ",,[BANDAI] Movie Monster Series: Godzilla (2016) Awakening Ver.,,新品,,Amazon Photos,2026/05/01,2026/5/21,shopee,"₱1,221.00"
20260415_miyawaki_ph_03_14,26052128WHUBD3,2026/5/22,メルカリ,"¥5,888 ",,Ichiban Kuji Frieren: Beyond Journey's End Frieren Prize A Figure,,新品,,Amazon Photos,2026/04/15,2026/5/21,shopee,"₱4,732.00"
20260430_machida_ph_03_3,2605222BGC6B11,2026/5/22,Amazon,"¥9,405 ",,[Direct From Japan] Barbie Basic You Create Kit 2 YOU CREATE BARBIE BASICS™ Neutral Kit 002 Signature BLACK Dress-up dolls & houses Pretend play Barbie dolls Ages 6+ JJX36,,新品,,Amazon Photos,2026/04/30,2026/5/22,shopee,"₱4,312.00"
20260430_machida_ph_04_5,2605222FXTNHXX,2026/5/22,Amazon,"¥9,405 ",,[Direct From Japan] Barbie Basic You Create Kit 3 YOU CREATE BARBIE BASICS™ Neutral Kit 003 Signature BLACK Dress-up dolls & houses Pretend play Barbie dolls Ages 6+ JJX37,,新品,,Amazon Photos,2026/04/30,2026/5/22,shopee,"₱4,317.00"
20260323_machida_ph_05,260522378XWFQG,2026/5/22,Amazon,"¥21,781 ",,[Direct From Japan] Tamiya 1/10 Electric RC Car Series No. 695 1/10 RC Racing Buggy Wild One Off-Roader BLOCKHEAD MOTORS 58695,,新品,,Amazon Photos,2026/03/23,2026/5/22,shopee,"₱12,637.00"
20260417_miyawaki_ph_04_13,2605223BS1W4FQ,2026/5/22,yahooフリマ,"¥10,350 ",,Ichiban Kuji Frieren: Beyond Journey's End Last One Prize: Frieren Art Scale Figure,,新品,,Amazon Photos,2026/04/17,2026/5/22,shopee,"₱8,673.00"
20260417_miyawaki_ph_04_14,26052245DS64UJ,2026/5/25,メルカリ,"¥11,800 ",,Ichiban Kuji Frieren: Beyond Journey's End Last One Prize: Frieren Art Scale Figure,,新品,,Amazon Photos,2026/04/17,2026/5/22,shopee,"₱8,673.00"
20260512_mizushima_ph_02_2,2605224HWU95T8,2026/5/25,Amazon,"¥3,120 ",,[Gundam Base Exclusive] HG 1/144 G-Self (Perfect Pack Equipped) (Gundam Reconguista in G Movie Version) [Bandai Spirits],,新品,,Amazon Photos,2026/05/12,2026/5/22,shopee,"₱2,213.00"
20260501_mizushima_ph_07,26052353YN4QMU,2026/5/25,Amazon,"¥12,480 ",,[Gundam Base / Event Exclusive] MG 1/100 Gundam Deathscythe Hell EW [Special Coating] (Bandai Spirits),,新品,,Amazon Photos,2026/05/01,2026/5/23,shopee,"₱7,375.00"
20260511_mizushima_ph_04_2,2605235KB7YPVM,,,仕入れ無,,[Gundam Base Limited Edition] RG 1/144 Hi-ν Gundam Mobile Suit Gundam Char's Counterattack [Titanium Finish] (Bandai Spirits),,新品,,Amazon Photos,2026/05/11,2026/5/23,shopee,"₱7,827.00"
20260429_machida_ph_02,26052362N4FNH6,2026/5/25,Joshin,"¥10,450 ",,[Direct From Japan] Tamiya 1/10 Electric RC Car Series No. 634 NSX (TT-02 Chassis) On-Road 58634,,新品,,Amazon Photos,2026/04/29,2026/5/23,shopee,"₱7,117.00"
20260511_mizushima_ph_04_2,2605236687GP6Q,2026/5/25,Amazon,"¥13,365 ",,[Gundam Base Limited Edition] RG 1/144 Hi-ν Gundam Mobile Suit Gundam Char's Counterattack [Titanium Finish] (Bandai Spirits),,新品,,Amazon Photos,2026/05/11,2026/5/23,shopee,"₱7,827.00"
20260302_machida_ph_02_2,260523671BG3C3,2026/5/25,Amazon,"¥4,681 ",,Jurassic World Hammond Collection Stegosaurus Action Figure Dinosaur Toy,,新品,,Amazon Photos,2026/03/02,2026/5/23,shopee,"₱2,908.00"
20260324_machida_ph_04_3,2605236S5MGA11,2026/5/25,Joshin（A）,"¥16,480 ",,Authentic Tamiya 1/10 Scale Electric RC Car Series No. 747 Mini Cooper Racing (MB-01 Chassis) Electric Radio Control 58747,,新品,,Amazon Photos,2026/03/24,2026/5/23,shopee,"₱9,334.00"
20260430_machida_ph_14_2,2605248590MAS6,2026/5/25,Amazon,"¥5,852 ",,[Direct From Japan] Barbie Birthday Wishes Latina Signature Dress-up Doll & House – Pretend Play – Barbie Doll – Ages 6+ – Pink – JJX78,,新品,,Amazon Photos,2026/04/30,2026/5/24,shopee,"₱2,773.00"
20260413_machida_ph_01_3,2605249B54F4FC,2026/5/25,洛西モデル,"¥12,848 ",,[Direct From Japan] Tamiya 1/10 Electric RC Car Series No. 546 1/12 Lunchbox Black Edition 58546,,新品,,Amazon Photos,2026/04/13,2026/5/24,shopee,"₱6,794.00"
20260219_machida_sg_02,2605249MNBHU7Q,2026/5/25,Amazon,"¥13,574 ",,RANGS Japan Rip Surf Skateboard,,新品,,Amazon Photos,2026/02/19,2026/5/24,shopee,SDG141.95
20260220_machida_ph_06_2,2605249PBGDCJA,2026/5/25,Amazon,"¥21,324 ",,Shimano (SHIMANO) Baitcasting Reel Dual Axis 20 Thoreum 2000HG,,新品,,Amazon Photos,2026/02/20,2026/5/24,shopee,"₱10,325.00"
20260522_miyawaki_ph_02,260525AUXEHDYB,2026/5/26,yahooフリマ,"¥5,937 ",,Ichiban Kuji BLEACH Stirring Souls vol.4 Prize A: Toshiro Hitsugaya MASTERLISE Figure,,新品,,Amazon Photos,2026/05/22,2026/5/25,shopee,"₱5,418.00"
20260420_mizushima_ph_09_3,260525BC8F0NBV,,,仕入れ無,,[Gundam Base / Event Exclusive] MG 1/100 Wing Gundam Zero EW [CROSS CONTRAST COLORS / CLEAR PURPLE] Plastic Model Kit (Bandai Spirits),,新品,,Amazon Photos,2026/04/20,2026/5/25,shopee,"₱6,211.00"
20260504_ishida_ph_02_2,260525BK7M5M21,2026/5/26,Amazon,¥878 ,,[Bandai] JAPAN GODZILLA(2023) Mount Fuji,,新品,,Amazon Photos,2026/05/04,2026/5/25,shopee,₱624.00
20260123_machida_ph_04_7,260525BV81SU7R,2026/5/26,洛西モデル,"¥10,367 ",,Tamiya 1/10 Electric RC Car Series No.242 Wild Willy 2 Off-Road 58242,,新品,,Amazon Photos,2026/01/23,2026/5/25,shopee,"₱7,234.00"
20260323_machida_ph_02＿2,260525BY81JV6R,2026/5/26,Amazon,"¥17,400 ",,[Direct From Japan] Tamiya 1/10 Electric RC Car Series No. 618 Monster Beetle 2015 Off-Road 58618,,新品,,Amazon Photos,2026/03/23,2026/5/25,shopee,"₱10,648.00"
20260325_machida_ph_02,260525C175EV44,2026/5/26,Amazon,"¥17,172 ",,Tamiya 1/10 Electric RC Car Series No.502 Blitzer Beetle (2011) Off-Road 58502【Direct from Japan】,,新品,,Amazon Photos,2026/03/25,2026/5/25,shopee,"₱10,154.00"
20260429_miyawaki_ph_01_2,260525C3APJ64Q,2026/5/26,メルカリ,"¥5,000 ",,Ichiban Kuji Yu Yu Hakusho Dark Tournament vol.3 Prize D: Koenma MASTERLISE Figure,,新品,,Amazon Photos,2026/04/29,2026/5/25,shopee,"₱3,917.00"
20260415_miyawaki_ph_03_15,260526CM0U6Y5A,2026/5/26,yahooフリマ,"¥6,180 ",,Ichiban Kuji Frieren: Beyond Journey's End Frieren Prize A Figure,,新品,,Amazon Photos,2026/04/15,2026/5/26,shopee,"₱4,258.00"
20260416_machida_ph_13,260526CW1FJUWM,2026/5/26,楽天市場（天天ストア）,"¥4,980 ",,[Direct From Japan] Takara Tomy (TAKARA TOMY) Beyblade X BX-48 Random Booster Vol. 9,,新品,,Amazon Photos,2026/04/16,2026/5/26,shopee,"₱1,202.00"
20260320_machida_ph_01_2,260526D659VPYR,2026/5/26,洛西モデル,"¥10,947 ",,TAMIYA 1/12 Electric RC Car Series No. 547 Midnight Pumpkin Black Edition 58547,,新品,,Amazon Photos,2026/03/20,2026/5/26,shopee,"₱5,894.00"
20260402_miyawaki_ph_01_6,260526DC5UNKQX,2026/5/26,メルカリ,"¥3,200 ",,Ichiban Kuji Yu Yu Hakusho Dark Tournament vol.3 Hiei MASTERLIZE Prize C Figure,,新品,,Amazon Photos,2026/04/02,2026/5/26,shopee,"₱2,480.00"
20260424_machida_ph_01,260526DJAG0SPH,2026/5/26,Amazon,"¥4,306 ",,[Direct From Japan] [2026 Model] Takara Tomy Plarail: Connect and Have Fun! Plarail Best Selection Set – Trains and Trainsets – Toy – Ages 3+,,新品,,Amazon Photos,2026/04/24,2026/5/26,shopee,"₱3,086.00"
20260410_miyawaki_ph_01_14,260526DK1WHTH6,2026/5/26,yahooフリマ,"¥7,500 ",,Ichiban Kuji Yu Yu Hakusho Dark Tournament Vol. 3 Last One Prize: Youko Kurama MASTERLIZE Figure,,新品,,Amazon Photos,2026/04/10,2026/5/26,shopee,"₱4,489.00"
20260306_machida_ph_04_3,260526DMY88DHA,2026/5/26,Joshin（A）,"¥24,800 ",,Tamiya RC Special Product 1/10 Electric RC Car Super Astute 2018 Off-Road 47381,,新品,,Amazon Photos,2026/03/06,2026/5/26,shopee,"₱11,850.00"
20260417_miyawaki_ph_02_2,260526DQ4Q933Y,2026/5/26,メルカリ,"¥4,500 ",,Ichiban Kuji Yu Yu Hakusho Dark Tournament Prize B Yusuke Urameshi MASTERLISE Figure,,新品,,Amazon Photos,2026/04/17,2026/5/26,shopee,"₱3,742.00"
20260429_miyawaki_ph_02_2,260526DQ4Q933Y,2026/5/26,yahooフリマ,"¥5,200 ",,Ichiban Kuji Yu Yu Hakusho Dark Tournament vol.3 Prize E Genkai MASTERLISE EMOVING Figure,,新品,,Amazon Photos,2026/04/29,2026/5/26,shopee,"₱3,759.00"
20260316_machida_ph_03_3,260526DUM3BUBA,2026/5/27,Amazon,"¥7,480 ",,Bandai (Bandai) RG 1/144 GUNDAM SIDE-F Limited RX-93FF ν Gundam Mobile Suit Gundam Counterattack Char,,新品,,Amazon Photos,2026/03/16,2026/5/26,shopee,"₱4,394.00"
20260415_miyawaki_ph_03_16,260526EH50FPUK,,,仕入れ無,,Ichiban Kuji Frieren: Beyond Journey's End Frieren Prize A Figure,,新品,,Amazon Photos,2026/04/15,2026/5/26,shopee,"₱4,258.00"
20260415_miyawaki_ph_03_16,260526EHKC4V2T,2026/5/27,yahooフリマ,"¥6,200 ",,Ichiban Kuji Frieren: Beyond Journey's End Frieren Prize A Figure,,新品,,Amazon Photos,2026/04/15,2026/5/26,shopee,"₱4,258.00"
20260526_miyawaki_ph_01,260527F5M45PRT,2026/5/27,メルカリ,"¥7,777 ",,Ichiban Kuji HUNTER×HUNTER ZAOLDYECK FAMILY Prize B Zeno Zaoldyeck MASTERLISE Figure,,新品,,Amazon Photos,2026/05/26,2026/5/27,shopee,"₱5,117.00"
20260422_ishida_ph_04_2,260527G49U67BH,2026/5/27,Amazon,¥710 ,,[BANDAI]GODZIBURST Godzilla(1991),,新品,,Amazon Photos,2026/04/22,2026/5/27,shopee,₱506.00
20260306_machida_ph_04_4,260527GAX0C3A0,2026/5/27,Amazon,"¥30,622 ",,Tamiya RC Special Product 1/10 Electric RC Car Super Astute 2018 Off-Road 47381,,新品,,Amazon Photos,2026/03/06,2026/5/27,shopee,"₱11,850.00"
20260424_ishida_ph_03_2,260527GFCGT8FP,,,仕入れ無,,[Direct From Japan]YAMAHA Portable Speaker WS-B1A(B): Bluetooth / Compact / IP67-rated dust and water resistance / Ideal for wet areas and outdoor use / Clear Voice / Black,,新品,,Amazon Photos,2026/04/24,2026/5/27,shopee,"₱6,126.00"
20260420_mizushima_ph_09_3,260527GFQA330K,,,仕入れ無,,[Gundam Base / Event Exclusive] MG 1/100 Wing Gundam Zero EW [CROSS CONTRAST COLORS / CLEAR PURPLE] Plastic Model Kit (Bandai Spirits),,新品,,Amazon Photos,2026/04/20,2026/5/27,shopee,"₱6,211.00"
20260415_miyawaki_ph_03_17,260527GQH3RAS1,,,仕入れ無,,Ichiban Kuji Frieren: Beyond Journey's End Frieren Prize A Figure,,新品,,Amazon Photos,2026/04/15,2026/5/27,shopee,"₱4,258.00"
20260420_mizushima_ph_07_3,260527GWQN4QY1,2026/5/28,駿河屋,"¥10,811 ",,[Gundam Base/Event Exclusive] MG 1/100 Sazabi Ver.Ka Mechanical Clear Model Kit from Mobile Suit Gundam: Char's Counterattack (Bandai Spirits),,新品,,Amazon Photos,2026/04/20,2026/5/27,shopee,"₱7,618.00"
20260417_miyawaki_ph_04_15,260527H8KGCR0K,2026/5/28,yahooフリマ,"¥11,300 ",,Ichiban Kuji Frieren: Beyond Journey's End Last One Prize: Frieren Art Scale Figure,,新品,,Amazon Photos,2026/04/17,2026/5/27,shopee,"₱8,673.00"
20260123_machida_ph_04_8,260528HD6A8CJ6,,,仕入れ無,,Tamiya 1/10 Electric RC Car Series No.242 Wild Willy 2 Off-Road 58242,,新品,,Amazon Photos,2026/01/23,2026/5/28,shopee,"₱6,510.00"
20260323_machida_ph_01_4,260528HECC2WJP,,,仕入れ無,,Tamiya 1/10 Electric RC Car Series No.662 Comical Grasshopper (WR-02CB Chassis) Off-Road 58662 【Direct from Japan】,,新品,,Amazon Photos,2026/03/23,2026/5/28,shopee,"₱7,034.00"
20260219_machida_ph_02,260528HGHQ7PN2,2026/5/28,Amazon,"¥13,568 ",,RANGS Japan Rip Surf Skateboard,,新品,,Amazon Photos,2026/02/19,2026/5/28,shopee,"₱5,304.00"
20260430_ishida_ph_05,260528J9E83T99,2026/5/28,Amazon,"¥2,382 ",,[BANDAI] Movie Monster Series: Godzilla (1971),,新品,,Amazon Photos,2026/04/30,2026/5/28,shopee,"₱1,360.00"
20260415_miyawaki_ph_03_17,260528JGPBBRE6,2026/5/28,メルカリ,"¥6,200 ",,Ichiban Kuji Frieren: Beyond Journey's End Frieren Prize A Figure,,新品,,Amazon Photos,2026/04/15,2026/5/28,shopee,"₱4,258.00"
20260415_miyawaki_ph_03_18,260528KBS8RJBC,2026/5/29,yahooフリマ,"¥6,300 ",,Ichiban Kuji Frieren: Beyond Journey's End Frieren Prize A Figure,,新品,,Amazon Photos,2026/04/15,2026/5/28,shopee,"₱4,258.00"
20260318_machida_ph_01_7,260528KKFVD0HJ,2026/5/29,Amazon,"¥10,561 ",,Tamiya 1/10 Electric RC Car Series No.571 Porsche 911 Carrera RSR (TT-02 Chassis) On-Road 58571 [New] [Authentic] [Shipped from Japan],,新品,,Amazon Photos,2026/03/18,2026/5/28,shopee,"₱5,875.00"
20260522_miyawaki_ph_04,260529M3RF5QQT,2026/5/29,メルカリ,"¥9,000 ",,Ichiban Kuji BLEACH Stirring Souls vol.4 Prize C: Aizen Sousuke MASTERLISE Figure,,新品,,Amazon Photos,2026/05/22,2026/5/29,shopee,"₱6,141.00"
20260525_miyawaki_ph_01,260529M5PHQX3F,2026/5/29,メルカリ,"¥11,400 ",,Ichiban Kuji HUNTER×HUNTER ZAOLDYECK FAMILY Prize D Killua Zaoldyeck MASTERLISE Figure,,新品,,Amazon Photos,2026/05/25,2026/5/29,shopee,"₱7,853.00"
20260306_machida_ph_06_2,260529MMSE3K5J,2026/5/29,yahooフリマ,"¥8,650 ",,Gundam Base Limited Sengoku Astray Gundam,,新品,,Amazon Photos,2026/03/06,2026/5/29,shopee,"₱5,218.00"
20260224_machida_ph_07_2,260529N65R9AUQ,2026/5/29,Amazon,"¥14,080 ",,"Seiko Wall Clock, Analog Cuckoo Clock, Triple Selection Melody, Brown Metallic, 39x39x9.6cm, RE601B",,新品,,Amazon Photos,2026/02/24,2026/5/29,shopee,"₱8,491.00"
20260522_miyawaki_ph_02_2,260529NCJE4WKN,2026/5/26,,"¥5,937 ",,Ichiban Kuji BLEACH Stirring Souls vol.4 Prize A: Toshiro Hitsugaya MASTERLISE Figure,,新品,,Amazon Photos,2026/05/22,2026/5/29,shopee,"₱4,597.00"
20260512_mizushima_ph_02_3,260529NR3M8FF4,2026/6/1,Amazon,"¥3,199 ",,[Gundam Base Exclusive] HG 1/144 G-Self (Perfect Pack Equipped) (Gundam Reconguista in G Movie Version) [Bandai Spirits],,新品,,Amazon Photos,2026/05/15,2026/5/29,shopee,"₱2,370.00"
20260522_miyawaki_ph_05,260530QC052G0A,2026/6/1,メルカリ,"¥21,000 ",,Ichiban Kuji BLEACH Stirring Souls vol.4 Last One Prize: Urahara Kisuke MASTERLISE Figure,,新品,,Amazon Photos,2026/05/22,2026/5/30,shopee,"₱12,542.00"
20260515_mizushima_ph_02,260530QPP6ENFD,2026/6/1,Amazon,"¥2,350 ",,[Gundam Base Exclusive] Haropla Mobile Haro Gundam Base Color【Bandai Spirits】,,新品,,Amazon Photos,2026/05/15,2026/5/30,shopee,"₱1,934.00"
20260515_mizushima_ph_10,260530QPP6ENFD,2026/6/1,Amazon,"¥2,231 ",,[Gundam Base Exclusive] Haropla Haro [Painting Model] Clear & White Gundam Build Divers [Bandai Spirits],,新品,,Amazon Photos,2026/05/15,2026/5/30,shopee,"₱1,778.00"
20260430_machida_ph_12,260530RFCE2BN4,2026/6/1,メルカリ,"¥6,850 ",,[Direct From Japan] Barbie Basic Ponytail Signature BLACK Dress-up Dolls & Houses Barbie Dolls Ages 6+ JBH73,,新品,,Amazon Photos,2026/04/30,2026/5/30,shopee,"₱2,111.00"
20260417_miyawaki_ph_04_16,260531S8SYDRDG,2026/6/1,メルカリ,"¥11,800 ",,Ichiban Kuji Frieren: Beyond Journey's End Last One Prize: Frieren Art Scale Figure,,新品,,Amazon Photos,2026/04/17,2026/5/31,shopee,"₱8,673.00"
20260423_machida_ph_05_2,260531TJXH8RDX,2026/6/1,洛西モデル,"¥21,428 ",,[Direct From Japan] Tamiya 1/10 Electric RC Car Series No. 391 Hot Shot 2007 Off-Road 58391,,新品,,Amazon Photos,2026/04/23,2026/5/31,shopee,"₱12,182.00"
20260420_mizushima_ph_07_4,2606010033DJ6K,,,仕入れ無,,[Gundam Base/Event Exclusive] MG 1/100 Sazabi Ver.Ka Mechanical Clear Model Kit from Mobile Suit Gundam: Char's Counterattack (Bandai Spirits),,新品,,Amazon Photos,2026/04/20,2026/6/1,shopee,"₱7,469.00"
20260123_machida_ph_04_9,26060107UYH3VA,,,仕入れ無,,Tamiya 1/10 Electric RC Car Series No.242 Wild Willy 2 Off-Road 58242,,新品,,Amazon Photos,2026/01/23,2026/6/1,shopee,"₱7,375.00"
20260522_miyawaki_ph_02_2,2606020VQ6DB1B,,,仕入れ無,,Ichiban Kuji BLEACH Stirring Souls vol.4 Prize A: Toshiro Hitsugaya MASTERLISE Figure,,新品,,Amazon Photos,2026/05/22,2026/6/2,shopee,"₱4,597.00"
,,,,,,,,,,Amazon Photos,,,shopee,
,,,,,,,,,,Amazon Photos,,,shopee,
,,,,,,,,,,Amazon Photos,,,shopee,
,,,,,,,,,,Amazon Photos,,,shopee,
,,,,,,,,,,Amazon Photos,,,shopee,
,,,,,,,,,,Amazon Photos,,,shopee,
,,,,,,,,,,Amazon Photos,,,shopee,
,,,,,,,,,,Amazon Photos,,,shopee,
,,,,,,,,,,Amazon Photos,,,shopee,
,,,,,,,,,,Amazon Photos,,,shopee,
,,,,,,,,,,Amazon Photos,,,shopee,
,,,,,,,,,,Amazon Photos,,,shopee,
,,,,,,,,,,Amazon Photos,,,shopee,
,,,,,,,,,,Amazon Photos,,,shopee,
,,,,,,,,,,Amazon Photos,,,shopee,
,,,,,,,,,,Amazon Photos,,,shopee,
,,,,,,,,,,Amazon Photos,,,shopee,
,,,,,,,,,,Amazon Photos,,,shopee,
,,,,,,,,,,Amazon Photos,,,shopee,
,,,,,,,,,,Amazon Photos,,,shopee,
,,,,,,,,,,Amazon Photos,,,shopee,
,,,,,,,,,,Amazon Photos,,,shopee,
,,,,,,,,,,Amazon Photos,,,shopee,
,,,,,,,,,,Amazon Photos,,,shopee,
,,,,,,,,,,Amazon Photos,,,shopee,
,,,,,,,,,,Amazon Photos,,,shopee,
,,,,,,,,,,Amazon Photos,,,shopee,
,,,,,,,,,,Amazon Photos,,,shopee,
,,,,,,,,,,Amazon Photos,,,shopee,
,,,,,,,,,,Amazon Photos,,,shopee,
,,,,,,,,,,Amazon Photos,,,shopee,
,,,,,,,,,,Amazon Photos,,,shopee,
,,,,,,,,,,Amazon Photos,,,shopee,
,,,,,,,,,,Amazon Photos,,,shopee,
,,,,,,,,,,Amazon Photos,,,shopee,
,,,,,,,,,,Amazon Photos,,,shopee,
,,,,,,,,,,Amazon Photos,,,shopee,
,,,,,,,,,,Amazon Photos,,,shopee,
,,,,,,,,,,Amazon Photos,,,shopee,
,,,,,,,,,,Amazon Photos,,,shopee,
,,,,,,,,,,Amazon Photos,,,shopee,
,,,,,,,,,,Amazon Photos,,,shopee,
,,,,,,,,,,Amazon Photos,,,shopee,
,,,,,,,,,,Amazon Photos,,,shopee,
,,,,,,,,,,Amazon Photos,,,shopee,
,,,,,,,,,,Amazon Photos,,,shopee,
,,,,,,,,,,Amazon Photos,,,shopee,
,,,,,,,,,,Amazon Photos,,,shopee,
,,,,,,,,,,Amazon Photos,,,shopee,
,,,,,,,,,,Amazon Photos,,,,
,,,,,,,,,,Amazon Photos,,,,
,,,,,,,,,,Amazon Photos,,,,
,,,,,,,,,,Amazon Photos,,,,
,,,,,,,,,,Amazon Photos,,,,
,,,,,,,,,,Amazon Photos,,,,
,,,,,,,,,,Amazon Photos,,,,
,,,,,,,,,,Amazon Photos,,,,
,,,,,,,,,,Amazon Photos,,,,
,,,,,,,,,,Amazon Photos,,,,
,,,,,,,,,,Amazon Photos,,,,
,,,,,,,,,,Amazon Photos,,,,
,,,,,,,,,,Amazon Photos,,,,
,,,,,,,,,,Amazon Photos,,,,
,,,,,,,,,,Amazon Photos,,,,
,,,,,,,,,,Amazon Photos,,,,
,,,,,,,,,,Amazon Photos,,,,
,,,,,,,,,,Amazon Photos,,,,
,,,,,,,,,,Amazon Photos,,,,
,,,,,,,,,,Amazon Photos,,,,
,,,,,,,,,,Amazon Photos,,,,
,,,,,,,,,,Amazon Photos,,,,
,,,,,,,,,,Amazon Photos,,,,
,,,,,,,,,,Amazon Photos,,,,
,,,,,,,,,,Amazon Photos,,,,
,,,,,,,,,,,,,,
,,,,,,,,,,,,,,
,,,,,,,,,,,,,,#REF!
,,,,,,,,,,,,,,#REF!
,,,,,,,,,,,,#REF!,,#REF!
,,,,,,,,,,,,#REF!,,#REF!
,,,,,,,,,,,,#REF!,,#REF!
,,,,,,,,,,,,#REF!,,#REF!
,,,,,,,,,,,,#REF!,,#REF!
,,,,,,,,,,,,#REF!,,#REF!
,,,,,,,,,,,,#REF!,,#REF!
,,,,,,,,,,,,#REF!,,#REF!
,,,,,,,,,,,,#REF!,,#REF!
,,,,,,,,,,,,#REF!,,#REF!
,,,,,,,,,,,,#REF!,,#REF!
,,,,,,,,,,,,#REF!,,#REF!
,,,,,,,,,,,,#REF!,,#REF!
,,,,,,,,,,,,#REF!,,#REF!
,,,,,,,,,,,,#REF!,,#REF!
,,,,,,,,,,,,#REF!,,#REF!
,,,,,,,,,,,,#REF!,,#REF!
,,,,,,,,,,,,#REF!,,#REF!
,,,,,,,,,,,,#REF!,,#REF!
,,,,,,,,,,,,#REF!,,#REF!
,,,,,,,,,,,,#REF!,,#REF!
,,,,,,,,,,,,#REF!,,#REF!
,,,,,,,,,,,,#REF!,,#REF!
,,,,,,,,,,,,#REF!,,#REF!
,,,,,,,,,,,,#REF!,,#REF!
,,,,,,,,,,,,#REF!,,#REF!
,,,,,,,,,,,,#REF!,,#REF!
,,,,,,,,,,,,#REF!,,#REF!
,,,,,,,,,,,,#REF!,,#REF!
,,,,,,,,,,,,#REF!,,#REF!
,,,,,,,,,,,,#REF!,,#REF!
,,,,,,,,,,,,#REF!,,#REF!
,,,,,,,,,,,,#REF!,,#REF!
,,,,,,,,,,,,#REF!,,#REF!
,,,,,,,,,,,,#REF!,,#REF!
,,,,,,,,,,,,#REF!,,#REF!
,,,,,,,,,,,,#REF!,,#REF!
,,,,,,,,,,,,#REF!,,#REF!
,,,,,,,,,,,,#REF!,,#REF!
,,,,,,,,,,,,#REF!,,#REF!
,,,,,,,,,,,,#REF!,,#REF!
,,,,,,,,,,,,#REF!,,#REF!
,,,,,,,,,,,,#REF!,,#REF!
,,,,,,,,,,,,#REF!,,#REF!
,,,,,,,,,,,,#REF!,,#REF!
,,,,,,,,,,,,#REF!,,#REF!
,,,,,,,,,,,,#REF!,,#REF!
,,,,,,,,,,,,#REF!,,#REF!
,,,,,,,,,,,,#REF!,,#REF!
,,,,,,,,,,,,#REF!,,
,,,,,,,,,,,,#REF!,,
,,,,,,,,,,,,,,
,,,,,,,,,,,,,,
,,,,,,,,,,,,,,
,,,,,,,,,,,,,,
,,,,,,,,,,,,,,
,,,,,,,,,,,,,,
,,,,,,,,,,,,,,
,,,,,,,,,,,,,,
,,,,,,,,,,,,,,
,,,,,,,,,,,,,,
,,,,,,,,,,,,,,
,,,,,,,,,,,,,,
,,,,,,,,,,,,,,
,,,,,,,,,,,,,,
,,,,,,,,,,,,,,
,,,,,,,,,,,,,,
,,,,,,,,,,,,,,
,,,,,,,,,,,,,,
,,,,,,,,,,,,,,
,,,,,,,,,,,,,,
,,,,,,,,,,,,,,
,,,,,,,,,,,,,,
,,,,,,,,,,,,,,
,,,,,,,,,,,,,,
,,,,,,,,,,,,,,
,,,,,,,,,,,,,,
,,,,,,,,,,,,,,
,,,,,,,,,,,,,,
,,,,,,,,,,,,,,
,,,,,,,,,,,,,,
,,,,,,,,,,,,,,
,,,,,,,,,,,,,,
,,,,,,,,,,,,,,
,,,,,,,,,,,,,,
,,,,,,,,,,,,,,
,,,,,,,,,,,,,,
,,,,,,,,,,,,,,
,,,,,,,,,,,,,,
,,,,,,,,,,,,,,
,,,,,,,,,,,,,,
,,,,,,,,,,,,,,
,,,,,,,,,,,,,,
,,,,,,,,,,,,,,
,,,,,,,,,,,,,,
,,,,,,,,,,,,,,
,,,,,,,,,,,,,,
,,,,,,,,,,,,,,
,,,,,,,,,,,,,,
,,,,,,,,,,,,,,
,,,,,,,,,,,,,,
,,,,,,,,,,,,,,
,,,,,,,,,,,,,,
,,,,,,,,,,,,,,
,,,,,,,,,,,,,,
,,,,,,,,,,,,,,
,,,,,,,,,,,,,,
,,,,,,,,,,,,,,
,,,,,,,,,,,,,,
,,,,,,,,,,,,,,
,,,,,,,,,,,,,,
,,,,,,,,,,,,,,
,,,,,,,,,,,,,,
,,,,,,,,,,,,,,
,,,,,,,,,,,,,,
,,,,,,,,,,,,,,
,,,,,,,,,,,,,,
,,,,,,,,,,,,,,
,,,,,,,,,,,,,,
,,,,,,,,,,,,,,
,,,,,,,,,,,,,,
#REF!,,,,,,,,,,,,,,
#REF!,,,,,,,,,,,,,,
#REF!,,,,,,,,,,,,,,
#REF!,,,,,,,,,,,,,,
#REF!,,,,,,,,,,,,,,
#REF!,,,,,,,,,,,,,,
#REF!,,,,,,,,,,,,,,
#REF!,,,,,,,,,,,,,,
#REF!,,,,,,,,,,,,,,
#REF!,,,,,,,,,,,,,,
#REF!,,,,,,,,,,,,,,
#REF!,,,,,,,,,,,,,,
#REF!,,,,,,,,,,,,,,
#REF!,,,,,,,,,,,,,,
#REF!,,,,,,,,,,,,,,
#REF!,,,,,,,,,,,,,,
#REF!,,,,,,,,,,,,,,
#REF!,,,,,,,,,,,,,,
#REF!,,,,,,,,,,,,,,
#REF!,,,,,,,,,,,,,,
#REF!,,,,,,,,,,,,,,
#REF!,,,,,,,,,,,,,,
#REF!,,,,,,,,,,,,,,
#REF!,,,,,,,,,,,,,,
#REF!,,,,,,,,,,,,,,
#REF!,,,,,,,,,,,,,,
#REF!,,,,,,,,,,,,,,
#REF!,,,,,,,,,,,,,,
#REF!,,,,,,,,,,,,,,
#REF!,,,,,,,,,,,,,,
#REF!,,,,,,,,,,,,,,
#REF!,,,,,,,,,,,,,,
#REF!,,,,,,,,,,,,,,
#REF!,,,,,,,,,,,,,,
#REF!,,,,,,,,,,,,,,
#REF!,,,,,,,,,,,,,,
#REF!,,,,,,,,,,,,,,
#REF!,,,,,,,,,,,,,,
#REF!,,,,,,,,,,,,,,
#REF!,,,,,,,,,,,,,,
#REF!,,,,,,,,,,,,,,
#REF!,,,,,,,,,,,,,,
#REF!,,,,,,,,,,,,,,
#REF!,,,,,,,,,,,,,,
#REF!,,,,,,,,,,,,,,
#REF!,,,,,,,,,,,,,,
#REF!,,,,,,,,,,,,,,
#REF!,,,,,,,,,,,,,,
#REF!,,,,,,,,,,,,,,
#REF!,,,,,,,,,,,,,,
#REF!,,,,,,,,,,,,,,
#REF!,,,,,,,,,,,,,,
#REF!,,,,,,,,,,,,,,
#REF!,,,,,,,,,,,,,,
#REF!,,,,,,,,,,,,,,
#REF!,,,,,,,,,,,,,,
#REF!,,,,,,,,,,,,,,
#REF!,,,,,,,,,,,,,,
#REF!,,,,,,,,,,,,,,
#REF!,,,,,,,,,,,,,,
#REF!,,,,,,,,,,,,,,
#REF!,,,,,,,,,,,,,,
#REF!,,,,,,,,,,,,,,
#REF!,,,,,,,,,,,,,,
#REF!,,,,,,,,,,,,,,
#REF!,,,,,,,,,,,,,,
#REF!,,,,,,,,,,,,,,
#REF!,,,,,,,,,,,,,,
#REF!,,,,,,,,,,,,,,
#REF!,,,,,,,,,,,,,,
#REF!,,,,,,,,,,,,,,
#REF!,,,,,,,,,,,,,,
#REF!,,,,,,,,,,,,,,
#REF!,,,,,,,,,,,,,,
#REF!,,,,,,,,,,,,,,
#REF!,,,,,,,,,,,,,,
#REF!,,,,,,,,,,,,,,
#REF!,,,,,,,,,,,,,,
#REF!,,,,,,,,,,,,,,
#REF!,,,,,,,,,,,,,,
#REF!,,,,,,,,,,,,,,
#REF!,,,,,,,,,,,,,,
#REF!,,,,,,,,,,,,,,
#REF!,,,,,,,,,,,,,,
#REF!,,,,,,,,,,,,,,
#REF!,,,,,,,,,,,,,,
#REF!,,,,,,,,,,,,,,