,,,,,,,,,,,,,,,,,,,,,,,,,,,,,
,,,,,,,,,,,,,,,,,,,,,,,,,,,,,
,,,,,,,,,,,,,,,,,,,,,,,,,,,,,
,,,,,,,,,,,,,,,,,,,,,,,,,,,,,
,SKU,アカウント,Order No.,販売日,初回チャット,仕入日,国,販売額,購入済み,仕入れ,国内送料,SLS送料,ポイント加算,その他備考,梱包者,実重g,cm,cm,cm,サイズ,発送チャット,商品名,仕入れ先,領収書印刷,国内追跡番号,SLS追跡番号,ヤマト控え有無,,収支チェック
1,20260106_koyanagi_03,sg,2601274C4J8NX1,1/27,,1/27,シンガポール,SGD72.11,FALSE,"¥6,550","¥1,226",9.98SGD,,2774円,菅原,950,22,19,1/6,48,,BANDAI Mobile Suit Gundam MG Gundam Exia Recirculation Color Neon Purple 1/100,トレファク,,2790-8723-2712,SPXSG061832148461,TRUE,,FALSE
2,20260105_koyanagi_02,sg,260131G2HFQM0Y,1/31,,2/2,シンガポール,SGD63.01,FALSE,"¥7,500",¥865,7.48SGD,,,,870,19,29,1/17,66,,"BANPRESTO Shun Mizushino Sung Jin-Woo ""Solo Leveling"" ESPRESTO -Excite Motions-vol.1 Figure",yahooフリマ,3/9,2790-8786-7936,SPXSG064428088272,TRUE,,FALSE
3,20260223_machida_15,sg,260227T08W5YG2,2/27,,3/2,シンガポール,SGD50.03,FALSE,"¥3,850",¥865,有在庫,116P,キャンセル,松本3/3,600,43,27,1/16,87,,MORIPiLO Sanrio Hugging Pillow (Cinnamoroll Sleepy Pillow) M Approximately 45cm,Amazon,,2790-9137-6476,,TRUE,,FALSE
4,20260213_koyanagi_09,sg,2603023JAGBR08,3/2,,有在庫,シンガポール,SGD8.09,FALSE,¥0,¥431,,,キャンセル,菅原3/2,300,20,25,,45,,Nintendo Gameboy Advance Pokémon Ruby Japanese No Package,,,7641-9900-5426,,TRUE,,FALSE
5,20260212_machida_18,sg,2603023JAGBR08,3/2,,有在庫,シンガポール,SGD8.1,FALSE,¥0,↑同梱,,,キャンセル,菅原3/2,↑同梱,,,,0,,Nintendo DS software “GAME & WATCH COLLECTION” Japanese No Package,,,↑同梱,,TRUE,,FALSE
6,20260116_miyawaki_03,ph,2603034XVYYYSK,3/3,,3/9,フィリピン,"₱3,361.00",FALSE,"¥6,300","¥1,135",₱706.00,45P,,松本3/10,1887,44,19,2/1,96,,Ichiban Kuji JoJo's Bizarre Adventure Stardust Crusaders DIO MASTERLISE Prize C Anime Figure,トレファク,,2790-9218-3156,,TRUE,,TRUE
7,20260302_ishida_02,ph,260304861KD5C7,3/4,,3/4,フィリピン,"₱3,747.00",FALSE,"¥7,700",¥613,₱181.00,308P,,3/5小栁,,,,,0,,S.H.Figuarts Funeral of Freiren Freiren (Resale Version) Approximately 140mm PVC & ABS Painted Movable Figure TAMASHII NATIONS,Amazon,5/7,2790-9158-1506,,TRUE,,TRUE
8,20260219_machida_01,sg,260305C5P0E9RJ,3/5,,3/6,シンガポール,SDG194.18,FALSE,"¥13,800","¥1,135",54.98SGD,,,松本3/9,5598,45,36,1/15,97,,training pad 12 inches with stand TS12S,SOUND HOUSE,3/9,2790-9207-6012,,TRUE,,FALSE
9,20260123_machida_04,ph,260309N6YK6BVR,3/9,,3/9,フィリピン,"₱6,284.00",FALSE,"¥11,180","¥1,581","₱1,656.00",323P,,菅原3/11,3522,51,34.5,1/18,104.5,,Tamiya 1/10 Electric RC Car Series No.242 Wild Willy 2 Off-Road 58242,Amazon,5/7,2790-9229-4176,,TRUE,,FALSE
10,20260210_sugahara_02,sg,260309NQEJ1EFC,3/9,,有在庫,シンガポール,SGD8.03,FALSE,¥0,¥865,4.29SGD,,,松本3/10,189,33,29,1/3,66,,Pokémon: Pearl Version Nintendo DS Video Games Japanese No Package,,,2790-9218-3123,,TRUE,,FALSE
11,20260303_machida_01,ph,260310RAA76HSC,3/10,,,フィリピン,"₱6,948.00",FALSE,仕入れ無,,,,キャンセル,,,,,,,,"With shrink wrap Pokémon Card Game Scarlet & Violet Expansion Pack ""Pokémon Card 151""",,,,,,,FALSE
12,20260312_machida_ph_04,,260323T5NFWERM,3/23,,,フィリピン,"₱3,064.00",FALSE,仕入れ無,,,,キャンセル,,,,,,,,MG 1/100 Gundam Base Limited Prize RX-78-2 Gundam Ver.3.0 [Gold Coating] Mobile Suit Gundam,,,,,,,FALSE
13,20260119_miyawaki_07,ph,26031311HKC8EA,3/13,,3/13,フィリピン,"₱3,598.00",FALSE,"¥5,888",¥865,₱456.00,,,松本3/17,993,33,18,1/17,69,,Ichiban Kuji YuYu Hakusho Dark Tournament vol.2 Karasu MASTERLISE Prize B Anime Figure,メルカリ,,2790-9306-5926,,TRUE,,TRUE
14,20260309_sugahara_01,ph,2603169VG6MH00,3/16,,3/16,フィリピン,"₱3,948.00",FALSE,"¥7,186",¥613,₱181.00,,,松本3/17,481,26,17,1/16,60,,Nendoroid 2793 Von Lycaon Zenless Zone Zero ZZZ Figure Good Smile Arts Shanghai,Amazon,5/7,2790-9306-6103,,TRUE,,TRUE
15,20260123_machida_04,ph,260317BPCP3GP7,3/17,,3/17,フィリピン,"₱6,284.00",FALSE,"¥10,569","¥1,581","₱1,731.00",,,菅原3/18,3658,50,49,1/18,118,,Tamiya 1/10 Electric RC Car Series No.242 Wild Willy 2 Off-Road 58242,Joshin,5/11,2790-9317-6504,,TRUE,,TRUE
16,20260115_miyawaki_sg_02,sg,260320KK6VDGTN,3/20,,3/20,シンガポール,SDG94.70,FALSE,"¥4,999","¥1,020",9.98SGD,,,菅原3/24,1086,35,26.5,1/17,79.5,,Ichiban Kuji Final Fantasy VII (FF7) Rebirth Cloud Strife Prize A Anime Game Figure,yahooフリマ,,2790-9395-1986,,TRUE,,FALSE
17,20260306_machida_ph_06,ph,260323T8G8S3AA,3/23,,3/23,フィリピン,"₱4,950.00",FALSE,"¥6,222","¥1,320",₱656.00,1452P,,菅原3/24,1411,44,39,1/12,96,,Gundam Base Limited Sengoku Astray Gundam,楽天市場（メディアワールド）,,2790-9395-1780,,TRUE,,TRUE
18,20260320_machida_ph_01,ph,260323U9K9MP6B,3/23,,3/23,フィリピン,"₱5,412.00",FALSE,"¥10,611","¥1,581","₱1,631.00",418P,,菅原3/25,3407,58,41,1/17,117,,TAMIYA 1/12 Electric RC Car Series No. 547 Midnight Pumpkin Black Edition 58547,Amazon,5/7,2790-9406-3183,,TRUE,,TRUE
19,20260304_miyawaki_ph_01,ph,260324VMC4V3GW,3/24,,3/24,フィリピン,"₱3,016.00",FALSE,"¥5,150","¥1,135",₱806.00,81P,,菅原3/26,1719,43,29,1/17,90,,Ichiban Kuji JoJo's Bizarre Adventure Stardust Crusaders Jotaro Kujoh MASTERLISE Prize A Anime Figure,らしんばん,,2790-9478-2352,,TRUE,,TRUE
20,20260123_machida_ph_04_3,ph,2603240SGH1582,3/24,,3/24,フィリピン,"₱6,547.00",FALSE,"¥13,000","¥1,581","₱1,631.00",874P,,松本3/25,3413,50,33.5,1/18,102.5,,Tamiya 1/10 Electric RC Car Series No.242 Wild Willy 2 Off-Road 58242,楽天市場（LifeStage Nana!）,,2790-9406-3065,,TRUE,,TRUE
21,20260312_machida_ph_04,,2603241XGT3N26,3/25,,,フィリピン,"₱3,064.00",FALSE,仕入れ無,,,,キャンセル,,,,,,,,MG 1/100 Gundam Base Limited Prize RX-78-2 Gundam Ver.3.0 [Gold Coating] Mobile Suit Gundam,,,,,FALSE,,FALSE
22,20260312_machida_ph_04,ph,2603241XJEJAF3,3/25,,,フィリピン,"₱3,064.00",FALSE,仕入れ無,,,,キャンセル,,,,,,0,,MG 1/100 Gundam Base Limited Prize RX-78-2 Gundam Ver.3.0 [Gold Coating] Mobile Suit Gundam,,,,,TRUE,,FALSE
23,20260325_machida_ph_01,ph,26032543YJX906,3/25,,3/26,フィリピン,"₱5,205.00",FALSE,"¥8,800","¥1,135","₱1,456.00",352P,,松本3/31,3029,49,36,1/14,100,,Tamiya 1/12 Electric RC Car Series No. 347 Lunch Box 2005 58347 - High-Performance Remote Control Car[Direct from Japan],Amazon,5/7,2790-9476-0825,,TRUE,,TRUE
24,20260312_machida_ph_04,,2603276YGWFB6C,3/27,,,フィリピン,"₱3,064.00",FALSE,仕入れ無,,,,キャンセル,,,,,,,,MG 1/100 Gundam Base Limited Prize RX-78-2 Gundam Ver.3.0 [Gold Coating] Mobile Suit Gundam,,,,,FALSE,,FALSE
25,20260316_miyawaki_ph_02,ph,260330FRMDKXKY,3/30,,3/30,フィリピン,"₱2,733.00",FALSE,"¥2,850",¥613,₱331.00,,,松本4/6,702,30,14,1/13,58,,Ichiban Kuji YuYu Hakusho Dark Tournament vol.3 Urameshi Yusuke MASTERLIZED Prize A Figure,メルカリ,,2790-9566-4293,,TRUE,,TRUE
26,20260316_machida_ph_03,ph,260330G026X4X1,3/30,,3/30,フィリピン,"₱3,987.00",TRUE,"¥7,255",,有在庫へ,,キャンセル,,,,,,,,Bandai (Bandai) RG 1/144 GUNDAM SIDE-F Limited RX-93FF ν Gundam Mobile Suit Gundam Counterattack Char,Amazon,5/7,,,FALSE,,FALSE
27,20260312_machida_ph_04,,260330GCGKNUWQ,3/30,,,フィリピン,"₱3,064.00",FALSE,仕入れ無,,,,キャンセル,,,,,,,, MG 1/100 Gundam Base Limited Prize RX-78-2 Gundam Ver.3.0 [Gold Coating] Mobile Suit Gundam,,,,,FALSE,,FALSE
28,20260312_machida_ph_04,ph,260330GCHXJU83,3/30,,3/31,フィリピン,"₱3,064.00",FALSE,"¥6,480","¥1,135",₱581.00,194P,,菅原3/31,1354,42,31,12,85,,MG 1/100 Gundam Base Limited Prize RX-78-2 Gundam Ver.3.0 [Gold Coating] Mobile Suit Gundam,Amazon,5/7,2790-9501-4461,,TRUE,,TRUE
29,20260325_machida_ph_01_2,ph,260330GH0SJWWC,3/30,,3/31,フィリピン,"₱5,610.00",FALSE,"¥7,920","¥1,581","₱1,531.00",80P,,松本4/1,3211,50,35.5,16,101.5,,Tamiya 1/12 Electric RC Car Series No. 347 Lunch Box 2005 58347 - High-Performance Remote Control Car[Direct from Japan],Joshin,5/11,2790-9501-4365,,TRUE,,TRUE
30,20260316_ishida_ph_01,,260330GQ0Q6CW0,3/30,,,フィリピン,"₱2,991.00",FALSE,仕入れ無,,,,キャンセル,,,,,,,,Nendoroid Character Vocal Series 03 Megurine Luka Megurine Luka 2.0 Non-Scale Plastic Painted Action Figure,,,,,FALSE,,FALSE
31,20260226_machida_ph_03,ph,260331H4EMX4C2,3/31,,3/31,フィリピン,"₱5,413.00",FALSE,"¥10,880","¥1,135",₱606.00,317P,,松丸4/1,1318,42.5,35,12.5,90,,Authentic BANDAI SPIRITS RG 1/144 Unicorn Gundam Perfectibility Plastic Model Bandai,Amazon,5/7,2790-9501-4531,,TRUE,,TRUE
32,20260316_miyawaki_ph_01,ph,260331HDB9GAG9,3/31,,,フィリピン,"₱4,820.00",FALSE,仕入れ無,,,,キャンセル,,,,,,0,,Ichiban Kuji Demon Slayer Doma Prize B Figur,,,,,FALSE,,FALSE
33,20260302_ishida_ph_02_2,ph,260331J14TP6JR,3/31,,3/31,フィリピン,"₱3,923.00",FALSE,"¥7,980",¥613,₱156.00,319P,,小栁4/1,382,28,17,15,60,,S.H.Figuarts Funeral of Freiren Freiren (Resale Version) Approximately 140mm PVC & ABS Painted Movable Figure TAMASHII NATIONS,Amazon,5/7,2790-9501-4236,,TRUE,,TRUE
34,20260316_miyawaki_ph_01,ph,260331JC12CG04,3/31,,3/31,フィリピン,"₱4,720.00",FALSE,"¥8,222",¥865,₱581.00,,,松本4/6,1273,25,27,22,74,,Ichiban Kuji Demon Slayer Doma Prize B Figure,メルカリ,,2790-9566-4396,,TRUE,,TRUE
35,20260226_machida_ph_03_2,ph,260401MDKP5QGC,4/1,,4/1,フィリピン,"₱5,413.00",FALSE,"¥10,999","¥1,135",₱706.00,319P,,菅原4/2,1451,43,32,14,89,,Authentic BANDAI SPIRITS RG 1/144 Unicorn Gundam Perfectibility Plastic Model Bandai,Amazon,5/7,2790-9512-3473,,TRUE,,TRUE
36,20260324_machida_ph_04,ph,260401NJM9S1AH,4/1,,4/2,フィリピン,"₱9,236.00",TRUE,"¥15,642","¥1,135","₱1,081.00",568P,,菅原4/3,2200,40,30,26,96,,Authentic Tamiya 1/10 Scale Electric RC Car Series No. 747 Mini Cooper Racing (MB-01 Chassis) Electric Radio Control 58747,Amazon,5/7,2790-9525-1923,,TRUE,,TRUE
37,20260318_machida_ph_01,ph,260401NK34RY47,4/1,,4/2,フィリピン,"₱6,441.00",TRUE,"¥11,000","¥1,581","₱1,231.00",110P,,菅原4/3,2500,40,36,28,104,,Tamiya 1/10 Electric RC Car Series No.571 Porsche 911 Carrera RSR (TT-02 Chassis) On-Road 58571 [New] [Authentic] [Shipped from Japan],Joshin,5/11,2790-9525-1864,,TRUE,,TRUE
38,20260306_machida_ph_04,ph,260401NKSGYVTM,4/1,,4/2,フィリピン,"₱13,167.00",TRUE,"¥29,000","¥1,581","₱1,431.00",2603P,,菅原4/3,2900,42,32,24,98,,Tamiya RC Special Product 1/10 Electric RC Car Super Astute 2018 Off-Road 47381,楽天市場（家電のSAKURA）,,2790-9525-1713,,TRUE,,TRUE
39,20260302_ishida_ph_04,ph,260403RQPVV3FD,4/3,,4/7,フィリピン,"₱2,151.00",TRUE,"¥7,480",¥361,₱81.00,,,菅原4/6,300,21,18,8,47,,TAMASHII NATIONS S.H.Figuarts NARUTO Shippuden Shikamaru Nara -The Brain That Sees Ahead-Approximately 145mm PVC & ABS,ヤマダ電機(柏テックランド現地購入),,7641-9986-5656,,TRUE,,TRUE
40,20260320_machida_ph_07,ph,2604052B23BH7X,4/5,,4/6,フィリピン,"₱4,825.00",TRUE,"¥7,180","¥1,135","₱1,081.00",71P,,松本4/7,2261,40.5,30.5,16,87,4/8,Authentic TAMIYA 1/10 Electric RC Car Series No.470 Holiday Buggy 2010 Off-Road 58470,Joshin,5/11,2790-9577-6024,,TRUE,,TRUE
41,20260323_machida_ph_02,,2604077R1A70UN,4/7,,,フィリピン,"₱9,961.00",FALSE,仕入れ無,,,,キャンセル,,,,,,,,Authentic Tamiya 1/14 Electric RC Car Series No.672 Monster Beetle Trail (GF-01TR Chassis) 58672,,,,,FALSE,,FALSE
42,20260320_machida_ph_04,ph,2604077TYQFGV7,4/7,4/8,4/8,フィリピン,"₱8,495.00",TRUE,"¥14,850","¥1,135","₱1,231.00",1408P,,小栁4/10,2560,52,25,20,97,4/10,Authentic Tamiya 1/10 Electric RC Car Series No.739 1998 Honda NSX Racing (TT-02 Chassis) 58739,yahooショッピング,,2790-9612-3471,,TRUE,,TRUE
43,20260318_machida_ph_01_2,ph,260408840ENWE1,4/8,4/8,4/8,フィリピン,"₱6,441.00",TRUE,"¥11,000","¥1,135","₱1,156.00",110P,,菅原4/9,2350,42,36,21,99,4/10,Tamiya 1/10 Electric RC Car Series No.571 Porsche 911 Carrera RSR (TT-02 Chassis) On-Road 58571 [New] [Authentic] [Shipped from Japan],Joshin,5/11,2790-9600-2706,,TRUE,,FALSE
44,20260325_machida_ph_01_3,ph,2604088V6YP9SB,4/8,4/8,4/8,フィリピン,"₱5,610.00",TRUE,"¥10,756","¥1,581","₱1,656.00",960P,,菅原4/10,3465,62,39,18,119,4/10,Tamiya 1/12 Electric RC Car Series No. 347 Lunch Box 2005 58347 - High-Performance Remote Control Car[Direct from Japan],楽天市場（Toy&ZAKKA mimiy）,,2790-9612-3504,,TRUE,,TRUE
45,20260119_miyawaki_ph_07_2,ph,260408921Y2RAH,4/8,4/8,4/8,フィリピン,"₱4,228.00",TRUE,"¥6,690",¥865,₱456.00,,,4/17,,,,,80,4/17,Ichiban Kuji YuYu Hakusho Dark Tournament vol.2 Karasu MASTERLISE Prize B Anime Figure,らしんばん,,2790-9697-1602,,FALSE,,TRUE
46,20260312_machida_ph_02,ph,260409CG281WD2,4/9,4/10,4/10,フィリピン,"₱3,818.00",TRUE,"¥6,380",¥865,₱431.00,,,松本4/13,935,36,26,16.5,78.5,4/13,RG 1/144 Blast Impulse Gundam SpecII,メルカリ,,2790-9654-5464,,TRUE,,TRUE
47,20260316_ishida_ph_01,ph,260409CMPGHQ7A,4/9,4/10,4/10,フィリピン,"₱3,007.00",TRUE,"¥5,800",¥613,₱206.00,174P,,菅原4/13,520,25,17,15,57,4/14,Nendoroid Character Vocal Series 03 Megurine Luka Megurine Luka 2.0 Non-Scale Plastic Painted Action Figure,Amazon,5/7,2790-9654-5523,,TRUE,,TRUE
48,20260325_machida_ph_01_4,ph,260409D1BWB6VV,4/10,4/10,4/10,フィリピン,"₱5,610.00",TRUE,"¥8,800","¥1,581","₱1,431.00",88P,,松本4/13,2979,50,37,15,102,4/13,Tamiya 1/12 Electric RC Car Series No. 347 Lunch Box 2005 58347 - High-Performance Remote Control Car[Direct from Japan],Joshin,5/11,2790-9654-5501,,TRUE,,TRUE
49,20260325_machida_ph_01_5,ph,260410EJ8N20FQ,4/10,4/13,4/10,フィリピン,"₱5,610.00",TRUE,"¥8,800","¥1,581","₱1,481.00",,,小栁4/14,,,,,0,4/14,Tamiya 1/12 Electric RC Car Series No. 347 Lunch Box 2005 58347 - High-Performance Remote Control Car[Direct from Japan],Amazon,5/7,2790-9665-5865,,TRUE,,TRUE
50,20260323_machida_ph_01,ph,260411GF9BQ95D,4/11,4/13,4/13,フィリピン,"₱7,810.00",TRUE,"¥13,547","¥1,581","₱1,356.00",1261P,,松本4/14,2844,55,25,24,104,4/14,Tamiya 1/10 Electric RC Car Series No.662 Comical Grasshopper (WR-02CB Chassis) Off-Road 58662 【Direct from Japan】,楽天市場（Toy&ZAKKA mimiy）,,2790-9665-6016,,TRUE,,TRUE
51,20260318_machida_ph_03,ph,260411GYVYDNY9,4/11,4/13,4/13,フィリピン,"₱5,792.00",TRUE,"¥9,800",キャンセル,有在庫へ,392P,キャンセル,,,,,,0,,TAMIYA 1/10 Electric R/C Car Series No.570 Lancia Delta Integrale (TT-02 Chassis) Onroad 58570,Amazon,5/7,,,FALSE,,FALSE
52,20260320_machida_ph_01_2,,260411H0DGP0TD,4/11,,,フィリピン,"₱6,549.00",FALSE,仕入れ無,,,,キャンセル,,,,,,,,TAMIYA 1/12 Electric RC Car Series No. 547 Midnight Pumpkin Black Edition 58547,,,,,FALSE,,FALSE
53,20260409_machida_ph_01,ph,260411HMFJMCEX,4/11,4/13,4/13,フィリピン,"₱5,638.00",TRUE,"¥8,800","¥1,581","₱1,531.00",88P,,菅原4/14,3198,55,37,28,120,4/15,[Direct From Japan] 1/12 Scale Electric RC Assembly Kit: Midnight Pumpkin Metallic Special,Joshin,5/11,2790-9665-6053,,TRUE,,TRUE
54,20260318_machida_ph_01_3,ph,260411J0WJXVRG,4/12,4/13,4/13,フィリピン,"₱6,441.00",TRUE,"¥10,300","¥1,135","₱1,206.00",306P,,松本4/14,2554,50,25,18,93,4/14,Tamiya 1/10 Electric RC Car Series No.571 Porsche 911 Carrera RSR (TT-02 Chassis) On-Road 58571 [New] [Authentic] [Shipped from Japan],Amazon,5/7,2790-9665-5946,,TRUE,,TRUE
55,20260213_koyanagi_09,sg,260412M1BUBG7P,4/12,4/13,4/13,シンガポール,SGD21.97,TRUE,"¥1,898",キャンセル,返送なし,,キャンセル,,,,,,0,,Nintendo Gameboy Advance Pokémon Ruby Japanese No Package,メルカリ,,,,FALSE,,FALSE
56,20260318_machida_ph_01_4,ph,260413NHXW45P1,4/13,4/13,4/13,フィリピン,"₱6,441.00",TRUE,"¥10,561","¥1,135","₱1,281.00",417P,,4/16,,,,,100,,Tamiya 1/10 Electric RC Car Series No.571 Porsche 911 Carrera RSR (TT-02 Chassis) On-Road 58571 [New] [Authentic] [Shipped from Japan],Amazon,5/7,2790-9686-9715,,TRUE,,TRUE
57,20260219_koyanagi_02,sg,260414Q56321K7,4/14,4/14,4/14,シンガポール,SGD153.62,TRUE,"¥12,980","¥1,135",,778P,,4/15小栁,,,,,0,4/16,SONY Studio monitor headphones MDR-7506,SOUND HOUSE,,2790-9675-4985,,TRUE,,FALSE
58, 20260323_machida_ph_02,ph,260415SQXRVU7D,4/15,4/15,4/15,フィリピン,"₱9,961.00",TRUE,"¥23,800","¥1,581","₱1,756.00",238P,,4/17松本,3632,55,37,26,118,4/17,Authentic Tamiya 1/14 Electric RC Car Series No.672 Monster Beetle Trail (GF-01TR Chassis) 58672,Joshin,5/11,2790-9695-7090,,TRUE,,TRUE
59,20260410_miyawaki_ph_01,ph,260415TRAD1NAV,4/15,4/15,4/16,フィリピン,"₱4,823.00",TRUE,"¥7,600",¥865,₱631.00,,,4/22菅原,1300,46,18,16,80,,Ichiban Kuji Yu Yu Hakusho Dark Tournament Vol. 3 Last One Prize: Youko Kurama MASTERLIZED Figure,yahooフリマ,,2790-9761-1133,,TRUE,,TRUE
60,20260415_miyawaki_ph_03 ,ph,260415TSQ9AE0W,4/15,4/15,4/15,フィリピン,"₱4,306.00",TRUE,"¥6,900","¥1,135",₱906.00,,,4/22小森,,,,,100,,Ichiban Kuji Frieren: Beyond Journey's End Frieren Prize A Figure,yahooフリマ,,2790-9761-1181,PH264017145592N,TRUE,,TRUE
61,20260123_machida_ph_04_4,,260415TT09B9XA,4/15,,,フィリピン,"₱7,234.00",FALSE,仕入れ無,,,,キャンセル,,,,,,,,Tamiya 1/10 Electric RC Car Series No.242 Wild Willy 2 Off-Road 58242,,,,,FALSE,,FALSE
62,20260407_mizushima_ph_01,ph,260415V3TPTBGN,4/16,,4/16,フィリピン,"₱5,415.00",TRUE,"¥9,123","¥1,135",₱731.00,1099P,,4/17松本,1559,44,40,13,97,4/17,BANDAI SPIRITS MG 1/100 Justice Gundam [CROSS CONTRAST COLORS / CLEAR GREEN] Gundam Base Event Limited Edition,楽天市場（メディアワールド）,,2790-9697-1506,,TRUE,,TRUE
63,20260410_miyawaki_ph_01_2,ph,2604171MTQ5J22,4/17,,4/17,フィリピン,"₱4,823.00",TRUE,"¥7,500",¥865,₱631.00,,,4/24菅原,1331,46,18,16,80,,Ichiban Kuji Yu Yu Hakusho Dark Tournament Vol. 3 Last One Prize: Youko Kurama MASTERLIZED Figure,yahooフリマ,,2790-9778-3613,,TRUE,,TRUE
64,20260410_miyawaki_ph_01_3,,2604185A4WFU61,4/20,,,フィリピン,"₱4,823.00",FALSE,仕入れ無,,,,キャンセル,,,,,,,,Ichiban Kuji Yu Yu Hakusho Dark Tournament Vol. 3 Last One Prize: Youko Kurama MASTERLIZED Figure,,,,,FALSE,,FALSE
65,20260409_machida_ph_01_2,ph,2604197RQ772N8,4/19,4/20,4/20,フィリピン,"₱5,638.00",TRUE,"¥8,800","¥1,581","₱1,606.00",88P,,4/21小森,,,,,0,,[Direct From Japan] 1/12 Scale Electric RC Assembly Kit: Midnight Pumpkin Metallic Special,Joshin（A）,5/8,2790-9750-2714,,TRUE,,TRUE
66,20260415_miyawaki_ph_03_2,ph,26041985CPVC1N,4/19,,4/20,フィリピン,"₱4,559.00",TRUE,"¥6,795","¥1,135",₱981.00,,,4/23松本,2099,40.5,28,24,92.5,,Ichiban Kuji Frieren: Beyond Journey's End Frieren Prize A Figure,メルカリ,,2790-9768-4902,,TRUE,,TRUE
67,20260324_machida_ph_01,ph,26041992DVFC55,4/20,4/20,4/20,フィリピン,"₱5,761.00",TRUE,"¥8,410","¥1,581","₱1,206.00",84P,,4/21菅原,,,,,0,,Authentic Tamiya Unisex 1/10 Electric RC Car Series No.628 Racing Fighter (DT-03 Chassis) Off-Road,Joshin,5/8,2790-9750-2541,,TRUE,,TRUE
68,20260330_machida_ph_01,ph,260420A1E9TSMU,4/20,4/20,4/20,フィリピン,"₱2,226.00",TRUE,"¥3,200","¥1,135",₱481.00,96P,,4/21小森,,,,,0,,【Directly from Japan】 TAMIYA 1/35 Military Miniature Series No. 362 French Main Battle Tank Leclerc Series 2 Plastic Model 35362 (Tank),Amazon,5/7,2790-9750-2600,,TRUE,,TRUE
69,20260409_machida_ph_01_3,ph,260420A4EQ1PRR,4/20,4/20,4/20,フィリピン,"₱5,638.00",TRUE,"¥11,000","¥1,581","₱1,678.00",710P,,4/21菅原,,,,,0,,[Direct From Japan] 1/12 Scale Electric RC Assembly Kit: Midnight Pumpkin Metallic Special,yahooショッピング,,2790-9750-2670,,TRUE,,TRUE
70,20260316_machida_ph_03,ph,260420A65967MV,4/20,4/20,3/30,フィリピン,"₱4,085.00",TRUE,"¥7,255","¥1,135",₱706.00,有在庫,K27の有在庫,菅原4/20,,,,,0,,Bandai (Bandai) RG 1/144 GUNDAM SIDE-F Limited RX-93FF ν Gundam Mobile Suit Gundam Counterattack Char,Amazon,,2790-9750-2762,,TRUE,,TRUE
71, 20260413_machida_ph_01,ph,260420AUDNJSB5,4/20,4/20,4/21,フィリピン,"₱6,656.00",TRUE,"¥10,979","¥1,135","₱1,431.00",319P,,松本4/23,2982,50,34.5,16,100.5,,[Direct From Japan] Tamiya 1/10 Electric RC Car Series No. 546 1/12 Lunchbox Black Edition 58546,Amazon,5/7,2790-9768-4935,,TRUE,,TRUE
72,20260417_miyawaki_ph_04,,260420BBMKWXP1,4/20,,,フィリピン,"₱8,569.00",FALSE,仕入れ無,,,,キャンセル,,,,,,,,Ichiban Kuji Frieren: Beyond Journey's End Last One Prize: Frieren Art Scale Figure,,,,,FALSE,,FALSE
73,20260417_miyawaki_ph_04,ph,260420BDMV1DF6,4/20,,4/21,フィリピン,"₱8,569.00",TRUE,"¥12,700","¥1,581","₱1,156.00",,,菅原4/24,2877,54,41,25,120,,Ichiban Kuji Frieren: Beyond Journey's End Last One Prize: Frieren Art Scale Figure,yahooフリマ,,2790-9778-3521,,TRUE,,TRUE
74,20260119_machida_ph_03,ph,260421D9XXTW7F,4/21,4/22,4/22,フィリピン,"₱9,893.00",FALSE,"¥20,800","¥2,442","₱4,081.00",724P,,4/23菅原,8306,60,55,34,149,,"Seiko Wall Clock – Musical Motion Clock, Radio-Controlled RE576A (Analog / Triple-Selection Melody / Rotating Ornaments / Ivory Marble",Amazon,5/7,2790-9768-4950,,TRUE,,TRUE
75,20260123_machida_ph_02,ph,260421D9XXTW7F,4/21,4/22,4/22,フィリピン,"₱11,350.00",TRUE,"¥22,000",,↑同梱,3640P,,同梱,↑同梱,,,,0,,Seiko Clock Wall Clock Quartz Clock Mechanical Clock Analog Triple Selection Melody Silver 443×405×97mm RE602S,Amazon,5/7,2790-9768-4950,,TRUE,,FALSE
76,20260408_mizushima_ph_05,ph,260421DCVQ349X,4/21,4/22,4/22,フィリピン,"₱3,442.00",TRUE,"¥6,980","¥1,135",₱181.00,275P,,松本4/23,419,26,20,13,59,,"MIC DiGiSM One and Only ""SLAM DUNK"" Takenori Akagi, approximately 170mm tall, non-scale, PVC + ABS painted finished figure.",楽天市場（サンネット商店）,,2790-9768-5031,,TRUE,,TRUE
77,20260410_miyawaki_ph_01_3,ph,260421DKC6JCAQ,4/21,,4/23,フィリピン,"₱4,823.00",TRUE,"¥7,400",¥865,₱656.00,,,菅原4/24,1430,46,18,17,81,,Ichiban Kuji Yu Yu Hakusho Dark Tournament Vol. 3 Last One Prize: Youko Kurama MASTERLIZED Figure,メルカリ,,2790-9778-3554,,TRUE,,TRUE
78,20260303_miyawaki_ph_02,ph,260421DKUPFR4G,4/21,,4/24,フィリピン,"₱4,093.00",TRUE,"¥6,690",¥865,₱406.00,121P,,4/27小森,901,28,25.5,21,74.5,,Ichiban Kuji JoJo's Bizarre Adventure -THE★JOJO WORLD Jolyne Cujoh Prize F Anime Figure,らしんばん,,2790-9828-6530,,FALSE,,TRUE
79, 20260422_machida_ph_03,ph,260422F86UHJPT,4/22,4/22,4/22,フィリピン,"₱2,466.00",TRUE,"¥3,156",¥613,₱131.00,200P,,4/24松本,346,25,23.5,10,58.5,,"[Direct From Japan] Wild Willy 2, WR-02 Dual Hunter and other A-parts, 10005713",yahooショッピング,,2790-9778-3425,,TRUE,,TRUE
80,20260417_miyawaki_ph_04_2,ph,260422FJ1YQV6S,4/22,,4/23,フィリピン,"₱8,569.00",TRUE,"¥13,300","¥1,581","₱1,481.00",,,5/1松丸,3101,52,38.5,28,118.5,,Ichiban Kuji Frieren: Beyond Journey's End Last One Prize: Frieren Art Scale Figure,yahooフリマ,,2790-9865-9604,,FALSE,,TRUE
81,20260219_machida_sg_06,sg,260422G5BCYJD6,4/22,4/22,4/23,シンガポール,SGD85.50,TRUE,"¥5,420",¥613,,542P,,4/24松本,260,30.5,17,11,58.5,,Seiko Watch ALBA Ghibli Collaboration Model Kiki's Delivery Service,ビックカメラ,,2790-9778-3462,,TRUE,,FALSE
82,20260410_miyawaki_ph_01_4,ph,260423J1N1F14B,4/23,4/23,4/23,フィリピン,"₱4,823.00",TRUE,"¥7,030",¥865,,,配送失敗,4/28小森,1295,18,42,15,75,,Ichiban Kuji Yu Yu Hakusho Dark Tournament Vol. 3 Last One Prize: Youko Kurama MASTERLIZED Figure,ラクマ,,2790-9828-6611,,FALSE,,TRUE
83,20260410_miyawaki_ph_01_5,ph,260423JH85NP7A,4/23,4/24,4/24,フィリピン,"₱4,823.00",TRUE,"¥7,611","¥1,135",₱681.00,,,4/30湯浅,1482,44,21,17,82,,Ichiban Kuji Yu Yu Hakusho Dark Tournament Vol. 3 Last One Prize: Youko Kurama MASTERLIZED Figure,メルカリ,,2790-9855-1476,,FALSE,,TRUE
84,20260402_miyawaki_ph_01,ph,260423JHB23QF1,4/23,4/24,4/24,フィリピン,"₱2,318.00",TRUE,¥713,¥865,₱381.00,,,4/28松丸,836,33.5,25.5,12,71,,Ichiban Kuji Yu Yu Hakusho Dark Tournament vol.3 Hiei MASTERLIZED Prize C Figure,yahooフリマ,,2790-9828-6375,,FALSE,,TRUE
85,20260417_miyawaki_ph_04_3,ph,260423JPCH3VD9,4/23,4/24,4/24,フィリピン,"₱8,569.00",TRUE,"¥13,400","¥1,581","₱1,456.00",,,4/28小柳,3026,40,39,28,107,,Ichiban Kuji Frieren: Beyond Journey's End Last One Prize: Frieren Art Scale Figure,yahooフリマ,,2790-9828-6320,,FALSE,,TRUE
86,20260123_machida_ph_04_4,ph,260424M1FJJ92V,4/24,4/24,4/24,フィリピン,"₱7,234.00",TRUE,"¥11,000",,有在庫へ,430P,キャンセル,,,,,,0,,Tamiya 1/10 Electric RC Car Series No.242 Wild Willy 2 Off-Road 58242,Amazon,5/7,,,FALSE,,FALSE
87,20260417_miyawaki_ph_04_4,ph,260424MCCJ0HH0,4/24,4/24,4/24,フィリピン,"₱8,569.00",TRUE,"¥12,900","¥1,581","₱1,331.00",,,5/1小森,2932,41,38,25,104,,Ichiban Kuji Frieren: Beyond Journey's End Last One Prize: Frieren Art Scale Figure,yahooフリマ,,2790-9865-9523,,FALSE,,TRUE
88,20260415_miyawaki_ph_03_4,ph,260424MEM5PX3F,4/24,4/24,4/24,フィリピン,"₱4,559.00",TRUE,"¥6,600","¥1,135",₱906.00,,,4/28松丸,1886,36.5,30,27,93.5,,Ichiban Kuji Frieren: Beyond Journey's End Frieren Prize A Figure,yahooフリマ,,2790-9828-6272,,FALSE,,TRUE
89,20260410_miyawaki_ph_01_6 ,ph,260424MU4CK94B,4/24,,5/1,フィリピン,"₱4,823.00",TRUE,"¥7,599",¥865,₱531.00,,,5/1小柳,1127,34,21,20.5,75.5,,Ichiban Kuji Yu Yu Hakusho Dark Tournament Vol. 3 Last One Prize: Youko Kurama MASTERLIZED Figure,メルカリ,,2790-9865-9630,,FALSE,,TRUE
90,20260324_machida_ph_02,ph,260425P3PCW09G,4/25,4/27,4/27,フィリピン,"₱5,100.00",TRUE,"¥7,980","¥1,135","₱1,056.00",79P,,4/28松丸,2193,50,35,13.5,98.5,,Authentic Tamiya 1/10 Electric RC Car Series No.336 Hornet,Joshin,5/8,2790-9828-6445,,FALSE,,TRUE
91,20260422_machida_ph_04,ph,260425PVU07FU5,4/25,4/27,4/27,フィリピン,"₱1,896.00",TRUE,"¥2,705",¥613,₱181.00,81P,,4/28小森,387,18,31,6,55,,Takara Tomy (TAKARA TOMY) Tomica Premium NISSAN SPORTS CARS 3 MODELS Collection Die-cast cars Toys For ages 6 and over,Amazon,5/7,2790-9828-6655,,FALSE,,TRUE
92,20260409_machida_ph_01_4,ph,260425Q4AE3JT0,4/25,4/27,4/27,フィリピン,"₱6,694.00",TRUE,"¥8,800","¥1,135","₱1,431.00",352P,,4/28松丸,3008,50,35.5,15,100.5,,[Direct From Japan] 1/12 Scale Electric RC Assembly Kit: Midnight Pumpkin Metallic Special,Amazon,5/7,2790-9828-6482,,FALSE,,TRUE
93,20260408_machida_ph_06,ph,260426SFC8KYCV,4/26,4/27,4/27,フィリピン,"₱5,673.00",TRUE,"¥10,667",¥613,₱256.00,420P,配送失敗,4/29小森,506,26,24,10,60,,"Kaiyodo Revoltech Amazing Yamaguchi Deadpool Ver. 2.5, approximately 170mm tall",Amazon,5/7,2790-9842-8943,,FALSE,,TRUE
94,20260407_machida_ph_07,,260426T9APRBJ6,4/26,,,フィリピン,"₱2,258.00",FALSE,仕入れ無,,,,キャンセル,,,,,,,,S.H.Figuarts ONE PIECE Monkey D. Luffy -Dawn of Adventure- Approximately 145mm ABS&PVC painted movable figure [Direct From Japan],,,,,FALSE,,FALSE
95,20260415_miyawaki_ph_03_3,ph,260427U35HE3WV,4/27,4/27,4/27,フィリピン,"₱4,593.00",TRUE,"¥7,000","¥1,135",₱981.00,,,4/30湯浅,2069,39,34,24,97,,Ichiban Kuji Frieren: Beyond Journey's End Frieren Prize A Figure,メルカリ,,2790-9855-1653,,FALSE,,TRUE
96,20260402_miyawaki_ph_01_2,ph,260427U4VMU16J,4/27,4/27,4/27,フィリピン,"₱2,318.00",TRUE,"¥3,000",¥865,₱381.00,,,4/30松丸,845,31,24,11,66,,Ichiban Kuji Yu Yu Hakusho Dark Tournament vol.3 Hiei MASTERLIZED Prize C Figure,yahooフリマ,,2790-9855-1561,,FALSE,,TRUE
97,20260415_miyawaki_ph_03_5,ph,260427VHYG10XJ,4/27,4/27,4/29,フィリピン,"₱4,593.00",TRUE,"¥6,250","¥1,135","₱1,056.00",,,5/6,,,,,0,,Ichiban Kuji Frieren: Beyond Journey's End Frieren Prize A Figure,yahooフリマ,,2790-9936-9942,,TRUE,,TRUE
98,20260420_ishida_ph_06,ph,2604280ECM7W63,4/28,,4/28,フィリピン,"₱2,736.00",TRUE,"¥7,160",¥613,,208P,配送失敗,4/29小森,410,22,12,11,45,,Nendoroid Blue Archive Ajitani Hifumi Non-scale Plastic Painted Movable Figure,Amazon,5/7,2790-9842-8840,,FALSE,,TRUE
99,20260302_machida_ph_02,ph,2604281PAC18R0,4/28,4/29,4/29,フィリピン,"₱2,908.00",TRUE,"¥4,773",¥865,₱531.00,143P,,4/30小森,1202,38,26,14,78,,Jurassic World Hammond Collection Stegosaurus Action Figure Dinosaur Toy,Amazon,5/7,2790-9855-1384,,FALSE,,TRUE
100,20260318_machida_ph_01_4,ph,2604281UNMUHVN,4/28,4/29,4/29,フィリピン,"₱6,441.00",TRUE,"¥11,000","¥1,581","₱1,281.00",110P,,4/30松丸,2694,55,36.5,25.5,117,,Tamiya 1/10 Electric RC Car Series No.571 Porsche 911 Carrera RSR (TT-02 Chassis) On-Road 58571 [New] [Authentic] [Shipped from Japan],Joshin（A）,5/8,2790-9855-1712,,FALSE,,TRUE
101,20260423_miyawaki_ph_01,ph,2604281YMEPRDD,4/28,,4/29,フィリピン,"₱2,800.00",TRUE,"¥4,500",¥613,₱206.00,,,5/1松丸,498,26,18.5,15,59.5,,Ichiban Kuji WIND BREAKER Original 5th Anniversary A Prize: Sakura Haruka Figure,yahooフリマ,,2790-9865-9383,,FALSE,,TRUE
102,20260422_mizushima_ph_02,ph,26042825JTS270,4/28,4/29,4/29,フィリピン,"₱7,853.00",TRUE,"¥14,960",,有在庫へ,1895P,キャンセル,,,,,,0,,[Casio] G-SHOCK Watch [Authentic Japanese Import] GA-100BEG-1AJF Men's Black,Amazon,5/7,,,FALSE,,FALSE
103,20260402_miyawaki_ph_01_3,ph,26042825W5PS13,4/28,4/29,4/29,フィリピン,"₱2,318.00",TRUE,"¥2,880",¥865,₱381.00,,,5/1湯浅,828,33,26,17,76,,chiban Kuji Yu Yu Hakusho Dark Tournament vol.3 Hiei MASTERLIZE Prize C Figure,メルカリショップ,,2790-9900-9781,,FALSE,,TRUE
104,20260428_miyawaki_ph_01,ph,2604282A31K0J8,4/28,4/29,4/29,フィリピン,"₱6,433.00",TRUE,"¥10,333",¥865,,,配送失敗,5/1湯浅,1133,31,23,18.5,72.5,,Ichiban Kuji Yu Yu Hakusho Dark Tournament vol.3 Kazuma Kuwabara MASTERLIZE Prize B Figure,メルカリ,,2790-9901-0164,,FALSE,,TRUE
105,20260119_miyawaki_ph_07_3,ph,2604282A404UG5,4/28,4/29,4/30,フィリピン,"₱4,228.00",TRUE,"¥7,399",¥865,,,配送失敗,5/6小森,,22,36,17,75,,Ichiban Kuji Yu Yu Hakusho Dark Tournament vol.2 Karasu MASTERLISE Prize B Anime Figure,メルカリ,,2790-9937-0056,,TRUE,,TRUE
106,20260422_ishida_ph_01,ph,2604282DW2V5T4,4/28,,,フィリピン,₱502.00,FALSE,仕入れ無,,,,キャンセル,,,,,,0,,[BANDAI]GODZIBURST Godzilla(1954),,,,,FALSE,,FALSE
107,20260410_miyawaki_ph_01_7,ph,2604293F2XAVA7,4/29,4/29,4/29,フィリピン,"₱4,823.00",TRUE,"¥7,200","¥1,135",₱631.00,,,5/4小栁,1375,36,25,20,81,,Ichiban Kuji Yu Yu Hakusho Dark Tournament Vol. 3 Last One Prize: Youko Kurama MASTERLIZE Figure,yahooフリマ,,2790-9901-0035,,FALSE,,TRUE
108,20260422_ishida_ph_05,ph,2604293V8AA7CN,4/29,4/30,4/29,フィリピン,₱512.00,TRUE,¥730,"¥1,135",₱581.00,291P,,4/30小栁,,,,,0,,[BANDAI]GODZIBURST Godzilla(2016),Amazon,5/7②,2790-9855-1351,,TRUE,,FALSE
109,20260422_ishida_ph_02,ph,2604293V8AA7CN,4/29,4/30,,フィリピン,₱492.00,TRUE,¥691,同梱,↑同梱,,,4/30小栁,,,,,0,,[BANDAI]GODZIBURST Godzilla(2004),,5/7②,2790-9855-1351,,TRUE,,FALSE
110,20260423_ishida_ph_05,ph,2604293V8AA7CN,4/29,4/30,,フィリピン,₱513.00,TRUE,¥730,同梱,↑同梱,,,4/30小栁,,,,,0,,[BANDAI]GODZIBURST Mechagodzilla (1993),,5/7②,2790-9855-1351,,TRUE,,FALSE
111,20260423_ishida_ph_02,ph,2604293V8AA7CN,4/29,4/30,,フィリピン,₱496.00,TRUE,¥694,同梱,↑同梱,,,4/30小栁,,,,,0,,[BANDAI]GODZIBURST Mechagodzilla (1974),,5/7①,2790-9855-1351,,TRUE,,FALSE
112,20260423_ishida_ph_03,ph,2604293V8AA7CN,4/29,4/30,,フィリピン,₱915.00,TRUE,"¥1,527",同梱,↑同梱,,,4/30小栁,,,,,0,,[BANDAI]GODZIBURST DX:King Ghidorah (1991),,5/7②,2790-9855-1351,,TRUE,,FALSE
113,20260422_ishida_ph_01,ph,2604293V8AA7CN,4/29,4/30,,フィリピン,₱502.00,TRUE,¥710,同梱,↑同梱,,,4/30小栁,1296,41,31,27,99,,[BANDAI]GODZIBURST Godzilla(1954),,5/7②,2790-9855-1351,,TRUE,,FALSE
114,20260417_miyawaki_ph_02,ph,26042949BNDTAQ,4/29,4/30,4/30,フィリピン,"₱2,960.00",TRUE,"¥4,726",¥865,,,配送失敗,5/1湯浅,860,35,22.5,18,75.5,,Ichiban Kuji Yu Yu Hakusho Dark Tournament Prize B Yusuke Urameshi MASTERLISE Figure,メルカリショップ,,2790-9900-9593,,FALSE,,TRUE
115,20260323_machida_ph_01_2,ph,2604294VDCQRMG,4/29,4/30,4/30,フィリピン,"₱7,810.00",TRUE,"¥13,130","¥1,581","₱1,481.00",131P,,5/1松丸,3081,55,37,25,117,,Tamiya 1/10 Electric RC Car Series No.662 Comical Grasshopper (WR-02CB Chassis) Off-Road 58662 【Direct from Japan】,Joshin,5/8,2790-9865-9420,,FALSE,,TRUE
116,20260401_ishida_ph_01,ph,2604305TPN1334,4/30,4/30,4/30,フィリピン,"₱3,980.00",TRUE,"¥6,710",¥613,₱181.00,617P,,5/7,,,,,0,,[Good Smile Arts Shanghai] Nendoroid Rebirth 1999 X Non-scale Plastic Painted Movable Figure,yahooショッピング,,2790-9952-5714,,TRUE,,FALSE
117,20260420_mizushima_ph_07,ph,26043062SXWNV3,4/30,4/30,4/30,フィリピン,"₱7,146.00",TRUE,"¥12,000","¥1,581","₱1,156.00",,※タイトル間違えのため商品はサザビーです。,5/6松丸,2422,61,41,14,116,,[Gundam Base / Event Exclusive] MG 1/100 Zaku II Ver.Ka Mechanical Clear Model Kit from Mobile Suit Gundam: Char's Counterattack (Bandai Spirits),メルカリ,,2790-9937-0675,,FALSE,,TRUE
118,20260402_miyawaki_ph_01_4,ph,260430652AGS63,4/30,4/30,4/30,フィリピン,"₱2,318.00",TRUE,"¥3,500",¥865,₱356.00,,,5/6小栁,778,36,25,11,72,,Ichiban Kuji Yu Yu Hakusho Dark Tournament vol.3 Hiei MASTERLIZE Prize C Figure,メルカリ,,2790-9937-0395,,FALSE,,TRUE
119,20260424_ishida_ph_03,ph,260430691B098Y,4/30,4/30,4/30,フィリピン,"₱6,126.00",TRUE,"¥9,980",¥613,,399P,配送失敗,5/4松丸,906,23,18.5,17.5,59,,[Direct From Japan]YAMAHA Portable Speaker WS-B1A(B): Bluetooth / Compact / IP67-rated dust and water resistance / Ideal for wet areas and outdoor use / Clear Voice / Black,Amazon,5/7,2790-9900-9674,,FALSE,,TRUE
120,20260324_machida_ph_03,ph,26043077JD9Q3P,4/30,5/1,5/1,フィリピン,"₱7,064.00",TRUE,"¥10,560","¥1,581","₱1,356.00",105P,,5/5湯浅,2663,50,36,17.5,103.5,,Authentic Tamiya 1/10 Electric RC Car Series No.599 RAYBRIG NSX CONCEPT-GT (TT-02 Chassis) On-Road,Joshin,,2790-9919-5782,,FALSE,,TRUE
121,20260410_miyawaki_ph_01_8,ph,2604307A2697M9,4/30,5/1,5/1,フィリピン,"₱4,823.00",TRUE,"¥7,500",¥865,,,,5/13小森,1272,20,45,17,82,,Ichiban Kuji Yu Yu Hakusho Dark Tournament Vol. 3 Last One Prize: Youko Kurama MASTERLIZE Figure,メルカリ,,2791-0044-3322,,FALSE,,FALSE
122,20260417_miyawaki_ph_04_5,ph,2604307FJSR8BG,4/30,5/1,5/1,フィリピン,"₱8,569.00",TRUE,"¥14,000","¥2,103","₱2,156.00",,,5/7松丸,4452,59,42.5,35,136.5,,Ichiban Kuji Frieren: Beyond Journey's End Last One Prize: Frieren Art Scale Figure,メルカリ（着払）,,2790-9952-6156,,TRUE,,TRUE
123,20260415_miyawaki_ph_03_6,ph,2604307FJSR8BG,4/30,5/1,5/1,フィリピン,"₱4,593.00",TRUE,"¥6,100",,↑同梱,,122と同梱,同梱,4452,59,42.5,35,136.5,,Ichiban Kuji Frieren: Beyond Journey's End Frieren Prize A Figure,yahooフリマ,,2790-9952-6156,,TRUE,,TRUE
124,20260407_machida_ph_07,ph,2604307HTFAJ46,4/30,5/1,5/4,フィリピン,"₱2,258.00",TRUE,"¥3,570",¥613,₱81.00,357P,,5/6,,,,,0,,S.H.Figuarts ONE PIECE Monkey D. Luffy -Dawn of Adventure- Approximately 145mm ABS&PVC painted movable figure [Direct From Japan],ヨドバシドットコム,,2790-9936-9603,,TRUE,,TRUE
125,20260406_mizushima_ph_01,ph,260501885C2FJU,5/1,5/1,5/1,フィリピン,"₱5,205.00",TRUE,"¥8,100","¥1,135",,,,5/7,,,,,0,,BANDAI SPIRITS MG 1/100 Gundam Base Limited GM Sniper Custom (Mobile Suit Zeta Gundam Version),駿河屋,,2790-9952-5891,,TRUE,,FALSE
126,20260410_mizushima_ph_11,ph,26050188MS2JEY,5/1,5/1,5/1,フィリピン,"₱28,028.00",TRUE,"¥53,900","¥2,103",,9016P,配送失敗,,,,,,140,,[Tamiya] 1/10 Electric RC Car Series No. 489 4WD Racing Buggy Avante (2011) Electric Radio Control,楽天市場（Joshin）,,2790-9937-0583,,FALSE,,FALSE
127,20260402_miyawaki_ph_01_5,ph,2605018JC17S1A,5/1,,5/1,フィリピン,"₱2,383.00",TRUE,"¥3,100",¥613,₱331.00,,,5/13松丸,703,30.5,20.5,10,61,,Ichiban Kuji Yu Yu Hakusho Dark Tournament vol.3 Hiei MASTERLIZE Prize C Figure,メルカリ,,2791-0044-3635,,FALSE,,FALSE
128,20260119_miyawaki_ph_07_4,ph,2605018JT0GPRV,5/1,,5/1,フィリピン,"₱4,228.00",TRUE,"¥6,000",¥865,,,,5/14松丸,946,34,19,17,70,,Ichiban Kuji Yu Yu Hakusho Dark Tournament vol.2 Karasu MASTERLISE Prize B Anime Figure,メルカリ,,2791-0055-8041,,FALSE,,FALSE
129,20260417_sugahara_ph_01,ph,2605018N91NXNR,5/1,5/1,5/1,フィリピン,"₱5,536.00",TRUE,"¥8,980",,有在庫へ,89P,キャンセル,5/6小森,2004,50,17,35,102,,Tamiya Star Unit Comical Wheelie Series No. 9 RC Lunchbox Mini (SW-01 Chassis) 57409,Joshin,,2790-9937-0992,,FALSE,,FALSE
130,20260306_machida_ph_04_2,,2605018XJCEPNN,5/1,5/1,5/1,フィリピン,"₱13,167.00",TRUE,"¥25,800","¥1,581","₱1,531.00",258P,,5/6松丸,3168,60,44.5,18.5,123,,Tamiya RC Special Product 1/10 Electric RC Car Super Astute 2018 Off-Road 47381,Joshin,,2790-9937-0830,,FALSE,,TRUE
131,20260413_ishida_ph_01,,2605019NTEWHWA,5/1,5/4,5/4,フィリピン,"₱3,525.00",TRUE,"¥6,290",¥613,,114P,,,,,,,0,,Good Smile Company Nendoroid Teto Kasane 2.0 Non-scale Plastic Painted Movable Figure,らしんばん,,2790-9952-5795,,TRUE,,FALSE
132,20260424_machida_ph_16,,260501A098FT6U,5/1,5/4,5/4,フィリピン,"₱1,399.00",TRUE,"¥1,609",¥865,₱231.00,48P,,5/5小森,,46,20,7,73,,[Direct From Japan] Takara Tomy (TAKARA TOMY) Plarail S-56 Mickey Mouse Speed Express Train Set – Toy for ages 3 and up,Amazon,,2790-9919-5675,,FALSE,,TRUE
133,20260420_mizushima_ph_09,,260502ARNT5SNC,5/2,5/5,5/5,フィリピン,"₱5,921.00",TRUE,"¥8,611","¥1,135",₱731.00,,,5/7水島,1554,44,34,13,,,[Gundam Base / Event Exclusive] MG 1/100 Wing Gundam Zero EW [CROSS CONTRAST COLORS / CLEAR PURPLE] Plastic Model Kit (Bandai Spirits),駿河屋,,2790-9952-5622,,TRUE,,FALSE
134,20260316_machida_ph_02,,260502BAH340RF,5/2,,,フィリピン,"₱6,302.00",FALSE,仕入れ無,,,,キャンセル,,,,,,,,Bandai MG 1/100 Gundam Epyon EW Sturm und Drang Unit Model Kit Gundam W Endless Waltz Gunpla Japan,,,,,FALSE,,FALSE
135,20260316_machida_ph_02,,260502BAJ98GET,5/2,,,フィリピン,"₱6,302.00",FALSE,仕入れ無,,,,キャンセル,,,,,,,,Bandai MG 1/100 Gundam Epyon EW Sturm und Drang Unit Model Kit Gundam W Endless Waltz Gunpla Japan,,,,,FALSE,,FALSE
136,20260417_miyawaki_ph_04_6,,260502C8CA8SJC,5/2,,,フィリピン,"₱8,569.00",FALSE,仕入れ無,,,,キャンセル,,,,,,,,Ichiban Kuji Frieren: Beyond Journey's End Last One Prize: Frieren Art Scale Figure,,,,,FALSE,,FALSE
137,20260415_miyawaki_ph_03_7,,260502CEUMYQEJ,5/2,5/4,5/4,フィリピン,"₱4,593.00",TRUE,"¥6,500","¥1,135",,,,5/14,,,,,0,,Ichiban Kuji Frieren: Beyond Journey's End Frieren Prize A Figure,yahooフリマ,,2791-0055-7923,,FALSE,,FALSE
138,20260422_ishida_ph_04,,260502CHBHUABM,5/2,5/4,5/4,フィリピン,₱506.00,TRUE,¥718,キャンセル,有在庫へ,21P,キャンセル,,,,,,0,,[BANDAI]GODZIBURST Godzilla(1991),Amazon,,,,FALSE,,FALSE
139,20260428_miyawaki_ph_01_1,,260503DGUE3RQ7,5/3,5/4,5/4,フィリピン,"₱6,433.00",TRUE,"¥9,900",¥650,,,,5/18松本,1193,32,24,23.5,79.5,,Ichiban Kuji Yu Yu Hakusho Dark Tournament vol.3 Kazuma Kuwabara MASTERLIZE Prize B Figure,yahooフリマ,,1404-6157-1025,,FALSE,,FALSE
140,20260428_machida_ph_04,,260502CKFCCNPG,5/3,5/4,5/4,フィリピン,"₱7,987.00",TRUE,"¥13,380","¥1,581","₱1,406.00",133P,,5/5松丸,2924,54.5,37,25.5,117,,[Direct From Japan] Tamiya 1/10 Electric RC Car Series No. 727 Mitsubishi Pajero (CW-01 Chassis) 58727,Joshin,,2790-9919-5550,,FALSE,,TRUE
141,20260306_machida_ph_04_3,,260503E0P3JU7T,5/3,,,フィリピン,"₱13,167.00",FALSE,仕入れ無,,,,キャンセル,,,,,,,,Tamiya RC Special Product 1/10 Electric RC Car Super Astute 2018 Off-Road 47381,,,,,FALSE,,FALSE
142,20260417_miyawaki_ph_04_6,,260503ESH9GV55,5/3,,,フィリピン,"₱8,569.00",FALSE,仕入れ無,,,,キャンセル,,,,,,,,Ichiban Kuji Frieren: Beyond Journey's End Last One Prize: Frieren Art Scale Figure,,,,,FALSE,,FALSE
143,20260407_machida_ph_07_2,,260503F4RCAYKB,5/4,5/4,5/4,フィリピン,"₱2,258.00",TRUE,"¥3,570",,,357P,キャンセル,,,,,,0,,S.H.Figuarts ONE PIECE Monkey D. Luffy -Dawn of Adventure- Approximately 145mm ABS&PVC painted movable figure [Direct From Japan],ヨドバシドットコム,,,,FALSE,,FALSE
144,20260407_mizushima_ph_02,,260504HDKGN7ST,5/4,5/5,5/5,フィリピン,"₱5,194.00",TRUE,"¥6,890","¥1,135",₱656.00,,配送失敗,水島,1412,45,39,14,98,,BANDAI SPIRITS MG 1/100 Gundam Base Limited Sengoku Astray Gundam [Metallic] Assembly Plastic Model Kit,駿河屋,,2790-9952-5471,,TRUE,,FALSE
145,20260123_machida_ph_04_4,,260504HMYTD3UT,5/5,5/5,4/24,フィリピン,"₱7,234.00",FALSE,"¥11,000","¥1,581","₱1,781.00",有在庫,K87の在庫,菅原5/5,3596,53,45,20,118,,Tamiya 1/10 Electric RC Car Series No.242 Wild Willy 2 Off-Road 58242,,,2790-9919-5896,,FALSE,,TRUE
146,20260429_machida_ph_05,,260505HSCPCX1M,5/5,,,フィリピン,"₱5,792.00",FALSE,仕入れ無,,,,キャンセル,,,,,,0,,"[Direct From Japan] Holy Stone Drone with Camera – Outdoor, Compact, Child-Friendly, Foldable, 1080p Camera, 3 Batteries, 36-Minute Flight Time, Storage Case Included, Optical Flow Mode, Trajectory Flight, Gesture Control, 2.4GHz, Mode 1/2 Switchable, Bir",,,,,FALSE,,FALSE
147,20260430_ishida_ph_01,,260505JM6F1VYQ,5/5,5/5,5/5,フィリピン,₱502.00,FALSE,¥691,¥613,₱56.00,20P,,5/6,,,,,0,,[BANDAI]GODZIBURST Rodan (1993) & Mazer Unit,Amazon,,2790-9936-9441,,TRUE,,TRUE
148,20260302_ishida_ph_02_3,,260505JU5SVPSE,5/5,5/5,5/5,フィリピン,"₱4,336.00",TRUE,"¥7,100",¥613,₱156.00,,,5/8松丸,332,26,19.5,11,56.5,,S.H.Figuarts Funeral of Freiren Freiren (Resale Version) Approximately 140mm PVC & ABS Painted Movable Figure TAMASHII NATIONS,駿河屋,,2790-9968-1921,,FALSE,,TRUE
149,20260318_machida_ph_01_6,,260505K6E2VHWN,5/5,5/6,5/6,フィリピン,"₱6,528.00",TRUE,"¥8,143","¥1,581","₱1,281.00",334P,,5/8町田,2214,36,25,55,116,,Tamiya 1/10 Electric RC Car Series No.571 Porsche 911 Carrera RSR (TT-02 Chassis) On-Road 58571 [New] [Authentic] [Shipped from Japan],楽天市場（Joshin）,,2790-9968-1475,,FALSE,,FALSE
150,20260423_machida_ph_03,,260505M4AQU0PQ,5/5,5/6,5/6,フィリピン,"₱3,145.00",TRUE,"¥4,652",¥865,₱631.00,93P,,5/8町田,1359,34,25,21,80,,[Direct From Japan] Kyosho Egg Mario Kart Racing Kart R/C Bowser TV035,Amazon,,2790-9968-2175,,FALSE,,TRUE
151,20260219_machida_sg_06_2,,260505M4UY0J7C,5/5,5/6,5/6,シンガポール,SDG87.24,TRUE,"¥6,930",¥613,,811P,,松本5/7,234,20,17,11,48,,Seiko Watch ALBA Ghibli Collaboration Model Kiki's Delivery Service,楽天市場（楽天ビッグ）,,2790-9952-5272,,TRUE,,FALSE
152,20260422_ishida_ph_01_2,,260506NCT1CWFT,5/6,,,フィリピン,₱502.00,FALSE,仕入れ無,,,,キャンセル,,,,,,0,,[BANDAI]GODZIBURST Godzilla(1954),,,,,FALSE,,FALSE
153,20260316_machida_ph_02,,260506NGWQMQU0,5/6,5/6,5/6,フィリピン,"₱6,302.00",TRUE,"¥11,000","¥1,135",₱781.00,320P,,5/7,,,,,0,,Bandai MG 1/100 Gundam Epyon EW Sturm und Drang Unit Model Kit Gundam W Endless Waltz Gunpla Japan,Amazon,,2790-9952-6075,,TRUE,,FALSE
154,20260428_machida_ph_04_2,,260506NNBBF8W2,5/6,5/6,5/6,フィリピン,"₱7,987.00",TRUE,"¥13,380","¥1,581","₱1,406.00",133P,,5/8町田,2638,55,37,25,117,,[Direct From Japan] Tamiya 1/10 Electric RC Car Series No. 727 Mitsubishi Pajero (CW-01 Chassis) 58727,Joshin（A）,,2790-9968-2352,,FALSE,,TRUE
155,20260123_machida_ph_04_5,,260506P0NT3C1P,5/6,5/7,5/7,フィリピン,"₱7,234.00",TRUE,"¥11,000","¥1,581","₱1,756.00",110P,,5/8小栁,3612,55,37,26,118,,Tamiya 1/10 Electric RC Car Series No.242 Wild Willy 2 Off-Road 58242,Joshin（A）,,2790-9968-1033,,FALSE,,TRUE
156,20260407_mizushima_ph_03,,260506P3GF6TSG,5/6,5/7,5/7,フィリピン,"₱4,069.00",TRUE,"¥6,936",¥865,₱481.00,207P,,5/8松丸,1066,34.5,25.5,17,77,,BANDAI SPIRITS MG 1/100 Gouf Ver.2.0 [Clear Color] Gundam Base Event Limited Mobile Suit Gundam Pre-colored Plastic Model Kit,Amazon,,2790-9968-1534,,FALSE,,FALSE
157,20260408_machida_ph_08,,260506P5NNJPPX,5/6,,,フィリピン,"₱4,968.00",FALSE,仕入れ無,,,,キャンセル,,,,,,0,,TAMASHII NATIONS S.H.Figuarts Star Wars Episode III: Revenge of the Sith Yoda -Classic Ver.- (STAR ​​WARS: Revenge of the Sith),,,,,FALSE,,FALSE
158,20260413_machida_ph_01_2,,260506P9DM4K84,5/6,5/7,5/7,フィリピン,"₱6,794.00",TRUE,"¥11,000","¥1,581","₱1,556.00",390P,,5/8町田,3224,40,18,58,116,,[Direct From Japan] Tamiya 1/10 Electric RC Car Series No. 546 1/12 Lunchbox Black Edition 58546,,,2790-9968-0941,,FALSE,,TRUE
159,20260303_ishida_ph_01,,260506PM13EU37,5/6,5/7,5/7,フィリピン,"₱2,955.00",TRUE,"¥5,556",¥613,₱206.00,223P,,5/8,468,22.5,19,11,52.5,,GOOD SMILE COMPANY Nendoroid Goddess of Victory NIKKE Modernia Non-Scale Plastic Painted Movable Figure,Amazon,,2790-9968-1781,,FALSE,,TRUE
160,20260410_miyawaki_ph_01_9,,260506PNMKBSGD,5/6,5/7,4/27,フィリピン,"₱4,988.00",TRUE,"¥7,450",¥650,₱556.00,,,5/19湯浅,1180,36,21,17,74,,Ichiban Kuji Yu Yu Hakusho Dark Tournament Vol. 3 Last One Prize: Youko Kurama MASTERLIZE Figure,yahooフリマ,,1404-6157-2930,,FALSE,,FALSE
161,20260428_machida_ph_04_3,,260507QRRH99D0,5/7,5/7,5/7,フィリピン,"₱7,987.00",TRUE,"¥13,600","¥1,581","₱1,406.00",479P,,5/11松丸,2960,56,48.5,15.5,120,,[Direct From Japan] Tamiya 1/10 Electric RC Car Series No. 727 Mitsubishi Pajero (CW-01 Chassis) 58727,楽天市場,,2791-0023-6925,,FALSE,,TRUE
162,20260422_mizushima_ph_01,,260507R9W3K5RG,5/7,5/8,5/8,フィリピン,"₱6,318.00",TRUE,"¥11,880",¥613,,1525P,配送失敗,5/11宮脇,440,17,24,14,55,,[Casio] G-SHOCK GD-010BEG-1JF Watch [Authentic Japanese Product] Made with eco-friendly materials Men's Black,Amazon,,2791-0023-6951,,FALSE,,FALSE
163,20260220_machida_ph_06,,260507RR6T4XSG,5/7,5/8,5/8,フィリピン,"₱10,325.00",TRUE,"¥20,745",,,721P,キャンセル,有在庫,,,,,0,,Shimano (SHIMANO) Baitcasting Reel Dual Axis 20 Thoreum 2000HG,Amazon,,,,FALSE,,FALSE
164,20260415_miyawaki_ph_03_8,,260507RXJHCYU4,5/7,5/8,5/8,フィリピン,"₱4,732.00",TRUE,"¥6,400",¥890,₱931.00,,,松本5/19,2034,39.5,33.5,27,100,,Ichiban Kuji Frieren: Beyond Journey's End Frieren Prize A Figure,yahooフリマ,,1404-6157-2941,,FALSE,,FALSE
165,20260115_machida_sg_02,,260508SHQMCRHA,5/8,,,シンガポール,SDG60.63,FALSE,仕入れ無,,,,キャンセル,,,,,,0,,Kyocera Diamond Electric Roll Knife Sharpener,,,,,FALSE,,FALSE
166, 20260305_ishida_ph_05,,260508UBJR0VQ7,5/8,,,フィリピン,"₱3,258.00",FALSE,,,,,キャンセル,,,,,,0,,Nendoroid Character Vocal Series 02 Kagamine Rin & Len Kagamine Len 2.0 Non-scale Plastic Painted Action Figure,,,,,FALSE,,FALSE
167,20260428_miyawaki_ph_01_3,,260508UGBEKYC7,5/8,5/12,5/12,フィリピン,"₱6,433.00",TRUE,"¥9,900",¥650,₱606.00,,,松本5/20,1267,35,27.5,17,79.5,,Ichiban Kuji Yu Yu Hakusho Dark Tournament vol.3 Kazuma Kuwabara MASTERLIZE Prize B Figure,メルカリ,,1404-6157-2812,,FALSE,,FALSE
168,20260430_machida_ph_14,,260508UKP105TH,5/8,,,フィリピン,"₱2,773.00",FALSE,,,,,キャンセル,,,,,,0,, [Direct From Japan] Barbie Birthday Wishes Latina Signature Dress-up Doll & House – Pretend Play – Barbie Doll – Ages 6+ – Pink – JJX78,,,,,FALSE,,FALSE
169,20260115_machida_sg_02,,2605090PWAC64N,5/9,5/12,5/12,シンガポール,SGD60.63,TRUE,"¥4,514",¥613,,135P,,5/13小森,507,19,23,12,54,,Kyocera Diamond Electric Roll Knife Sharpener,Amazon,,2791-0044-3506,,FALSE,,FALSE
170,20260428_mizushima_ph_06,,260508USBRFM9P,5/9,5/11,5/11,フィリピン,"₱2,114.00",TRUE,"¥2,973",¥865,₱281.00,89P,,松本5/12,610,35,32,9,76,,Fujimi Models 1/12 NEXT Series No. 1101 Honda Super Cub 50 Type Hello Kitty 12NX-1101,Amazon,,2791-0033-4273,,FALSE,,FALSE
171,20260422_ishida_ph_02_2,,260509W2MR1XC5,5/9,5/11,5/11,フィリピン,₱492.00,TRUE,¥691,¥613,₱106.00,20P,,,,,,,0,,[BANDAI]GODZIBURST Godzilla(2004),Amazon,,2791-0033-4844,,FALSE,,FALSE
172,20260430_machida_ph_14,,260509092U5V0C,5/9,,,フィリピン,"₱2,773.00",FALSE,,,,,キャンセル,,,,,,0,,[Direct From Japan] Barbie Birthday Wishes Latina Signature Dress-up Doll & House – Pretend Play – Barbie Doll – Ages 6+ – Pink – JJX78,,,,,FALSE,,FALSE
173,20260430_machida_ph_01,,260509092U5V0C,5/9,,,フィリピン,"₱5,567.00",FALSE,,,,,キャンセル,,,,,,0,,[Direct From Japan] Barbie Basic You Create Kit 1 YOU CREATE BARBIE BASICS™ Neutral Kit 001 Signature BLACK Dress-up dolls & houses Pretend play Barbie dolls Ages 6+ JJX35,,,,,FALSE,,FALSE
174,20260410_miyawaki_ph_01_9,,2605090BG4XFQ8,5/9,5/12,5/12,フィリピン,"₱4,988.00",TRUE,"¥7,000",¥650,,,配送失敗,松本5/20,1326,34.5,23.5,22.5,80.5,,Ichiban Kuji Yu Yu Hakusho Dark Tournament Vol. 3 Last One Prize: Youko Kurama MASTERLIZE Figure,メルカリ,,1404-6157-2801,,FALSE,,FALSE
175,20260430_machida_ph_04,,2605090NC5QWY8,5/9,5/11,5/11,フィリピン,"₱4,317.00",TRUE,"¥9,900",¥865,₱631.00,396P,,松本5/12,1353,37,30,11,78,,[Direct From Japan] Barbie Basic You Create Kit 3 YOU CREATE BARBIE BASICS™ Neutral Kit 003 Signature BLACK Dress-up dolls & houses Pretend play Barbie dolls Ages 6+ JJX37,Amazon,,2791-0033-4343,,FALSE,,FALSE
176, 20260430_machida_ph_03,,2605090SBTAX9E,5/9,5/11,5/11,フィリピン,"₱4,312.00",TRUE,"¥9,900",¥865,₱681.00,396P,,松本5/12,1429,38,30,11,79,,[Direct From Japan] Barbie Basic You Create Kit 2 YOU CREATE BARBIE BASICS™ Neutral Kit 002 Signature BLACK Dress-up dolls & houses Pretend play Barbie dolls Ages 6+ JJX36,Amazon,,2791-0033-4424,,FALSE,,FALSE
177,20260430_miyawaki_ph_01,,2605102F69UR6Q,5/10,,,フィリピン,"₱8,969.00",FALSE,,,,,キャンセル,,,,,,0,,Ichiban Kuji JoJo's Bizarre Adventure The Gathering of STARS Last One Prize Johnny Joestar & Gyro Zeppeli MASTERLISE PLUS Figure,,,,,FALSE,,FALSE
178,20260507_ishida_ph_01,,2605102TGSBT60,5/10,5/11,5/11,フィリピン,"₱4,451.00",TRUE,"¥11,800",¥865,₱431.00,336P,,松本5/12,909,35.5,26.5,16,78,,[HASBRO] Star Wars The Child Animatronic Edition Motorized Mandalorian Toy with Over 25 Combinations of Sounds and Movements | F1119,Amazon,,2791-0033-4645,,FALSE,,FALSE
179,20260423_machida_ph_05,,26051038E45EW8,5/10,5/11,5/11,フィリピン,"₱10,626.00",TRUE,"¥30,660","¥1,581","₱1,606.00",1010P,,松丸5/14,3260,62,42,15,119,,[Direct From Japan] Tamiya 1/10 Electric RC Car Series No. 391 Hot Shot 2007 Off-Road 58391,Amazon,,2791-0053-2863,,FALSE,,FALSE
180,20260413_ishida_ph_01_2,,2605103BVUYW9W,5/10,5/12,5/12,フィリピン,"₱4,545.00",TRUE,"¥10,900",¥520,₱181.00,,,湯浅5/19,405,24,17,10,51,,[Good Smile Company] Nendoroid Teto Kasane 2.0+Special Base Included,yahooフリマ,,1404-6157-2860,,FALSE,,FALSE
181,20260415_miyawaki_ph_03_9,,2605114J27G9EE,5/11,5/12,5/12,フィリピン,"₱4,732.00",TRUE,"¥4,876",¥890,₱906.00,,,小栁5/20,1930,38,29,28,95,,Ichiban Kuji Frieren: Beyond Journey's End Frieren Prize A Figure,yahooフリマ,,1404-6157-2764,,FALSE,,FALSE
182,20260424_mizushima_ph_05,,2605114U3A52Q1,5/11,5/11,5/11,フィリピン,"₱3,272.00",TRUE,"￥6,578",¥613,₱231.00,263P,,5/12小森,529,20,30,7,57,,"SALONIA Cordless Straightener 12mm Hair Straightener with Built-in Power Bank, Lightweight, Ideal for Bangs, Model SAL25119PK, Pink",Amazon,,2791-0033-4601,,FALSE,,FALSE
183,20260316_machida_ph_03_2,,26051152J04B87,5/11,5/11,5/11,フィリピン,"₱4,394.00",TRUE,"¥7,255","¥1,135",₱706.00,218P,,5/12小森,1515,45,37,17,99,,Bandai (Bandai) RG 1/144 GUNDAM SIDE-F Limited RX-93FF ν Gundam Mobile Suit Gundam Counterattack Char,Amazon,,2791-0033-4796,,FALSE,,FALSE
184,20260407_mizushima_ph_06,,26051154RXR9EX,5/11,5/11,5/11,フィリピン,"₱6,736.00",TRUE,"¥11,600","¥1,135",₱756.00,332P,,5/13松丸,1637,42,34,13.5,89.5,,BANDAI SPIRITS MG 1/100 Gundam Epyon EW [CROSS CONTRAST COLORS / CLEAR WHITE] Gundam Base Event Limited Edition Pre-colored Plastic Model Kit,Amazon,,2791-0044-4114,,FALSE,,FALSE
185,20260420_ishida_ph_06_2,,26051272273SJK,5/12,,,フィリピン,"₱2,794.00",FALSE,,,,,運営問合せ中,,,,,,0,,Nendoroid Blue Archive Ajitani Hifumi Non-scale Plastic Painted Movable Figure,,,,,FALSE,,FALSE
186,20260319_machida_ph_03,,2605127KAKGER3,5/12,5/12,5/12,フィリピン,"₱15,933.00",TRUE,"¥29,733","¥1,581","₱1,431.00",991P,,5/14小森,2994,41,64,13,118,,Tamiya 1/10 Electric RC Car Series No.719 BBX BB-01 Chassis 58719,Amazon,,2791-0055-7864,,,,FALSE
187,20260420_mizushima_ph_07_2,,2605128E1R82M3,5/12,,,フィリピン,"₱7,689.00",FALSE,,,,,キャンセル,,,,,,0,,[Gundam Base/Event Exclusive] MG 1/100 Sazabi Ver.Ka Mechanical Clear Model Kit from Mobile Suit Gundam: Char's Counterattack (Bandai Spirits),,,,,FALSE,,FALSE
188,20260410_miyawaki_ph_01_10,,2605128MGA5P96,5/12,5/12,5/13,フィリピン,"₱4,988.00",TRUE,"¥6,900","¥1,100",,,,5/27菅原,2101,43,36,24,103,,Ichiban Kuji Yu Yu Hakusho Dark Tournament Vol. 3 Last One Prize: Youko Kurama MASTERLIZE Figure,メルカリ,,1404-6157-2510,,FALSE,,FALSE
189,20260428_miyawaki_ph_01_4,,2605128MGA5P96,5/12,5/12,5/13,フィリピン,"₱6,433.00",TRUE,"¥9,888",↑同梱,,,,同梱,,,,,0,,Ichiban Kuji Yu Yu Hakusho Dark Tournament vol.3 Kazuma Kuwabara MASTERLIZE Prize B Figure,メルカリ,,1404-6157-2510,,FALSE,,FALSE
190,20260415_miyawaki_ph_03_10,,2605139523N01V,5/13,5/13,5/13,フィリピン,"₱4,732.00",TRUE,"¥6,000",¥890,,,,5/22小栁,2003,39.5,29,25,93.5,,Ichiban Kuji Frieren: Beyond Journey's End Frieren Prize A Figure,yahooフリマ,,1404-6157-2694,,FALSE,,FALSE
191,20260421_miyawaki_ph_01,,2605139XY12D3D,5/13,5/13,5/13,フィリピン,"₱14,233.00",TRUE,"¥23,484",¥890,,574P,配送失敗,5/22松丸,1826,36.5,27.5,26.5,90.5,,"MIC DiGiSM One and Only ""SLAM DUNK"" SHOHOKU STARTING MEMBER SET",yahooショッピング,,1404-6157-2705,,FALSE,,FALSE
192,20260407_miyawaki_ph_03,,260513AEYJD6QP,5/13,5/14,5/14,フィリピン,"₱3,539.00",TRUE,"¥5,900",¥865,,177P,配送失敗,5/15菅原,571,33,15,17,65,,Good Smile Arts Shanghai POP UP PARADE K-ON! Nakano Azusa L size Figure,Amazon,,2791-0066-8556,,FALSE,,FALSE
193,20260410_miyawaki_ph_01_11,,260513AMKPE2NM,5/13,5/14,5/14,フィリピン,"₱4,988.00",TRUE,"¥6,999",¥650,,,配送失敗,5/19小森,1241,20,36,17,73,,Ichiban Kuji Yu Yu Hakusho Dark Tournament Vol. 3 Last One Prize: Youko Kurama MASTERLIZE Figure,メルカリ,,1404-6157-2834,,FALSE,,FALSE
194,20260430_machida_ph_03_2,,260513ARTKPRFS,5/13,5/14,5/14,フィリピン,"₱4,312.00",TRUE,"¥9,900","¥1,135",₱731.00,198P,,5/15小森,1550,31,50,12,93,,[Direct From Japan] Barbie Basic You Create Kit 2 YOU CREATE BARBIE BASICS™ Neutral Kit 002 Signature BLACK Dress-up dolls & houses Pretend play Barbie dolls Ages 6+ JJX36,Amazon,,2791-0066-8884,,FALSE,,FALSE
195,20260430_machida_ph_04_2,,260513AU0F3UR9,5/13,5/14,5/14,フィリピン,"₱4,317.00",TRUE,"¥9,900","¥1,135",₱731.00,198P,,5/15小森,1553,50,31,12,93,,[Direct From Japan] Barbie Basic You Create Kit 3 YOU CREATE BARBIE BASICS™ Neutral Kit 003 Signature BLACK Dress-up dolls & houses Pretend play Barbie dolls Ages 6+ JJX37,Amazon,,2791-0066-8696,,FALSE,,FALSE
196,20260420_mizushima_ph_07_2,,260513B0F8BSU0,5/13,,,フィリピン,"₱7,689.00",FALSE,仕入れ無,,,,キャンセル,,,,,,0,,[Gundam Base/Event Exclusive] MG 1/100 Sazabi Ver.Ka Mechanical Clear Model Kit from Mobile Suit Gundam: Char's Counterattack (Bandai Spirits),,,,,FALSE,,FALSE
197,20260417_miyawaki_ph_04_6,,260514BJ75K36D,5/14,5/14,5/14,フィリピン,"₱8,569.00",TRUE,"¥11,100",,,,,5/28菅原&松丸,4620,70,46,24,140,,Ichiban Kuji Frieren: Beyond Journey's End Last One Prize: Frieren Art Scale Figure,yahooフリマ,,1404-6157-2425,,FALSE,,FALSE
198,20260415_miyawaki_ph_03_11,,260514BJ75K36D,5/14,5/14,5/14,フィリピン,"₱4,732.00",TRUE,"¥6,150",,,,,↑同梱,,,,,0,,Ichiban Kuji Frieren: Beyond Journey's End Frieren Prize A Figure,yahooフリマ,,,,FALSE,,FALSE
199,20260428_miyawaki_ph_01_5,,260514BKBUKB4T,5/14,,,フィリピン,"₱6,433.00",FALSE,仕入れ無,,,,キャンセル,,,,,,0,,Ichiban Kuji Yu Yu Hakusho Dark Tournament vol.3 Kazuma Kuwabara MASTERLIZE Prize B Figure,,,,,FALSE,,FALSE
200,20260429_miyawaki_ph_01,,260514BKE077UE,5/14,5/14,5/14,フィリピン,"₱3,917.00",TRUE,"¥4,799","¥1,100","₱1,181.00",,,5/22松丸,2446,55.5,40,16,111.5,,Ichiban Kuji Yu Yu Hakusho Dark Tournament vol.3 Prize D: Koenma MASTERLISE Figure,メルカリ,,1404-6157-2683,,FALSE,,FALSE
201,20260428_miyawaki_ph_01_5,,260514BKE077UE,5/14,5/14,5/14,フィリピン,"₱6,433.00",TRUE,"¥9,999",↑同梱,↑同梱,,,,,,,,0,,Ichiban Kuji Yu Yu Hakusho Dark Tournament vol.3 Kazuma Kuwabara MASTERLIZE Prize B Figure,メルカリ,,,,FALSE,,FALSE
202,20260429_miyawaki_ph_02,,260514BKE077UE,5/14,5/14,5/14,フィリピン,"₱3,759.00",TRUE,"¥4,799",↑同梱,↑同梱,,,,,,,,0,,Ichiban Kuji Yu Yu Hakusho Dark Tournament vol.3 Prize E Genkai MASTERLISE EMOVING Figure,メルカリ,,,,FALSE,,FALSE
203,20260420_mizushima_ph_09_2,,260514C596ASVK,5/14,5/14,5/14,フィリピン,"₱6,209.00",TRUE,"¥10,300","¥1,135",₱681.00,100P,,5/15松丸,1554,44,32,12.5,88.5,,[Gundam Base / Event Exclusive] MG 1/100 Wing Gundam Zero EW [CROSS CONTRAST COLORS / CLEAR PURPLE] Plastic Model Kit (Bandai Spirits),Amazon,,2791-0066-8486,,FALSE,,FALSE
204,20260415_miyawaki_ph_02,,260514CGAQTJNF,5/14,5/14,5/14,フィリピン,"₱4,104.00",TRUE,"¥7,366",¥613,₱206.00,148P,,5/15松本,508,22.5,19,17.5,59,,Final Fantasy VII Remake Adorable Arts <Aerith Gainsborough> Figure,Amazon,,2791-0066-8431,,FALSE,,FALSE
205,20260413_machida_ph_04,,260514D50BDFUY,5/14,5/14,5/15,フィリピン,"₱19,949.00",TRUE,"¥37,000","¥1,100",,370P,配送失敗,5/18松丸,5678,60.5,39.5,17,117,,[Direct From Japan] Tamiya 1/10 Electric RC Car Series No. 415 RCC Toyota Tundra High Lift Off-Road 58415,Joshin,,1404-6157-2952,,FALSE,,FALSE
206,20260318_machida_ph_04,,260514D587435E,5/14,5/15,5/15,フィリピン,"₱24,199.00",TRUE,"¥46,340","¥1,100",,463P,配送失敗,5/18松丸,3636,60,44,20.5,124.5,,Tamiya 1/10 Electric RC Car Series No.583 Egress (2013) Off-road 58583 [New] [Authentic] [Shipped from Japan],Joshin,,1404-6157-3011,,FALSE,,FALSE
207,20260320_machida_ph_08,,260514D9F3G67H,5/14,5/15,5/15,フィリピン,"₱9,071.00",TRUE,"¥15,480","¥1,100","₱1,356.00",258P,,菅原5/18,2771,63,41,14,118,,Authentic Tamiya 1/10 Electric RC Car Series No.741 Fighter Nexgen (DT-04 Chassis) Electric Radio Control 58741,Amazon,,1404-6157-2985,,FALSE,,FALSE
208,20260423_ishida_ph_05_2,,260514DFRXQKH2,5/14,,,フィリピン,₱513.00,FALSE,仕入れ無,,,,キャンセル,,,,,,0,,[BANDAI]GODZIBURST Mechagodzilla (1993),,,,,FALSE,,FALSE
209,20260413_miyawaki_ph_01,,260514DR4MJV4J,5/14,,,フィリピン,"₱1,436.00",FALSE,仕入れ無,,,,キャンセル,,,,,,0,,Yu Yu Hakusho Figure: Youko Kurama (Dark Tournament),,,,,FALSE,,FALSE
210,20260415_miyawaki_ph_03_12,,260515DVDSF1UD,5/15,5/18,,フィリピン,"₱4,732.00",FALSE,,¥890,,,,5/28松丸,1939,37.5,27.5,24,89,,Ichiban Kuji Frieren: Beyond Journey's End Frieren Prize A Figure,,,1404-6157-2366,,FALSE,,FALSE
211,20260410_miyawaki_ph_01_12,,260515E2N6GBGS,5/15,5/18,,フィリピン,"₱4,988.00",FALSE,,¥650,,,,5/28湯浅,1206,33,24,21,78,,Ichiban Kuji Yu Yu Hakusho Dark Tournament Vol. 3 Last One Prize: Youko Kurama MASTERLIZE Figure,,,1404-6157-2392,,FALSE,,FALSE
212,20260507_mizushima_ph_02,,260515E96RQY60,5/15,,,フィリピン,"₱5,032.00",FALSE,仕入れ無,,,,キャンセル,,,,,,0,,[Gundam Base Exclusive] MG 1/100 Gundam Base Exclusive RX-78-2 Gundam Ver.3.0 [Clear Color] Mobile Suit Gundam (Bandai Spirits),,,,,FALSE,,FALSE
213,20260324_machida_ph_04_2,,260515EQQTTPE1,5/15,5/15,5/15,フィリピン,"₱9,236.00",TRUE,"¥15,462",¥890,"₱1,106.00",256P,,小森5/18,2320,45,34,21,100,,Authentic Tamiya 1/10 Scale Electric RC Car Series No. 747 Mini Cooper Racing (MB-01 Chassis) Electric Radio Control 58747,Amazon,,1404-6157-3000,,FALSE,,FALSE
214,20260423_ishida_ph_05_2,,260515EYKATBDS,5/15,5/15,5/15,フィリピン,₱513.00,TRUE,¥710,¥520,₱106.00,7P,,菅原5/18,273,25,24,10,59,,[BANDAI]GODZIBURST Mechagodzilla (1993),Amazon,,1404-6157-2996,,FALSE,,FALSE
215,20260417_miyawaki_ph_04_7,,260515F4CRCEQ1,5/15,5/15,5/18,フィリピン,"₱8,569.00",TRUE,"¥11,499",,,,,湯浅5/28,2884,51,39,29,119,,Ichiban Kuji Frieren: Beyond Journey's End Last One Prize: Frieren Art Scale Figure,メルカリ,,1404-6157-2451,,FALSE,,FALSE
216,20260219_machida_sg_06_3,,260515G1J3FXC8,5/15,5/18,5/18,シンガポール,SDG89.55,TRUE,"¥6,930",¥520,,1688P,,松本5/19,300,32,19.5,8.5,60,,Seiko Watch ALBA Ghibli Collaboration Model Kiki's Delivery Service,Amazon,,1404-6157-2893,,FALSE,,FALSE
217,20260115_miyawaki_ph_02,,260515FA8YRCK6,5/15,5/18,5/18,フィリピン,"₱4,014.00",TRUE,"¥6,500",¥650,,,,湯浅5/28,1060,34,27,18,79,,Final Fantasy VII (FF7) Rebirth Release Kuji Cloud Strife Prize A Figure,yahooフリマ,,1404-6157-2355,,FALSE,,FALSE
218,20260512_miyawaki_ph_02,,260515FDQKT2NV,5/15,5/19,5/19,フィリピン,"₱3,260.00",TRUE,"¥4,580",¥650,,,,松本5/28,1047,31,32,19,82,,Ichiban Kuji Kingdom The Future of Qin Prize A Shin MASTERLIZE Figure,メルカリ,,1404-6157-2344,,FALSE,,FALSE
219,20260220_machida_ph_06_2,,260515G500PMU0,5/15,5/18,,フィリピン,"₱10,325.00",FALSE,,¥650,₱506.00,,有在庫,小森5/18,1074,32,24,13,69,,Shimano (SHIMANO) Baitcasting Reel Dual Axis 20 Thoreum 2000HG,,,1404-6157-2974,,FALSE,,FALSE
220,20260410_miyawaki_ph_01_13,,260516GNN159P9,5/16,,,フィリピン,"₱4,988.00",FALSE,仕入れ無,,,,キャンセル,,,,,,0,,Ichiban Kuji Yu Yu Hakusho Dark Tournament Vol. 3 Last One Prize: Youko Kurama MASTERLIZE Figure,,,,,FALSE,,FALSE
221,20260406_machida_ph_06,,260516GTFA98YM,5/16,5/19,5/19,フィリピン,"₱7,228.00",TRUE,"¥9,373","¥1,100","₱1,256.00",375P,,5/21松丸,2810,49.5,36.5,29.5,115.5,,Tamiya Male 1/10 Electric RC Car Series No. 645 SUBARU WRX STI NBR Challenge (TT-02 Chassis) On-Road 58645,Amazon,,1404-6157-2716,,FALSE,,FALSE
222,20260512_mizushima_ph_04,,260516H8J5HYNP,5/16,5/18,5/18,フィリピン,"₱5,874.00",TRUE,"¥11,000",¥890,₱606.00,320P,,松本5/19,1308,47.5,32,15.5,95,,[Gundam Base Exclusive] MG 1/100 Gundam Epyon EW [Special Coating] Pink [Bandai Spirits],Amazon,,1404-6157-2904,,FALSE,,FALSE
223,20260515_miyawaki_ph_01,,260516HB1SPHF5,5/16,5/19,5/19,フィリピン,"₱3,856.00",TRUE,"¥5,800",¥890,,,,5/28松丸,1147,29.5,30,29.5,89,,Ichiban Kuji WIND BREAKER Original 5th Anniversary Last One Prize: Sakura Umemiya Figure,yahooフリマ,,1404-6157-2333,,FALSE,,FALSE
224,20260417_miyawaki_ph_04_8,,260516HKBXY16U,5/16,5/18,5/18,フィリピン,"₱8,569.00",TRUE,"¥11,499",¥890,,,,松本5/28,2705,38.5,36.5,25,100,,Ichiban Kuji Frieren: Beyond Journey's End Last One Prize: Frieren Art Scale Figure,メルカリ,,1404-6157-2322,,FALSE,,FALSE
225,20260504_ishida_ph_02,,260516HMD79GVC,5/16,5/18,5/18,フィリピン,₱624.00,TRUE,¥878,¥520,₱106.00,26P,,湯浅5/19,270,22,21,17,60,,[Bandai] JAPAN GODZILLA(2023) Mount Fuji,Amazon,,1404-6157-2926,,FALSE,,FALSE
226,20260408_ishida_ph_04,,260516J4XT3AQP,5/16,5/18,5/18,フィリピン,"₱2,869.00",TRUE,"¥7,576",¥520,₱206.00,303P,,湯浅5/19,465,25,21,11,57,,Good Smile Arts Shanghai Nura: Rise of the Yokai Clan Rikuo Nura [Night] Nendoroid Figure,Amazon,,1404-6157-2871,,FALSE,,FALSE
227,20260422_ishida_ph_05_2,,260516JCS413HF,5/16,5/18,5/18,フィリピン,₱512.00,TRUE,¥710,¥520,₱106.00,21P,,湯浅5/19,284,24,18,10,52,,[BANDAI]GODZIBURST Godzilla(2016),Amazon,,1404-6157-2915,,FALSE,,FALSE
228,20260415_miyawaki_ph_03_13,,260517JYWKVSPG,5/17,5/18,5/18,フィリピン,"₱4,732.00",TRUE,"¥6,200",¥890,,,,5/29松本,1870,38,30,28,96,,Ichiban Kuji Frieren: Beyond Journey's End Frieren Prize A Figure,yahooフリマ,,1404-6157-2285,,FALSE,,FALSE
229,20260420_mizushima_ph_07_2,,260517KE54UF7E,5/17,5/18,5/18,フィリピン,"₱7,689.00",TRUE,"¥13,300","¥1,100","₱1,306.00",366P,,5/19松丸,2788,73,51,15,139,,[Gundam Base/Event Exclusive] MG 1/100 Sazabi Ver.Ka Mechanical Clear Model Kit from Mobile Suit Gundam: Char's Counterattack (Bandai Spirits),Amazon,,1404-6157-2856,,FALSE,,FALSE
230,20260512_miyawaki_ph_03,,260517KQSBQWPM,5/17,5/19,5/19,フィリピン,"₱2,948.00",TRUE,"¥4,099",¥650,,,,5/28湯浅,1162,26,25,18,69,,Ichiban Kuji Kingdom The Future of Qin Prize B Mouten MASTERLIZE Figure,メルカリ,,1404-6157-2311,,FALSE,,FALSE
231,20260511_mizushima_ph_04,,260517KR68M649,5/17,5/18,5/18,フィリピン,"₱7,976.00",TRUE,"¥13,760",¥890,,375P,キャンセル,5/19小森,1429,34,21,43,98,,[Gundam Base Limited Edition] RG 1/144 Hi-ν Gundam Mobile Suit Gundam Char's Counterattack [Titanium Finish] (Bandai Spirits),Amazon,,1404-6157-2845,,FALSE,,FALSE
232,20260407_machida_ph_07_3,,260517M6GFC2J8,5/17,5/18,,フィリピン,"₱2,258.00",FALSE,,¥520,₱131.00,,有在庫,小森5/18,310,29,17,5,51,,S.H.Figuarts ONE PIECE Monkey D. Luffy -Dawn of Adventure- Approximately 145mm ABS&PVC painted movable figure [Direct From Japan],,,1404-6157-2963,,FALSE,,FALSE
233,20260420_mizushima_ph_09_3,,260517MCDKDPRH,5/17,,,フィリピン,"₱6,211.00",FALSE,仕入れ無,,,,キャンセル,,,,,,0,,[Gundam Base / Event Exclusive] MG 1/100 Wing Gundam Zero EW [CROSS CONTRAST COLORS / CLEAR PURPLE] Plastic Model Kit (Bandai Spirits),,,,,FALSE,,FALSE
234,20260318_machida_ph_03,,260517MJU4X8UE,5/17,5/18,,フィリピン,"₱5,792.00",FALSE,,¥890,,,有在庫,松本5/18,2328,51,25,21,97,,TAMIYA 1/10 Electric R/C Car Series No.570 Lancia Delta Integrale (TT-02 Chassis) Onroad 58570,,,1404-6157-3022,,FALSE,,FALSE
235,20260430_machida_ph_04_3,,260517N2NNGYXM,5/17,5/18,5/18,フィリピン,"₱4,317.00",TRUE,"¥9,900",¥890,,396P,,松本5/19,1466,43.5,34,10,87.5,,[Direct From Japan] Barbie Basic You Create Kit 3 YOU CREATE BARBIE BASICS™ Neutral Kit 003 Signature BLACK Dress-up dolls & houses Pretend play Barbie dolls Ages 6+ JJX37,Amazon,,1404-6157-2882,,FALSE,,FALSE
236,20260409_machida_ph_01_4,,260518NAR3TUKD,5/18,5/18,5/18,フィリピン,"₱6,694.00",TRUE,"¥11,300","¥1,100",,398P,,5/19松丸,3460,58,40.5,18,116.5,,[Direct From Japan] 1/12 Scale Electric RC Assembly Kit: Midnight Pumpkin Metallic Special 58365,楽天市場（家電のSAKURA）,,1404-6157-2823,,FALSE,,FALSE
237,20260410_mizushima_ph_06,,260518P4BAEMMC,5/18,,,フィリピン,"₱7,369.00",FALSE,仕入れ無,,,,キャンセル,,,,,,0,,[Tamiya] 1/10 Electric RC Car Series No. 694 1/10 RC Toyota GR 86 TT-02 Chassis Electric Radio Control 58694,,,,,FALSE,,FALSE
238,20260417_miyawaki_ph_04_9,,260518PEA6S6BW,5/18,5/19,5/19,フィリピン,"₱8,569.00",TRUE,"¥11,500","¥1,100",,,,5/29小栁,2785,39,39,24,102,,Ichiban Kuji Frieren: Beyond Journey's End Last One Prize: Frieren Art Scale Figure,yahooフリマ,,1404-6157-2263,,FALSE,,FALSE
239,20260430_machida_ph_16,,260518PUQ33BUV,5/18,5/19,5/19,フィリピン,"₱3,733.00",TRUE,"¥8,879",¥650,,355P,,5/20小森,788,31,36,10,77,,[Direct From Japan] Barbie Lunar New Year 2026 Signature BLACK Dress-up Doll & House Pretend Play Barbie Dolls Ages 6+ Red JJX83,Amazon,,1404-6157-2790,,FALSE,,FALSE
240,20260430_machida_ph_14,,260518PVGVYJBS,5/18,5/19,5/19,フィリピン,"₱2,773.00",TRUE,"¥6,160",¥650,,247P,,5/20小森,1089,28,38,13,79,,[Direct From Japan] Barbie Birthday Wishes Latina Signature Dress-up Doll & House – Pretend Play – Barbie Doll – Ages 6+ – Pink – JJX78,Amazon,,1404-6157-2786,,FALSE,,FALSE
241,20260323_machida_ph_01_3,,260518QHD63G7R,5/18,5/19,5/19,フィリピン,"₱7,816.00",TRUE,"¥13,130","¥1,100",,350P,,5/21松丸,3135,53.5,27,23.5,104,,Tamiya 1/10 Electric RC Car Series No.662 Comical Grasshopper (WR-02CB Chassis) Off-Road 58662 【Direct from Japan】,Amazon,,1404-6157-2742,,FALSE,,FALSE
242,20260318_machida_ph_02,,260518QPVHHS37,5/18,5/19,5/19,フィリピン,"₱16,000.00",TRUE,"¥29,733","¥1,100",,991P,,5/21小栁,3050,63.5,42,14,119.5,,Tamiya 1/10 Electric RC Car Series No.719 BBX BB-01 Chassis 58719 [New] [Authentic] [Shipped from Japan],Amazon,,1404-6157-2753,,FALSE,,FALSE
243,20260512_miyawaki_ph_02_2,,260519R7GKHRAT,5/19,5/19,5/19,フィリピン,"₱3,260.00",TRUE,"¥4,600",,,,,松本6/2,934,36,26,16,78,,Ichiban Kuji Kingdom The Future of Qin Prize A Shin MASTERLIZE Figure,メルカリ,,1404-6157-2204,,FALSE,,FALSE
244,20260512_miyawaki_ph_03_2,,260519R7W23XUM,5/19,5/19,5/19,フィリピン,"₱2,948.00",TRUE,"¥4,500",,,,,松本6/2,951,38,26,15,79,,Ichiban Kuji Kingdom The Future of Qin Prize B Mouten MASTERLIZE Figure,メルカリ,,1404-6157-2193,,FALSE,,FALSE
245,20260224_machida_ph_07,,260519S321C9HP,5/19,5/19,5/19,フィリピン,"₱7,629.00",TRUE,"¥14,080","¥1,100",,1789P,,5/20松丸,4048,73,51,15,139,,"Seiko Wall Clock, Analog Cuckoo Clock, Triple Selection Melody, Brown Metallic, 39x39x9.6cm, RE601B",Amazon,,1404-6157-2775,,FALSE,,FALSE
246,20260429_mizushima_ph_13,,260519S77VBEMA,5/19,,,フィリピン,"₱9,800.00",FALSE,仕入れ無,,,,キャンセル,,,,,,0,,[Casio] G-SHOCK Watch [Authentic Japanese Domestic Model] Tough Solar GX-56UBB-1JF Men's Black,,,,,FALSE,,FALSE
247,20260430_machida_ph_04_4,,260519SA7U6N7W,5/19,5/20,5/20,フィリピン,"₱4,317.00",TRUE,"¥9,900",¥890,,396P,,5/21小栁,1448,39.5,36,12,87.5,,[Direct From Japan] Barbie Basic You Create Kit 3 YOU CREATE BARBIE BASICS™ Neutral Kit 003 Signature BLACK Dress-up dolls & houses Pretend play Barbie dolls Ages 6+ JJX37,Amazon,,1404-6157-2720,,FALSE,,FALSE
248,20260123_machida_ph_04_6,,260519SB20FQPH,5/19,5/20,5/19,フィリピン,"₱7,234.00",TRUE,"¥13,904","¥1,100",,868P,,湯浅5/21,3738,54,36,22,112,,Tamiya 1/10 Electric RC Car Series No.242 Wild Willy 2 Off-Road 58242,yahooショッピング,,1404-6157-2731,,FALSE,,FALSE
249,20260318_machida_ph_04_2,,260519SGG8K87J,5/19,,,フィリピン,"₱25,819.00",FALSE,仕入れ無,,,,キャンセル,,,,,,0,,Tamiya 1/10 Electric RC Car Series No.583 Egress (2013) Off-road 58583 [New] [Authentic] [Shipped from Japan],,,,,FALSE,,FALSE
250,20260428_miyawaki_ph_01_6,,260519SV7ECUP4,5/19,5/20,5/20,フィリピン,"₱6,433.00",TRUE,"¥10,000",¥890,,,,6/1松丸,1448,39,29,18,86,,Ichiban Kuji Yu Yu Hakusho Dark Tournament vol.3 Kazuma Kuwabara MASTERLIZE Prize B Figure,メルカリ,,1404-6157-2241,,FALSE,,FALSE
251,20260410_miyawaki_ph_01_13,,260519SV8768G7,5/19,5/20,5/20,フィリピン,"₱4,988.00",TRUE,"¥7,222",,,,キャンセル,,,,,,0,,Ichiban Kuji Yu Yu Hakusho Dark Tournament Vol. 3 Last One Prize: Youko Kurama MASTERLIZE Figure,メルカリ,,,,FALSE,,FALSE
252,20260417_miyawaki_ph_04_10,,260519T4E621YG,5/19,5/20,5/20,フィリピン,"₱8,673.00",TRUE,"¥11,200",,,,,6/2小栁,3121,48,38,36,122,,Ichiban Kuji Frieren: Beyond Journey's End Last One Prize: Frieren Art Scale Figure,yahooフリマ,,1404-6157-2215,,FALSE,,FALSE
253,20260430_machida_ph_14_2,,260520TG8KRM16,5/20,,,フィリピン,"₱2,773.00",FALSE,仕入れ無,,,,キャンセル,,,,,,0,,[Direct From Japan] Barbie Birthday Wishes Latina Signature Dress-up Doll & House – Pretend Play – Barbie Doll – Ages 6+ – Pink – JJX78,,,,,FALSE,,FALSE
254,20260422_ishida_ph_04_2,,260520UR2P95YM,5/20,5/20,,フィリピン,₱506.00,FALSE,,¥650,,,有在庫,,,,,,0,,[BANDAI]GODZIBURST Godzilla(1991),,,1404-6157-2672,,FALSE,,FALSE
255,20260417_miyawaki_ph_04_11,,260520UT191987,5/20,5/21,5/21,フィリピン,"₱8,673.00",TRUE,"¥11,999",,,,,6/2小栁,2942,46,36,36,118,,Ichiban Kuji Frieren: Beyond Journey's End Last One Prize: Frieren Art Scale Figure,メルカリ,,1404-6157-2090,,FALSE,,FALSE
256,20260420_mizushima_ph_09_3,,260520UWXTTRX7,5/20,,,フィリピン,"₱6,211.00",FALSE,仕入れ無,,,,キャンセル,,,,,,0,,[Gundam Base / Event Exclusive] MG 1/100 Wing Gundam Zero EW [CROSS CONTRAST COLORS / CLEAR PURPLE] Plastic Model Kit (Bandai Spirits),,,,,FALSE,,FALSE
257,20260312_machida_ph_02_2,,260520V6PKYS0N,5/20,5/21,5/21,フィリピン,"₱4,090.00",TRUE,"¥7,920",¥650,,237P,,5/25松本,999,33,28.5,16,77.5,,RG 1/144 Blast Impulse Gundam SpecII,Amazon,,1404-6157-2650,,FALSE,,FALSE
258,20260515_ishida_ph_03,,260521VY7VATCK,5/21,5/21,5/21,フィリピン,"₱9,495.00",TRUE,"¥11,500",¥650,,560P,配送失敗,5/22松丸,1977,29.5,17.5,16.5,63.5,,[JBL] CHARGE Essential 2 Wireless Speaker Bluetooth Portable Power Bank Function Passive Radiator IPX7 Waterproof 40W Bass JBLCHARGEES2,Amazon,,1404-6157-2661,,FALSE,,FALSE
259,20260402_miyawaki_ph_01_6,,2605210TM4NATX,5/21,,,フィリピン,"₱2,480.00",FALSE,仕入れ無,,,,キャンセル,,,,,,0,,Ichiban Kuji Yu Yu Hakusho Dark Tournament vol.3 Hiei MASTERLIZE Prize C Figure,,,,,FALSE,,FALSE
260,20260512_miyawaki_ph_02_3,,26052111ATWR4S,5/21,5/21,5/21,フィリピン,"₱3,627.00",TRUE,"¥4,600",,,,,6/2松丸,1180,35,26,18,79,,Ichiban Kuji Kingdom The Future of Qin Prize A Shin MASTERLIZE Figure,メルカリ,,1404-6157-2086,,FALSE,,FALSE
261,20260316_machida_ph_02_2,,260521173JRTJE,5/21,5/22,5/22,フィリピン,"₱6,302.00",TRUE,"¥12,800",¥890,,996P,,5/25松丸,1651,46,40,13,99,,Bandai MG 1/100 Gundam Epyon EW Sturm und Drang Unit Model Kit Gundam W Endless Waltz Gunpla Japan,Amazon,,1404-6157-2646,,FALSE,,FALSE
262,20260417_miyawaki_ph_04_12,,26052119TAVP8S,5/21,5/22,5/22,フィリピン,"₱8,673.00",TRUE,"¥12,000",,,,,6/2松本,3177,43,41,34,118,,Ichiban Kuji Frieren: Beyond Journey's End Last One Prize: Frieren Art Scale Figure,メルカリ,,1404-6157-2075,,FALSE,,FALSE
263,20260512_mizushima_ph_02,,2605211KXF16QE,5/21,5/22,5/22,フィリピン,"₱2,373.00",TRUE,"¥5,970",¥650,,179P,,5/25松丸,916,31.5,26.5,13,71,,[Gundam Base Exclusive] HG 1/144 G-Self (Perfect Pack Equipped) (Gundam Reconguista in G Movie Version) [Bandai Spirits],Amazon,,1404-6157-2635,,FALSE,,FALSE
264,20260501_ishida_ph_05,,26052122FF8X3T,5/21,5/22,5/22,フィリピン,"₱1,221.00",TRUE,"¥2,055",¥890,,62P,,5/25小森,630,29,32,21,82,,[BANDAI] Movie Monster Series: Godzilla (2016) Awakening Ver.,Amazon,,1404-6157-2613,,FALSE,,FALSE
265,20260415_miyawaki_ph_03_14,,26052128WHUBD3,5/21,5/22,5/22,フィリピン,"₱4,732.00",TRUE,"¥5,888",,,,,,,,,,0,,Ichiban Kuji Frieren: Beyond Journey's End Frieren Prize A Figure,メルカリ,,,,FALSE,,FALSE
266,20260430_machida_ph_03_3,,2605222BGC6B11,5/22,5/22,5/22,フィリピン,"₱4,312.00",TRUE,"¥9,405",¥890,,376P,,5/25松丸,1454,39.5,32.5,11.5,83.5,,[Direct From Japan] Barbie Basic You Create Kit 2 YOU CREATE BARBIE BASICS™ Neutral Kit 002 Signature BLACK Dress-up dolls & houses Pretend play Barbie dolls Ages 6+ JJX36,Amazon,,1404-6157-2602,,FALSE,,FALSE
267,20260430_machida_ph_04_5,,2605222FXTNHXX,5/22,5/22,5/22,フィリピン,"₱4,317.00",TRUE,"¥9,405",¥890,,376P,,5/25小森,1446,30,43,10,83,,[Direct From Japan] Barbie Basic You Create Kit 3 YOU CREATE BARBIE BASICS™ Neutral Kit 003 Signature BLACK Dress-up dolls & houses Pretend play Barbie dolls Ages 6+ JJX37,Amazon,,1404-6157-2624,,FALSE,,FALSE
268,20260323_machida_ph_05,,260522378XWFQG,5/22,5/22,5/22,フィリピン,"₱12,637.00",TRUE,"¥21,781","¥1,100",,735P,,5/26松本,2727,63,41.5,14,118.5,,[Direct From Japan] Tamiya 1/10 Electric RC Car Series No. 695 1/10 RC Racing Buggy Wild One Off-Roader BLOCKHEAD MOTORS 58695,Amazon,,1404-6157-2576,,FALSE,,FALSE
269,20260417_miyawaki_ph_04_13,,2605223BS1W4FQ,5/22,5/25,5/22,フィリピン,"₱8,673.00",TRUE,"¥10,350",,,,,,,,,,0,,Ichiban Kuji Frieren: Beyond Journey's End Last One Prize: Frieren Art Scale Figure,yahooフリマ,,,,FALSE,,FALSE
270,20260417_miyawaki_ph_04_14,,26052245DS64UJ,5/22,5/25,5/25,フィリピン,"₱8,673.00",TRUE,"¥11,800",,,,,,,,,,0,,Ichiban Kuji Frieren: Beyond Journey's End Last One Prize: Frieren Art Scale Figure,メルカリ,,,,FALSE,,FALSE
271,20260512_mizushima_ph_02_2,,2605224HWU95T8,5/22,5/25,5/25,フィリピン,"₱2,213.00",TRUE,"¥3,120",¥650,,62P,,5/28松丸,737,31.5,23,12,66.5,,[Gundam Base Exclusive] HG 1/144 G-Self (Perfect Pack Equipped) (Gundam Reconguista in G Movie Version) [Bandai Spirits],Amazon,,1404-6157-2484,,FALSE,,FALSE
272,20260501_mizushima_ph_07,,26052353YN4QMU,5/23,5/25,5/25,フィリピン,"₱7,375.00",TRUE,"¥12,480",¥890,,349P,,5/26小森,1474,35,49,15,99,,[Gundam Base / Event Exclusive] MG 1/100 Gundam Deathscythe Hell EW [Special Coating] (Bandai Spirits),Amazon,,1404-6157-2543,,FALSE,,FALSE
273,20260511_mizushima_ph_04_2,,2605235KB7YPVM,5/23,,,フィリピン,"₱7,827.00",FALSE,仕入れ無,,,,キャンセル,,,,,,0,,[Gundam Base Limited Edition] RG 1/144 Hi-ν Gundam Mobile Suit Gundam Char's Counterattack [Titanium Finish] (Bandai Spirits),,,,,FALSE,,FALSE
274,20260429_machida_ph_02,,26052362N4FNH6,5/23,5/25,5/25,フィリピン,"₱7,117.00",TRUE,"¥10,450","¥1,100",,104P,,5/26湯浅,2675,55,37,26,118,,[Direct From Japan] Tamiya 1/10 Electric RC Car Series No. 634 NSX (TT-02 Chassis) On-Road 58634,Joshin,,1404-6157-2532,,FALSE,,FALSE
275,20260511_mizushima_ph_04_2,,2605236687GP6Q,5/23,5/25,5/25,フィリピン,"₱7,827.00",TRUE,"¥13,365",¥890,,367P,ラベル貼り忘れ,5/26松丸菅原,1669,42,39,13,94,,[Gundam Base Limited Edition] RG 1/144 Hi-ν Gundam Mobile Suit Gundam Char's Counterattack [Titanium Finish] (Bandai Spirits),Amazon,,1404-6157-2521,,FALSE,,FALSE
276,20260302_machida_ph_02_2,,260523671BG3C3,5/23,5/25,5/25,フィリピン,"₱2,908.00",TRUE,"¥4,681",¥650,,140P,,5/26松丸,1414,37,26.5,15.5,79,,Jurassic World Hammond Collection Stegosaurus Action Figure Dinosaur Toy,Amazon,,1404-6157-2580,,FALSE,,FALSE
277,20260324_machida_ph_04_3,,2605236S5MGA11,5/23,5/25,5/25,フィリピン,"₱9,334.00",TRUE,"¥16,480","¥1,100",,164P,,5/26湯浅,2529,58,35,26,119,,Authentic Tamiya 1/10 Scale Electric RC Car Series No. 747 Mini Cooper Racing (MB-01 Chassis) Electric Radio Control 58747,Joshin（A）,,1404-6157-2506,,FALSE,,FALSE
278,20260430_machida_ph_14_2,,2605248590MAS6,5/24,5/25,5/25,フィリピン,"₱2,773.00",TRUE,"¥5,852",¥890,,235P,,5/27湯浅,1228,40,30,14,84,,[Direct From Japan] Barbie Birthday Wishes Latina Signature Dress-up Doll & House – Pretend Play – Barbie Doll – Ages 6+ – Pink – JJX78,Amazon,,1404-6157-2495,,FALSE,,FALSE
279,20260413_machida_ph_01_3,,2605249B54F4FC,5/24,5/25,5/25,フィリピン,"₱6,794.00",TRUE,"¥12,848","¥1,100",,,,5/26小森,3129,63,16,40,119,,[Direct From Japan] Tamiya 1/10 Electric RC Car Series No. 546 1/12 Lunchbox Black Edition 58546,洛西モデル,,1404-6175-2554,,FALSE,,FALSE
280,20260219_machida_sg_02,,2605249MNBHU7Q,5/24,5/25,5/25,シンガポール,SDG141.95,TRUE,"¥13,574","¥1,100",,507P,,5/26松丸,4005,84,30.5,17,131.5,,RANGS Japan Rip Surf Skateboard,Amazon,,1404-6157-2565,,FALSE,,FALSE
281,20260220_machida_ph_06_2,,2605249PBGDCJA,5/24,5/25,5/25,フィリピン,"₱10,325.00",TRUE,"¥21,324",¥520,,739P,,5/28湯浅,1028,27,19,13,59,,Shimano (SHIMANO) Baitcasting Reel Dual Axis 20 Thoreum 2000HG,Amazon,,1404-6157-2591,,FALSE,,FALSE
282,20260522_miyawaki_ph_02,,260525AUXEHDYB,5/25,5/26,5/26,フィリピン,"₱5,418.00",TRUE,"¥5,937",,,,キャンセル,,,,,,0,,Ichiban Kuji BLEACH Stirring Souls vol.4 Prize A: Toshiro Hitsugaya MASTERLISE Figure,yahooフリマ,,,,FALSE,,FALSE
283,20260420_mizushima_ph_09_3,,260525BC8F0NBV,5/25,,,フィリピン,"₱6,211.00",FALSE,仕入れ無,,,,キャンセル,,,,,,0,,[Gundam Base / Event Exclusive] MG 1/100 Wing Gundam Zero EW [CROSS CONTRAST COLORS / CLEAR PURPLE] Plastic Model Kit (Bandai Spirits),,,,,FALSE,,FALSE
284,20260504_ishida_ph_02_2,,260525BK7M5M21,5/25,5/26,5/26,フィリピン,₱624.00,TRUE,¥878,¥520,,26P,,5/28松本,233,23,19,11,53,,[Bandai] JAPAN GODZILLA(2023) Mount Fuji,Amazon,,1404-6157-2436,,FALSE,,FALSE
285,20260123_machida_ph_04_7,,260525BV81SU7R,5/25,,5/26,フィリピン,"₱7,234.00",TRUE,"¥10,367",キャンセル,有在庫へ,,キャンセル,,,,,,0,,Tamiya 1/10 Electric RC Car Series No.242 Wild Willy 2 Off-Road 58242,洛西モデル,,,,FALSE,,FALSE
286,20260323_machida_ph_02＿2,,260525BY81JV6R,5/25,5/26,5/26,フィリピン,"₱10,648.00",TRUE,"¥17,400","¥1,100",,622P,,5/27菅原,3679,62,42,17,121,,[Direct From Japan] Tamiya 1/10 Electric RC Car Series No. 618 Monster Beetle 2015 Off-Road 58618,Amazon,,1404-6157-2462,,FALSE,,FALSE
287,20260325_machida_ph_02,,260525C175EV44,5/25,5/26,5/26,フィリピン,"₱10,154.00",TRUE,"¥17,172","¥1,100",,615P,,5/27松丸,3098,55,46,16,117,,Tamiya 1/10 Electric RC Car Series No.502 Blitzer Beetle (2011) Off-Road 58502【Direct from Japan】,Amazon,,1404-6157-2473,,FALSE,,FALSE
288,20260429_miyawaki_ph_01_2,,260525C3APJ64Q,5/25,5/26,5/26,フィリピン,"₱3,917.00",TRUE,"¥5,000",,,,,,,,,,0,,Ichiban Kuji Yu Yu Hakusho Dark Tournament vol.3 Prize D: Koenma MASTERLISE Figure,メルカリ,,,,FALSE,,FALSE
289,20260415_miyawaki_ph_03_15,,260526CM0U6Y5A,5/26,5/26,5/26,フィリピン,"₱4,258.00",TRUE,"¥6,180",,,,,,,,,,0,,Ichiban Kuji Frieren: Beyond Journey's End Frieren Prize A Figure,yahooフリマ,,,,FALSE,,FALSE
290,20260416_machida_ph_13,,260526CW1FJUWM,5/26,5/26,5/26,フィリピン,"₱1,202.00",TRUE,"¥4,980",¥520,,174P,,5/27小栁,210,21,12.5,9.5,43,,[Direct From Japan] Takara Tomy (TAKARA TOMY) Beyblade X BX-48 Random Booster Vol. 9,楽天市場（天天ストア）,,1404-6157-2414,,FALSE,,FALSE
291,20260320_machida_ph_01_2,,260526D659VPYR,5/26,,5/26,フィリピン,"₱5,894.00",TRUE,"¥10,947","¥1,100",,,,5/27松丸,3058,53,35,15.5,103.5,,TAMIYA 1/12 Electric RC Car Series No. 547 Midnight Pumpkin Black Edition 58547,洛西モデル,,1404-6157-2440,,FALSE,,FALSE
292,20260402_miyawaki_ph_01_6,,260526DC5UNKQX,5/26,5/26,5/26,フィリピン,"₱2,480.00",TRUE,"¥3,200",,,,,,,,,,0,,Ichiban Kuji Yu Yu Hakusho Dark Tournament vol.3 Hiei MASTERLIZE Prize C Figure,メルカリ,,,,FALSE,,FALSE
293,20260424_machida_ph_01,,260526DJAG0SPH,5/26,5/26,5/26,フィリピン,"₱3,086.00",TRUE,"¥4,306",¥890,,129P,,5/27小栁,2088,46,37,17,100,,[Direct From Japan] [2026 Model] Takara Tomy Plarail: Connect and Have Fun! Plarail Best Selection Set – Trains and Trainsets – Toy – Ages 3+,Amazon,,1404-6157-2403,,FALSE,,FALSE
294,20260410_miyawaki_ph_01_14,,260526DK1WHTH6,5/26,5/26,5/26,フィリピン,"₱4,489.00",TRUE,"¥7,500",,,,,,,,,,0,,Ichiban Kuji Yu Yu Hakusho Dark Tournament Vol. 3 Last One Prize: Youko Kurama MASTERLIZE Figure,yahooフリマ,,1404-6157-2042,,FALSE,,FALSE
295,20260306_machida_ph_04_3,,260526DMY88DHA,5/26,5/26,5/26,フィリピン,"₱11,850.00",TRUE,"¥24,800","¥1,100",,248P,,5/28松本,3127,74.5,39,25.5,139,,Tamiya RC Special Product 1/10 Electric RC Car Super Astute 2018 Off-Road 47381,Joshin（A）,,1404-6157-2381,,FALSE,,FALSE
296,20260417_miyawaki_ph_02_2,,260526DQ4Q933Y,5/26,5/26,5/26,フィリピン,"₱3,742.00",TRUE,"¥4,500",,,,,,,,,,0,,Ichiban Kuji Yu Yu Hakusho Dark Tournament Prize B Yusuke Urameshi MASTERLISE Figure,メルカリ,,,,FALSE,,FALSE
297,20260429_miyawaki_ph_02_2,,260526DQ4Q933Y,5/26,5/26,5/26,フィリピン,"₱3,759.00",TRUE,"¥5,200",,,,,,,,,,0,,Ichiban Kuji Yu Yu Hakusho Dark Tournament vol.3 Prize E Genkai MASTERLISE EMOVING Figure,yahooフリマ,,,,FALSE,,FALSE
298,20260316_machida_ph_03_3,,260526DUM3BUBA,5/26,5/27,5/27,フィリピン,"₱4,394.00",TRUE,"¥7,480",¥890,,224P,,5/28松本,1281,43,35,12,90,,Bandai (Bandai) RG 1/144 GUNDAM SIDE-F Limited RX-93FF ν Gundam Mobile Suit Gundam Counterattack Char,Amazon,,1404-6157-2370,,FALSE,,FALSE
299,20260415_miyawaki_ph_03_16,,260526EH50FPUK,5/26,,,フィリピン,"₱4,258.00",FALSE,仕入れ無,,,,キャンセル,,,,,,0,,Ichiban Kuji Frieren: Beyond Journey's End Frieren Prize A Figure,,,,,FALSE,,FALSE
300,20260415_miyawaki_ph_03_16,,260526EHKC4V2T,5/26,5/27,5/27,フィリピン,"₱4,258.00",TRUE,"¥6,200",,,,,,,,,,0,,Ichiban Kuji Frieren: Beyond Journey's End Frieren Prize A Figure,yahooフリマ,,,,FALSE,,FALSE
301,20260526_miyawaki_ph_01,,260527F5M45PRT,5/27,5/27,5/27,フィリピン,"₱5,117.00",TRUE,"¥7,777",,,,,,,,,,0,,Ichiban Kuji HUNTER×HUNTER ZAOLDYECK FAMILY Prize B Zeno Zaoldyeck MASTERLISE Figure,メルカリ,,,,FALSE,,FALSE
302,20260422_ishida_ph_04_2,,260527G49U67BH,5/27,5/27,5/27,フィリピン,₱506.00,TRUE,¥710,¥520,,35P,,5/28湯浅,286,23,19,11,53,,[BANDAI]GODZIBURST Godzilla(1991),Amazon,,1404-6157-2300,,FALSE,,FALSE
303,20260306_machida_ph_04_4,,260527GAX0C3A0,5/27,5/27,5/27,フィリピン,"₱11,850.00",TRUE,"¥30,622","¥1,100",,1630P,,5/29小栁,2941,54,45.5,14.5,114,,Tamiya RC Special Product 1/10 Electric RC Car Super Astute 2018 Off-Road 47381,Amazon,,1404-6157-2296,,FALSE,,FALSE
304,20260424_ishida_ph_03_2,,260527GFCGT8FP,5/27,,,フィリピン,"₱6,126.00",FALSE,仕入れ無,,,,キャンセル,,,,,,0,,[Direct From Japan]YAMAHA Portable Speaker WS-B1A(B): Bluetooth / Compact / IP67-rated dust and water resistance / Ideal for wet areas and outdoor use / Clear Voice / Black,,,,,FALSE,,FALSE
305,20260420_mizushima_ph_09_3,,260527GFQA330K,5/27,,,フィリピン,"₱6,211.00",FALSE,仕入れ無,,,,キャンセル,,,,,,0,,[Gundam Base / Event Exclusive] MG 1/100 Wing Gundam Zero EW [CROSS CONTRAST COLORS / CLEAR PURPLE] Plastic Model Kit (Bandai Spirits),,,,,FALSE,,FALSE
306,20260415_miyawaki_ph_03_17,,260527GQH3RAS1,5/27,,,フィリピン,"₱4,258.00",FALSE,仕入れ無,,,,キャンセル,,,,,,0,,Ichiban Kuji Frieren: Beyond Journey's End Frieren Prize A Figure,,,,,FALSE,,FALSE
307,20260420_mizushima_ph_07_3,,260527GWQN4QY1,5/27,5/28,5/28,フィリピン,"₱7,618.00",TRUE,"¥10,811","¥1,100",,,,5/29小栁,2959,63.5,44.5,20,128,,[Gundam Base/Event Exclusive] MG 1/100 Sazabi Ver.Ka Mechanical Clear Model Kit from Mobile Suit Gundam: Char's Counterattack (Bandai Spirits),駿河屋,,1404-6157-2274,,FALSE,,FALSE
308,20260417_miyawaki_ph_04_15,,260527H8KGCR0K,5/27,5/28,5/28,フィリピン,"₱8,673.00",TRUE,"¥11,300",,,,,,,,,,0,,Ichiban Kuji Frieren: Beyond Journey's End Last One Prize: Frieren Art Scale Figure,yahooフリマ,,,,FALSE,,FALSE
309,20260123_machida_ph_04_8,,260528HD6A8CJ6,5/28,5/28,,フィリピン,"₱6,510.00",FALSE,仕入れ無,,,,キャンセル,,,,,,0,,Tamiya 1/10 Electric RC Car Series No.242 Wild Willy 2 Off-Road 58242,,,,,FALSE,,FALSE
310,20260323_machida_ph_01_4,,260528HECC2WJP,5/28,,,フィリピン,"₱7,034.00",FALSE,仕入れ無,,,,キャンセル,,,,,,0,,Tamiya 1/10 Electric RC Car Series No.662 Comical Grasshopper (WR-02CB Chassis) Off-Road 58662 【Direct from Japan】,,,,,FALSE,,FALSE
311,20260219_machida_ph_02,,260528HGHQ7PN2,5/28,5/28,5/28,フィリピン,"₱5,304.00",TRUE,"¥13,568","¥1,460",,779P,,5/29松丸,4574,93,41.5,17.5,152,,RANGS Japan Rip Surf Skateboard,Amazon,,1404-6157-2226,,FALSE,,FALSE
312,20260430_ishida_ph_05,,260528J9E83T99,5/28,5/28,5/28,フィリピン,"₱1,360.00",TRUE,"¥2,382",¥520,,118P,,5/29小栁,327,31,17,11,59,,[BANDAI] Movie Monster Series: Godzilla (1971),Amazon,,1404-6157-2230,,FALSE,,FALSE
313,20260415_miyawaki_ph_03_17,,260528JGPBBRE6,5/28,5/28,5/28,フィリピン,"₱4,258.00",TRUE,"¥6,200",,,,,,,,,,0,,Ichiban Kuji Frieren: Beyond Journey's End Frieren Prize A Figure,メルカリ,,,,FALSE,,FALSE
314,20260415_miyawaki_ph_03_18,,260528KBS8RJBC,5/28,5/29,5/29,フィリピン,"₱4,258.00",TRUE,"¥6,300",,,,,,,,,,0,,Ichiban Kuji Frieren: Beyond Journey's End Frieren Prize A Figure,yahooフリマ,,,,FALSE,,FALSE
315,20260318_machida_ph_01_7,,260528KKFVD0HJ,5/28,5/29,5/29,フィリピン,"₱5,875.00",TRUE,"¥10,561","¥1,100",,629P,,,,,,,0,,Tamiya 1/10 Electric RC Car Series No.571 Porsche 911 Carrera RSR (TT-02 Chassis) On-Road 58571 [New] [Authentic] [Shipped from Japan],Amazon,,1404-6157-1972,,FALSE,,FALSE
316,20260522_miyawaki_ph_04,,260529M3RF5QQT,5/29,5/29,5/29,フィリピン,"₱6,141.00",TRUE,"¥9,000",,,,,,,,,,0,,Ichiban Kuji BLEACH Stirring Souls vol.4 Prize C: Aizen Sousuke MASTERLISE Figure,メルカリ,,,,FALSE,,FALSE
317,20260525_miyawaki_ph_01,,260529M5PHQX3F,5/29,5/29,5/29,フィリピン,"₱7,853.00",TRUE,"¥11,400",,,,,,,,,,0,,Ichiban Kuji HUNTER×HUNTER ZAOLDYECK FAMILY Prize D Killua Zaoldyeck MASTERLISE Figure,メルカリ,,,,FALSE,,FALSE
318,20260306_machida_ph_06_2,,260529MMSE3K5J,5/29,5/29,5/29,フィリピン,"₱5,218.00",TRUE,"¥8,650",,,,,6/2松丸,1382,46,36.5,14,96.5,,Gundam Base Limited Sengoku Astray Gundam,yahooフリマ,,1404-6157-2171,,FALSE,,FALSE
319,20260224_machida_ph_07_2,,260529N65R9AUQ,5/29,5/29,5/29,フィリピン,"₱8,491.00",TRUE,"¥14,080","¥1,100",,663P,,6/1松丸,3760,62,48,16,126,,"Seiko Wall Clock, Analog Cuckoo Clock, Triple Selection Melody, Brown Metallic, 39x39x9.6cm, RE601B",Amazon,,1404-6157-2156,,TRUE,,FALSE
320,20260522_miyawaki_ph_02_2,,260529NCJE4WKN,5/29,6/1,5/26,フィリピン,"₱4,597.00",FALSE,"¥5,937",,,,,,,,,,0,,Ichiban Kuji BLEACH Stirring Souls vol.4 Prize A: Toshiro Hitsugaya MASTERLISE Figure,,,,,FALSE,,FALSE
321,20260512_mizushima_ph_02_3,,260529NR3M8FF4,5/29,6/1,6/1,フィリピン,"₱2,370.00",TRUE,"¥3,199",,,127P,,6/2松丸,867,36.5,27,14.5,78,,[Gundam Base Exclusive] HG 1/144 G-Self (Perfect Pack Equipped) (Gundam Reconguista in G Movie Version) [Bandai Spirits],Amazon,,1404-6157-2031,,FALSE,,FALSE
322,20260522_miyawaki_ph_05,,260530QC052G0A,5/30,6/1,6/1,フィリピン,"₱12,542.00",TRUE,"¥21,000",,,,,6/2松本,1365,38,27.5,30,95.5,,Ichiban Kuji BLEACH Stirring Souls vol.4 Last One Prize: Urahara Kisuke MASTERLISE Figure,メルカリ,,1404-6157-2005,,FALSE,,FALSE
323,20260515_mizushima_ph_02,,260530QPP6ENFD,5/30,6/1,6/1,フィリピン,"₱1,934.00",TRUE,"¥2,350",,,117P,,6/2松本,838,33,25,16,74,,[Gundam Base Exclusive] Haropla Mobile Haro Gundam Base Color【Bandai Spirits】,Amazon,,1404-6157-2020,,FALSE,,FALSE
324,20260515_mizushima_ph_10,,260530QPP6ENFD,5/30,6/1,6/1,フィリピン,"₱1,778.00",TRUE,"¥2,231",,,89P,,同梱,↑,↑,↑,↑,#VALUE!,,[Gundam Base Exclusive] Haropla Haro [Painting Model] Clear & White Gundam Build Divers [Bandai Spirits],Amazon,,1404-6157-2020,,FALSE,,FALSE
325,20260430_machida_ph_12,,260530RFCE2BN4,5/30,6/1,6/1,フィリピン,"₱2,111.00",TRUE,"¥6,850",,,,,6/3菅原,692,37,30,7,74,,[Direct From Japan] Barbie Basic Ponytail Signature BLACK Dress-up Dolls & Houses Barbie Dolls Ages 6+ JBH73,メルカリ,,1404-6157-1994,,FALSE,,FALSE
326,20260417_miyawaki_ph_04_16,,260531S8SYDRDG,5/31,6/1,6/1,フィリピン,"₱8,673.00",TRUE,"¥11,800",,,,,,,,,,0,,Ichiban Kuji Frieren: Beyond Journey's End Last One Prize: Frieren Art Scale Figure,メルカリ,,,,FALSE,,FALSE
327,20260423_machida_ph_05_2,,260531TJXH8RDX,5/31,6/1,6/1,フィリピン,"₱12,182.00",TRUE,"¥21,428",,,,,6/2松丸,3106,63,39.5,16.5,119,,[Direct From Japan] Tamiya 1/10 Electric RC Car Series No. 391 Hot Shot 2007 Off-Road 58391,洛西モデル,,1404-6157-2016,,FALSE,,FALSE
328,20260420_mizushima_ph_07_4,,2606010033DJ6K,6/1,,,フィリピン,"₱7,469.00",FALSE,仕入れ無,,,,キャンセル,,,,,,0,,[Gundam Base/Event Exclusive] MG 1/100 Sazabi Ver.Ka Mechanical Clear Model Kit from Mobile Suit Gundam: Char's Counterattack (Bandai Spirits),,,,,FALSE,,FALSE
329,20260123_machida_ph_04_9,,26060107UYH3VA,6/1,,,フィリピン,"₱7,375.00",FALSE,仕入れ無,,,,キャンセル,,,,,,0,,Tamiya 1/10 Electric RC Car Series No.242 Wild Willy 2 Off-Road 58242,,,,,FALSE,,FALSE
330,20260522_miyawaki_ph_02_2,,2606020VQ6DB1B,6/2,,,フィリピン,"₱4,597.00",FALSE,仕入れ無,,,,キャンセル,,,,,,0,,Ichiban Kuji BLEACH Stirring Souls vol.4 Prize A: Toshiro Hitsugaya MASTERLISE Figure,,,,,FALSE,,FALSE