,,,,,,,,,,,,,,,,,,,,,,,,
,,,,,,,,,,,,,,,,,,,,,,,,
,仕入れ表,仕入れ元データ,仕入れ表,,ペイメント,仕入れ表,仕入れ表,,,ペイメント,手動,,,売れた日の為替,,,仕入れ元データ,,,,,,手動,
同梱,カスタムラベル(SKU),"eBay Oder No,",仕入れ日,販売日,出金日,商品名,仕入れ金額(送料込み),販売金額,販売金額（￥）,Total fees,広告費(PL),ebay手数料,Payout金額,販売時の為替,出金時の為替（ペイオニア手数料含む）,受取金額,海外送料,手数料消費税還付,消費税還付,最終損益,利益率,売れるまでの日数,送り状番号,備考
,20251125_mizushima_02,25-13888-57021,2025/12/3,2025/12/2,2025/12/10,Canon PowerShot SX620 HS Black 20.2MP 25x Zoom Compact digital camera Tested,"¥24,980 ",$300.00 ,"¥46,704",$38.21,$0.00,$38.21,$261.79,155.68,156.84,"¥41,059","¥10,735 ",¥545,"¥2,271","¥8,160",17.47%,7,886870454280,
,20251030_akai_01,18-13912-30345,2025/12/5,2025/12/4,2025/12/10,Eibach Pro-Kit Lowering Springs for VW Scirocco / Beetle E10-85-021-05-22 Used,"¥7,900 ",$204.00 ,"¥31,681",$31.86,$0.00,$31.86,$172.14,155.3,156.84,"¥26,998","¥17,742 ",¥454,¥718,"¥2,529",7.98%,35,EM1013080455506FE06020026A0N,
,20250925_akai_02,22-13917-94901,2025/12/8,2025/12/7,2025/12/10,Display Fake Food handmade Japanese Food Donburi Made in Japan F/S,"¥22,000 ",$266.00 ,"¥41,267",$44.74,$0.00,$44.74,$221.26,155.14,156.84,"¥34,702","¥9,864 ",¥638,"¥2,000","¥5,476",13.27%,73,886869383901,
,20251112_mogi_25,07-13958-19191,2025/12/12,2025/12/10,2025/12/31,Pokemon Center Limited Dratini & Dragonite Hugging Plush doll TAIKI-BANSEI,"¥10,260 ",$156.00 ,"¥24,467",$30.10,$0.00,$30.10,$125.90,156.84,156.54,"¥19,708","¥2,928 ",¥428,¥933,"¥7,881",32.21%,28,887122781324,
,20240724_fujii_03_4,17-14002-85916,2026/1/6,2025/12/24,2025/12/31,Tamiya 1/48 Aircraft Series No. 121 McDonnell Douglas F-4B Phantom II 61121,"¥5,810 ",$70.37 ,"¥10,992",$9.31,$0.00,$9.31,$61.06,156.2,156.54,"¥9,558","¥5,550 ",¥132,¥528,"-¥1,141",-10.38%,518,EN407758737JP,
,20251209_mizushima_03,02-14028-11638,,2025/12/26,2026/1/21,"【Exc+5】Appareil photo numérique Sony Cyber-shot DSC-T100 blanc 8,1MP 5x...",,$85.37 ,"¥13,361",-$7.54,$0.00,-$7.54,$92.91,156.51,158.25,"¥14,703",キャンセル,-¥108,¥0,#VALUE!,#VALUE!,46017,,
,20250401_fukumura_01,10-14026-94236,2026/1/5,2026/12/29,2025/12/31,GOOD SMILE COMPANY Nendoroid440 Rozen Maiden Suigintou,"¥5,681 ",$46.69 ,"¥7,467",$5.39,$0.00,$5.39,$41.30,159.93,156.54,"¥6,465","¥2,828 ",¥77,¥516,"-¥1,451",-19.43%,637,887720946917,
,20251022_mizushima_07,17-14032-64069,2026/1/6,2026/1/1,2026/1/7,Canon Power Shot G3 4MP CCD Compact Digital Camera,"¥6,200 ",AUD159.62,"¥16,723",$26.44,$0.00,$26.44,$133.18,104.77,105.56,"¥14,058","¥2,554 ",¥254,¥564,"¥6,122",#VALUE!,71,1Z70E26W6792731986,
,20251217_mizushima_02,22-14047-14733,2026/1/7,2026/1/6,2026/1/21,【Exc+5】Sony Cyber-shot DSC-T100 silver 8.1MP 5x Zoom Digital Camera Tested,"¥8,500 ",AU$152.24,#VALUE!,$25.23,$0.00,$25.23,#VALUE!,105.07,106.52,#VALUE!,"¥2,364 ",¥244,¥773,#VALUE!,#VALUE!,20,1Z70E26W6793749377,
,20251222_mogi_14,09-14069-82166,2026/1/8,2026/1/7,2026/1/14,Pokemon Center Gengar We Are TEAM TRICK! 2018 Plush US SELLER,"¥7,200 ",AU$200.21,#VALUE!,$33.08,$0.00,$33.08,#VALUE!,105.56,106.42,#VALUE!,"¥2,364 ",¥320,¥655,#VALUE!,#VALUE!,16,1Z70E26W6796117562,
,20250821_akai_03,03-14112-58874,2026/1/16,2026/1/15,2026/1/21,Fujifilm Finepix F440 4.1MP 3.4x Zoom Digital Camera w/Charger From Japan,"¥7,954 ",$113.40 ,"¥17,983",$14.97,$0.00,$14.97,$98.43,158.58,158.25,"¥15,577","¥8,177 ",¥215,¥723,¥384,2.14%,147,888041690954,
,20251114_kimura_s_01,19-14098-62430,2026/1/19,2026/1/17,2026/1/21,Sylvanian Families Baby Pink Rabbit in Kimono Forest Market Limited Edition,"¥14,599 ",AUD265.24,#VALUE!,$43.72,$0.00,$43.72,#VALUE!,106.38,106.52,#VALUE!,"¥2,786 ",¥423,"¥1,327",#VALUE!,#VALUE!,64,1Z70E26W6799682295,
,20250225_inoue_05,27-14091-08244,2026/1/19,2026/1/18,2026/1/21,Nendoroid Doll Spice and Wolf merchant meets the wise wolf Holo Action Figure,"¥5,150 ",$116.00 ,"¥18,417",$18.37,$0.00,$18.37,$97.63,158.77,158.25,"¥15,450","¥3,289 ",¥264,¥468,"¥7,743",42.04%,327,888196687144,
,20260115_mizushima_02,21-14099-73570,2026/1/19,2026/1/18,2026/1/28,Nikon COOLPIX SQ 3.1MP 3x Zoom Digital Camera Silver TESTED,"¥18,800 ",$198.00 ,"¥31,436",$25.08,$0.00,$25.08,$172.92,158.77,152.55,"¥26,379","¥10,244 ",¥348,"¥1,709",-¥608,-1.93%,3,888114334863,
,20251201_kimura_s_01,02-14134-59256,2026/1/20,2026/1/20,2026/2/25,[Exc+8] Appareil photo argentique compact Minolta Hi-matic 11 Super Circuit 3,"¥3,000 ",€53.24,"¥11,300",#VALUE!,$0.00,#VALUE!,#VALUE!,212.24,210.35,#VALUE!,"¥2,320 ",#VALUE!,¥273,#VALUE!,#VALUE!,0,LX310069615JP,
,20260114_mizushima_04,25-14125-14402,2026/1/26,2026/1/25,2026/1/28,Sony Cyber Shot DSC-T77 Brown Digital Camera 10.1MP 4x Zoom TESTED,"¥12,220 ",￡70.81,#VALUE!,$8.04,$0.00,$8.04,#VALUE!,186.35,183.23,#VALUE!,"¥1,420 ",¥134,"¥1,111",#VALUE!,#VALUE!,11,LX311053064JP,
,"20260128_mizushima_01
",13-14156-62402,2026/1/29,2026/1/28,2026/2/4,【Exc+5】Canon PowerShot SX720 HS 20.3MP 40X Digital Camera Red Accessories TESTED,"¥35,263 ",$370.00 ,"¥56,444",$46.38,$0.00,$46.38,$323.62,152.55,156.04,"¥50,498","¥3,774 ",¥658,"¥3,206","¥15,324",27.15%,0,EM1013086211366FE0601012,
,20250821_akai_03_2,12-14171-52167,2026/2/2,2026/1/31,2026/2/4,Fujifilm Finepix F440 4.1MP 3.4x Zoom Digital Camera w/Charger From Japan,"¥7,000 ",$112.00 ,"¥17,210",$13.62,$0.00,$13.62,$98.38,153.66,156.04,"¥15,351","¥2,837 ",¥193,¥636,"¥6,344",36.86%,163,1Z70E26W0491182485,
,20260130_kimura_s_01,10-14211-89972,2026/2/9,2026/2/9,2026/2/11,MINOLTA P'S compact film camera (green) TESTED From JAPAN,"¥2,200 ",$79.00 ,"¥12,401",$10.62,$0.00,$10.62,$68.38,156.98,156.17,"¥10,679","¥5,597 ",¥151,¥200,"¥3,233",26.07%,10,EM1013086624505FE06010119E0N,
,20260119_inoue_01,19-14210-00531,2026/2/12,2026/2/11,2026/2/25,Shimano 21 SOARE XR C2000SSPG Spinning Reel New JP,"¥19,400 ",$284.00 ,"¥44,352",-$48.46,$0.00,-$48.46,$332.46,156.17,155.85,"¥51,814",キャンセル,-¥687,"¥1,764",#VALUE!,#VALUE!,46064,,
,20240729_matsumoto_01_2,19-14210-49408,2026/2/12,2026/2/11,#VALUE!,S.H.MonsterArts Godzilla 2016 4th Form Night Combat Ver Shin Godzilla,"¥28,999 ",£240.00,#VALUE!,-$32.00,$0.00,-$32.00,#VALUE!,156.17,#VALUE!,#VALUE!,キャンセル,#VALUE!,"¥2,636",#VALUE!,#VALUE!,46064,,
,20251205_mizushima_03,01-14277-81947,2026/2/23,2026/2/21,2026/2/25,【Exc+5】Panasonic Lumix DMC-FX8 Digital Compact Camera 5.0MP 3x Opt Zoom Tested,"¥8,000 ",AUD165.22,#VALUE!,$27.35,$0.00,$27.35,#VALUE!,109.45,110.25,#VALUE!,"¥2,852 ",¥274,¥727,#VALUE!,#VALUE!,78,1Z70E26W0491216751,
,20260219_mizushima_02,22-14256-70667,2026/2/24,2026/2/23,2026/2/25,Canon PowerShot G9X Mark II 20.1MP 3x Digital Camera English Accessories TESTED,"¥59,700 ",$549.58 ,"¥85,273",$70.46,$0.00,$70.46,$479.12,155.16,155.85,"¥74,671","¥16,021 ",¥998,"¥5,427","¥5,375",6.30%,4,889229885973,
,20260219_mizushima_06,11-14291-58686,2026/2/27,2026/2/27,#N/A,N Mint Canon PowerShot SX710 HS 20.3MP 30x English Digital Camera Charger TESTED,"¥29,070 ",$291.24 ,#REF!,#N/A,$0.00,#N/A,#N/A,#REF!,#N/A,#N/A,"¥7,904 ",#N/A,"¥2,643",#N/A,#N/A,8,EX1013087895010DL06020002D0D,
,20260226_mizushima_03,10-14295-37075,2026/3/3,2026/2/28,#N/A,【N Mint】OLYMPUS Tough TG-6 12MP Waterproof Digital Camera English Charger TESTED,"¥38,000 ",c$454.69,#REF!,#N/A,$0.00,#N/A,#N/A,#REF!,#N/A,#N/A,"¥4,250 ",#N/A,"¥3,455",#N/A,#N/A,2,EN504013887JP,
,20260225_mizushima_05,11-14305-47931,2026/3/3,2026/3/2,#N/A,Nikon Coolpix S9900 Silver 16MP 30x Digital Camera English w/Accessories TESTED,"¥40,560 ",$374.14 ,#REF!,#N/A,$0.00,#N/A,#N/A,#REF!,#N/A,#N/A,"¥9,418 ",#N/A,"¥3,687",#N/A,#N/A,5,EX1013088547096DL06020002C0D,
,20260119_inoue_01_2,06-14327-90712,2026/2/12,2026/3/5,#N/A,Shimano 21 SOARE XR C2000SSPG Spinning Reel JP,"¥19,400 ",£216.69,#REF!,#N/A,$0.00,#N/A,#N/A,#REF!,#N/A,#N/A,"¥2,892 ",#N/A,"¥1,764",#N/A,#N/A,45,889349951880,
,K20250421_watanabe_01,02-14362-64662,2026/3/12,2026/3/12,#N/A,NEW Japan national football team 100th anniversary uniform limited jersey US(S),"¥10,000 ",$128.00 ,#REF!,#N/A,$0.00,#N/A,#N/A,#REF!,#N/A,#N/A,"¥5,025 ",#N/A,¥909,#N/A,#N/A,325,EX1013089153786DL06020002B0N,
,20250221_inoue_06,12-14359-96160,2026/3/16,2026/3/14,#N/A,Nendoroid Hatsune Miku 2.0 Action Figure #300 Character Vocal Series 01 GSC,"¥6,800 ",AU$130.65,#REF!,#N/A,$0.00,#N/A,#N/A,#REF!,#N/A,#N/A,"¥2,682 ",#N/A,¥618,#N/A,#N/A,386,1Z70E26W6795094839,
,20260210_mizushima_04,02-14382-92536,2026/3/16,2026/3/16,#N/A,Fujifilm XF1 Black 12MP 4x Zoom Digital Camera w/Accessories TESTED,"¥31,700 ",$300.00 ,#REF!,#N/A,$0.00,#N/A,#N/A,#REF!,#N/A,#N/A,"¥8,304 ",#N/A,"¥2,882",#N/A,#N/A,34,EM1013089243502FE06010028A0N,
,20251203_mogi_07,26-14363-37387,2026/3/20,2026/3/19,#N/A,Pokémon Vulpix Halloween 2022 Plush Mascot Tagged Collectible,"¥3,500 ",$74.40 ,#REF!,#N/A,$0.00,#N/A,#N/A,#REF!,#N/A,#N/A,"¥3,495 ",#N/A,¥318,#N/A,#N/A,106,EX1013089753203DL06020002A0N,
,20240729_matsumoto_01_3,09-14391-44320,2026/2/12,2026/3/20,#N/A,S.H.MonsterArts Godzilla 2016 4th Form Night Combat Ver Shin Godzilla,"¥28,999 ",€175.00,#REF!,#N/A,$0.00,#N/A,#N/A,#REF!,#N/A,#N/A,"¥7,474 ",#N/A,"¥2,636",#N/A,#N/A,599,EX1013089751819DL06020002C0N,
,20260320_mizushima_02,26-14379-07403,2026/3/24,2026/3/23,#N/A,【Exc+5】Canon IXY Digital 600 / IXUS 700 Digital Camera w/Charger English TESTED,"¥18,000 ",$224.86 ,#REF!,#N/A,$0.00,#N/A,#N/A,#REF!,#N/A,#N/A,"¥1,450 ",#N/A,"¥1,636",#N/A,#N/A,3,EN509701715JP,
,20260324_mizushima_04,01-14443-02306,2026/3/30,2026/3/29,#N/A,Exc+5 Canon PowerShot S200 Black 10.1MP 5x Digital Camera Charger English TESTED,"¥24,000 ",$256.22 ,#REF!,#N/A,$0.00,#N/A,#N/A,#REF!,#N/A,#N/A,,#N/A,"¥2,182",#N/A,#N/A,46110,,
,,,,,#N/A,,,,#REF!,#N/A,$0.00,#N/A,#N/A,#REF!,#N/A,#N/A,,#N/A,¥0,#N/A,#N/A,0,,
,,,,,#N/A,,,,#REF!,#N/A,$0.00,#N/A,#N/A,#REF!,#N/A,#N/A,,#N/A,¥0,#N/A,#N/A,0,,
,,,,,#N/A,,,,#REF!,#N/A,$0.00,#N/A,#N/A,#REF!,#N/A,#N/A,,#N/A,¥0,#N/A,#N/A,0,,
,,,,,#N/A,,,,#REF!,#N/A,$0.00,#N/A,#N/A,#REF!,#N/A,#N/A,,#N/A,¥0,#N/A,#N/A,0,,
,,,,,#N/A,,,,#REF!,#N/A,$0.00,#N/A,#N/A,#REF!,#N/A,#N/A,,#N/A,¥0,#N/A,#N/A,0,,
,,,,,#N/A,,,,#REF!,#N/A,$0.00,#N/A,#N/A,#REF!,#N/A,#N/A,,#N/A,¥0,#N/A,#N/A,0,,
,,,,,#N/A,,,,#REF!,#N/A,$0.00,#N/A,#N/A,#REF!,#N/A,#N/A,,#N/A,¥0,#N/A,#N/A,0,,
,,,,,#N/A,,,,#REF!,#N/A,$0.00,#N/A,#N/A,#REF!,#N/A,#N/A,,#N/A,¥0,#N/A,#N/A,0,,
,,,,,#N/A,,,,#REF!,#N/A,$0.00,#N/A,#N/A,#REF!,#N/A,#N/A,,#N/A,¥0,#N/A,#N/A,0,,
,,,,,#N/A,,,,#REF!,#N/A,$0.00,#N/A,#N/A,#REF!,#N/A,#N/A,,#N/A,¥0,#N/A,#N/A,0,,
,,,,,#N/A,,,,#REF!,#N/A,$0.00,#N/A,#N/A,#REF!,#N/A,#N/A,,#N/A,¥0,#N/A,#N/A,0,,
,,,,,#N/A,,,,#REF!,#N/A,$0.00,#N/A,#N/A,#REF!,#N/A,#N/A,,#N/A,¥0,#N/A,#N/A,0,,
,,,,,#N/A,,,,#REF!,#N/A,$0.00,#N/A,#N/A,#REF!,#N/A,#N/A,,#N/A,¥0,#N/A,#N/A,0,,
,,,,,#N/A,,,,#REF!,#N/A,$0.00,#N/A,#N/A,#REF!,#N/A,#N/A,,#N/A,¥0,#N/A,#N/A,0,,
,,,,,#N/A,,,,#REF!,#N/A,$0.00,#N/A,#N/A,#REF!,#N/A,#N/A,,#N/A,¥0,#N/A,#N/A,0,,
,,,,,#N/A,,,,#REF!,#N/A,$0.00,#N/A,#N/A,#REF!,#N/A,#N/A,,#N/A,¥0,#N/A,#N/A,0,,
,,,,,#N/A,,,,#REF!,#N/A,$0.00,#N/A,#N/A,#REF!,#N/A,#N/A,,#N/A,¥0,#N/A,#N/A,0,,
,,,,,#N/A,,,,#REF!,#N/A,$0.00,#N/A,#N/A,#REF!,#N/A,#N/A,,#N/A,¥0,#N/A,#N/A,0,,
,,,,,#N/A,,,,#REF!,#N/A,$0.00,#N/A,#N/A,#REF!,#N/A,#N/A,,#N/A,¥0,#N/A,#N/A,0,,
,,,,,#N/A,,,,#REF!,#N/A,$0.00,#N/A,#N/A,#REF!,#N/A,#N/A,,#N/A,¥0,#N/A,#N/A,0,,
,,,,,#N/A,,,,#REF!,#N/A,$0.00,#N/A,#N/A,#REF!,#N/A,#N/A,,#N/A,¥0,#N/A,#N/A,0,,
,,,,,#N/A,,,,#REF!,#N/A,$0.00,#N/A,#N/A,#REF!,#N/A,#N/A,,#N/A,¥0,#N/A,#N/A,0,,
,,,,,#N/A,,,,#REF!,#N/A,$0.00,#N/A,#N/A,#REF!,#N/A,#N/A,,#N/A,¥0,#N/A,#N/A,0,,
,,,,,#N/A,,,,#REF!,#N/A,$0.00,#N/A,#N/A,#REF!,#N/A,#N/A,,#N/A,¥0,#N/A,#N/A,0,,
,,,,,#N/A,,,,#REF!,#N/A,$0.00,#N/A,#N/A,#REF!,#N/A,#N/A,,#N/A,¥0,#N/A,#N/A,0,,
,,,,,#N/A,,,,#REF!,#N/A,$0.00,#N/A,#N/A,#REF!,#N/A,#N/A,,#N/A,¥0,#N/A,#N/A,0,,
,,,,,#N/A,,,,#REF!,#N/A,$0.00,#N/A,#N/A,#REF!,#N/A,#N/A,,#N/A,¥0,#N/A,#N/A,0,,
,,,,,#N/A,,,,#REF!,#N/A,$0.00,#N/A,#N/A,#REF!,#N/A,#N/A,,#N/A,¥0,#N/A,#N/A,0,,
,,,,,#N/A,,,,#REF!,#N/A,$0.00,#N/A,#N/A,#REF!,#N/A,#N/A,,#N/A,¥0,#N/A,#N/A,0,,
,,,,,#N/A,,,,#REF!,#N/A,$0.00,#N/A,#N/A,#REF!,#N/A,#N/A,,#N/A,¥0,#N/A,#N/A,0,,
,,,,,#N/A,,,,#REF!,#N/A,$0.00,#N/A,#N/A,#REF!,#N/A,#N/A,,#N/A,¥0,#N/A,#N/A,0,,
,,,,,#N/A,,,,#REF!,#N/A,$0.00,#N/A,#N/A,#REF!,#N/A,#N/A,,#N/A,¥0,#N/A,#N/A,0,,
,,,,,#N/A,,,,#REF!,#N/A,$0.00,#N/A,#N/A,#REF!,#N/A,#N/A,,#N/A,¥0,#N/A,#N/A,0,,
,,,,,#N/A,,,,#REF!,#N/A,$0.00,#N/A,#N/A,#REF!,#N/A,#N/A,,#N/A,¥0,#N/A,#N/A,0,,
,,,,,#N/A,,,,#REF!,#N/A,$0.00,#N/A,#N/A,#REF!,#N/A,#N/A,,#N/A,¥0,#N/A,#N/A,0,,
,,,,,#N/A,,,,#REF!,#N/A,$0.00,#N/A,#N/A,#REF!,#N/A,#N/A,,#N/A,¥0,#N/A,#N/A,0,,
,,,,,#N/A,,,,#REF!,#N/A,$0.00,#N/A,#N/A,#REF!,#N/A,#N/A,,#N/A,¥0,#N/A,#N/A,0,,
,,,,,#N/A,,,,#REF!,#N/A,$0.00,#N/A,#N/A,#REF!,#N/A,#N/A,,#N/A,¥0,#N/A,#N/A,0,,
,,,,,#N/A,,,,#REF!,#N/A,$0.00,#N/A,#N/A,#REF!,#N/A,#N/A,,#N/A,¥0,#N/A,#N/A,0,,
,,,,,#N/A,,,,#REF!,#N/A,$0.00,#N/A,#N/A,#REF!,#N/A,#N/A,,#N/A,¥0,#N/A,#N/A,0,,
,,,,,#N/A,,,,#REF!,#N/A,$0.00,#N/A,#N/A,#REF!,#N/A,#N/A,,#N/A,¥0,#N/A,#N/A,0,,
,,,,,#N/A,,,,#REF!,#N/A,$0.00,#N/A,#N/A,#REF!,#N/A,#N/A,,#N/A,¥0,#N/A,#N/A,0,,
,,,,,#N/A,,,,#REF!,#N/A,$0.00,#N/A,#N/A,#REF!,#N/A,#N/A,,#N/A,¥0,#N/A,#N/A,0,,
,,,,,#N/A,,,,#REF!,#N/A,$0.00,#N/A,#N/A,#REF!,#N/A,#N/A,,#N/A,¥0,#N/A,#N/A,0,,
,,,,,#N/A,,,,#REF!,#N/A,$0.00,#N/A,#N/A,#REF!,#N/A,#N/A,,#N/A,¥0,#N/A,#N/A,0,,
,,,,,#N/A,,,,#REF!,#N/A,$0.00,#N/A,#N/A,#REF!,#N/A,#N/A,,#N/A,¥0,#N/A,#N/A,0,,
,,,,,#N/A,,,,#REF!,#N/A,$0.00,#N/A,#N/A,#REF!,#N/A,#N/A,,#N/A,¥0,#N/A,#N/A,0,,
,,,,,#N/A,,,,#REF!,#N/A,$0.00,#N/A,#N/A,#REF!,#N/A,#N/A,,#N/A,¥0,#N/A,#N/A,0,,
,,,,,#N/A,,,,#REF!,#N/A,$0.00,#N/A,#N/A,#REF!,#N/A,#N/A,,#N/A,¥0,#N/A,#N/A,0,,
,,,,,#N/A,,,,#REF!,#N/A,$0.00,#N/A,#N/A,#REF!,#N/A,#N/A,,#N/A,¥0,#N/A,#N/A,0,,
,,,,,#N/A,,,,#REF!,#N/A,$0.00,#N/A,#N/A,#REF!,#N/A,#N/A,,#N/A,¥0,#N/A,#N/A,0,,
,,,,,#N/A,,,,#REF!,#N/A,$0.00,#N/A,#N/A,#REF!,#REF!,#N/A,,#N/A,¥0,#N/A,#N/A,0,,
,,,,,#N/A,,,,#REF!,#N/A,$0.00,#N/A,#N/A,#REF!,#REF!,#N/A,,#N/A,¥0,#N/A,#N/A,0,,
,,,,,#N/A,,,,#REF!,#N/A,$0.00,#N/A,#N/A,#REF!,#REF!,#N/A,,#N/A,¥0,#N/A,#N/A,0,,
,,,,,#N/A,,,,#REF!,#N/A,$0.00,#N/A,#N/A,#REF!,#REF!,#N/A,,#N/A,¥0,#N/A,#N/A,0,,
,,,,,#N/A,,,,#REF!,#N/A,$0.00,#N/A,#N/A,#REF!,#REF!,#N/A,,#N/A,¥0,#N/A,#N/A,0,,
,,,,,#N/A,,,,#REF!,#N/A,$0.00,#N/A,#N/A,#REF!,#REF!,#N/A,,#N/A,¥0,#N/A,#N/A,0,,
,,,,,#N/A,,,,#REF!,#N/A,$0.00,#N/A,#N/A,#REF!,#REF!,#N/A,,#N/A,¥0,#N/A,#N/A,0,,
,,,,,#N/A,,,,#REF!,#N/A,$0.00,#N/A,#N/A,#REF!,#REF!,#N/A,,#N/A,¥0,#N/A,#N/A,0,,
,,,,,#N/A,,,,#REF!,#N/A,$0.00,#N/A,#N/A,#REF!,#REF!,#N/A,,#N/A,¥0,#N/A,#N/A,0,,
,,,,,#N/A,,,,#REF!,#N/A,$0.00,#N/A,#N/A,#REF!,#REF!,#N/A,,#N/A,¥0,#N/A,#N/A,0,,
,,,,,#N/A,,,,#REF!,#N/A,$0.00,#N/A,#N/A,#REF!,#REF!,#N/A,,#N/A,¥0,#N/A,#N/A,0,,
,,,,,#N/A,,,,#REF!,#N/A,$0.00,#N/A,#N/A,#REF!,#REF!,#N/A,,#N/A,¥0,#N/A,#N/A,0,,
,,,,,#N/A,,,,#REF!,#N/A,$0.00,#N/A,#N/A,#REF!,#REF!,#N/A,,#N/A,¥0,#N/A,#N/A,0,,
,,,,,#N/A,,,,#REF!,#N/A,$0.00,#N/A,#N/A,#REF!,#REF!,#N/A,,#N/A,¥0,#N/A,#N/A,0,,
,,,,,#N/A,,,,#REF!,#N/A,$0.00,#N/A,#N/A,#REF!,#REF!,#N/A,,#N/A,¥0,#N/A,#N/A,0,,
,,,,,#N/A,,,,#REF!,#N/A,$0.00,#N/A,#N/A,#REF!,#REF!,#N/A,,#N/A,¥0,#N/A,#N/A,0,,
,,,,,#N/A,,,,#REF!,#N/A,$0.00,#N/A,#N/A,#REF!,#REF!,#N/A,,#N/A,¥0,#N/A,#N/A,0,,
,,,,,#N/A,,,,#REF!,#N/A,$0.00,#N/A,#N/A,#REF!,#REF!,#N/A,,#N/A,¥0,#N/A,#N/A,0,,
,,,,,#N/A,,,,#REF!,#N/A,$0.00,#N/A,#N/A,#REF!,#REF!,#N/A,,#N/A,¥0,#N/A,#N/A,0,,
,,,,,#N/A,,,,#REF!,#N/A,$0.00,#N/A,#N/A,#REF!,#REF!,#N/A,,#N/A,¥0,#N/A,#N/A,0,,
,,,,,#N/A,,,,#REF!,#N/A,$0.00,#N/A,#N/A,#REF!,#REF!,#N/A,,#N/A,¥0,#N/A,#N/A,0,,
,,,,,#N/A,,,,#REF!,#N/A,$0.00,#N/A,#N/A,#REF!,#REF!,#N/A,,#N/A,¥0,#N/A,#N/A,0,,
,,,,,#N/A,,,,#REF!,#N/A,$0.00,#N/A,#N/A,#REF!,#REF!,#N/A,,#N/A,¥0,#N/A,#N/A,0,,
,,,,,#N/A,,,,#REF!,#N/A,$0.00,#N/A,#N/A,#REF!,#REF!,#N/A,,#N/A,¥0,#N/A,#N/A,0,,
,,,,,#N/A,,,,#REF!,#N/A,$0.00,#N/A,#N/A,#REF!,#REF!,#N/A,,#N/A,¥0,#N/A,#N/A,0,,
,,,,,#N/A,,,,#REF!,#N/A,$0.00,#N/A,#N/A,#REF!,#REF!,#N/A,,#N/A,¥0,#N/A,#N/A,0,,
,,,,,#N/A,,,,#REF!,#N/A,$0.00,#N/A,#N/A,#REF!,#REF!,#N/A,,#N/A,¥0,#N/A,#N/A,0,,
,,,,,#N/A,,,,#REF!,#N/A,$0.00,#N/A,#N/A,#REF!,#REF!,#N/A,,#N/A,¥0,#N/A,#N/A,0,,
,,,,,#N/A,,,,#REF!,#N/A,$0.00,#N/A,#N/A,#REF!,#REF!,#N/A,,#N/A,¥0,#N/A,#N/A,0,,
,,,,,#N/A,,,,#REF!,#N/A,$0.00,#N/A,#N/A,#REF!,#REF!,#N/A,,#N/A,¥0,#N/A,#N/A,0,,
,,,,,#N/A,,,,#REF!,#N/A,$0.00,#N/A,#N/A,#REF!,#REF!,#N/A,,#N/A,¥0,#N/A,#N/A,0,,
,,,,,#N/A,,,,#REF!,#N/A,$0.00,#N/A,#N/A,#REF!,#REF!,#N/A,,#N/A,¥0,#N/A,#N/A,0,,
,,,,,#N/A,,,,#REF!,#N/A,$0.00,#N/A,#N/A,#REF!,#REF!,#N/A,,#N/A,¥0,#N/A,#N/A,0,,
,,,,,#N/A,,,,#REF!,#N/A,$0.00,#N/A,#N/A,#REF!,#REF!,#N/A,,#N/A,¥0,#N/A,#N/A,0,,
,,,,,#N/A,,,,#REF!,#N/A,$0.00,#N/A,#N/A,#REF!,#REF!,#N/A,,#N/A,¥0,#N/A,#N/A,0,,
,,,,,#N/A,,,,#REF!,#N/A,$0.00,#N/A,#N/A,#REF!,#REF!,#N/A,,#N/A,¥0,#N/A,#N/A,0,,
,,,,,#N/A,,,,#REF!,#N/A,$0.00,#N/A,#N/A,#REF!,#REF!,#N/A,,#N/A,¥0,#N/A,#N/A,0,,
,,,,,#N/A,,,,#REF!,#N/A,$0.00,#N/A,#N/A,#REF!,#REF!,#N/A,,#N/A,¥0,#N/A,#N/A,0,,
,,,,,#N/A,,,,#REF!,#N/A,$0.00,#N/A,#N/A,#REF!,#REF!,#N/A,,#N/A,¥0,#N/A,#N/A,0,,
,,,,,#N/A,,,,#REF!,#N/A,$0.00,#N/A,#N/A,#REF!,#REF!,#N/A,,#N/A,¥0,#N/A,#N/A,0,,
,,,,,#N/A,,,,#REF!,#N/A,$0.00,#N/A,#N/A,#REF!,#REF!,#N/A,,#N/A,¥0,#N/A,#N/A,0,,
,,,,,#N/A,,,,#REF!,#N/A,$0.00,#N/A,#N/A,#REF!,#REF!,#N/A,,#N/A,¥0,#N/A,#N/A,0,,
,,,,,#N/A,,,,#REF!,#N/A,$0.00,#N/A,#N/A,#REF!,#REF!,#N/A,,#N/A,¥0,#N/A,#N/A,0,,
,,,,,#N/A,,,,#REF!,#N/A,$0.00,#N/A,#N/A,#REF!,#REF!,#N/A,,#N/A,¥0,#N/A,#N/A,0,,
,,,,,#N/A,,,,#REF!,#N/A,$0.00,#N/A,#N/A,#REF!,#REF!,#N/A,,#N/A,¥0,#N/A,#N/A,0,,
,,,,,#N/A,,,,#REF!,#N/A,$0.00,#N/A,#N/A,#REF!,#REF!,#N/A,,#N/A,¥0,#N/A,#N/A,0,,
,,,,,#N/A,,,,#REF!,#N/A,$0.00,#N/A,#N/A,#REF!,#REF!,#N/A,,#N/A,¥0,#N/A,#N/A,0,,
,,,,,#N/A,,,,#REF!,#N/A,$0.00,#N/A,#N/A,#REF!,#REF!,#N/A,,#N/A,¥0,#N/A,#N/A,0,,
,,,,,#N/A,,,,#REF!,#N/A,$0.00,#N/A,#N/A,#REF!,#REF!,#N/A,,#N/A,¥0,#N/A,#N/A,0,,
,,,,,#N/A,,,,#REF!,#N/A,$0.00,#N/A,#N/A,#REF!,#REF!,#N/A,,#N/A,¥0,#N/A,#N/A,0,,
,,,,,#N/A,,,,#REF!,#N/A,$0.00,#N/A,#N/A,#REF!,#REF!,#N/A,,#N/A,¥0,#N/A,#N/A,0,,
,,,,,#N/A,,,,#REF!,#N/A,$0.00,#N/A,#N/A,#REF!,#REF!,#N/A,,#N/A,¥0,#N/A,#N/A,0,,
,,,,,#N/A,,,,#REF!,#N/A,$0.00,#N/A,#N/A,#REF!,#REF!,#N/A,,#N/A,¥0,#N/A,#N/A,0,,
,,,,,#N/A,,,,#REF!,#N/A,$0.00,#N/A,#N/A,#REF!,#REF!,#N/A,,#N/A,¥0,#N/A,#N/A,0,,
,,,,,#N/A,,,,#REF!,#N/A,$0.00,#N/A,#N/A,#REF!,#REF!,#N/A,,#N/A,¥0,#N/A,#N/A,0,,
,,,,,#N/A,,,,#REF!,#N/A,$0.00,#N/A,#N/A,#REF!,#REF!,#N/A,,#N/A,¥0,#N/A,#N/A,0,,
,,,,,#N/A,,,,#REF!,#N/A,$0.00,#N/A,#N/A,#REF!,#REF!,#N/A,,#N/A,¥0,#N/A,#N/A,0,,
,,,,,#N/A,,,,#REF!,#N/A,$0.00,#N/A,#N/A,#REF!,#REF!,#N/A,,#N/A,¥0,#N/A,#N/A,0,,
,,,,,#N/A,,,,#REF!,#N/A,$0.00,#N/A,#N/A,#REF!,#REF!,#N/A,,#N/A,¥0,#N/A,#N/A,0,,
,,,,,#N/A,,,,#REF!,#N/A,$0.00,#N/A,#N/A,#REF!,#REF!,#N/A,,#N/A,¥0,#N/A,#N/A,0,,
,,,,,#N/A,,,,#REF!,#N/A,$0.00,#N/A,#N/A,#REF!,#REF!,#N/A,,#N/A,¥0,#N/A,#N/A,0,,
,,,,,#N/A,,,,#REF!,#N/A,$0.00,#N/A,#N/A,#REF!,#REF!,#N/A,,#N/A,¥0,#N/A,#N/A,0,,
,,,,,#N/A,,,,#REF!,#N/A,$0.00,#N/A,#N/A,#REF!,#REF!,#N/A,,#N/A,¥0,#N/A,#N/A,0,,
,,,,,#N/A,,,,#REF!,#N/A,$0.00,#N/A,#N/A,#REF!,#REF!,#N/A,,#N/A,¥0,#N/A,#N/A,0,,
,,,,,#N/A,,,,#REF!,#N/A,$0.00,#N/A,#N/A,#REF!,#REF!,#N/A,,#N/A,¥0,#N/A,#N/A,0,,
,,,,,#N/A,,,,#REF!,#N/A,$0.00,#N/A,#N/A,#REF!,#REF!,#N/A,,#N/A,¥0,#N/A,#N/A,0,,
,,,,,#N/A,,,,#REF!,#N/A,$0.00,#N/A,#N/A,#REF!,#REF!,#N/A,,#N/A,¥0,#N/A,#N/A,0,,
,,,,,#N/A,,,,#REF!,#N/A,$0.00,#N/A,#N/A,#REF!,#REF!,#N/A,,#N/A,¥0,#N/A,#N/A,0,,
,,,,,#N/A,,,,#REF!,#N/A,$0.00,#N/A,#N/A,#REF!,#REF!,#N/A,,#N/A,¥0,#N/A,#N/A,0,,
,,,,,#N/A,,,,#REF!,#N/A,$0.00,#N/A,#N/A,#REF!,#REF!,#N/A,,#N/A,¥0,#N/A,#N/A,0,,
,,,,,#N/A,,,,#REF!,#N/A,$0.00,#N/A,#N/A,#REF!,#REF!,#N/A,,#N/A,¥0,#N/A,#N/A,0,,
,,,,,#N/A,,,,#REF!,#N/A,$0.00,#N/A,#N/A,#REF!,#REF!,#N/A,,#N/A,¥0,#N/A,#N/A,0,,
,,,,,#N/A,,,,#REF!,#N/A,$0.00,#N/A,#N/A,#REF!,#REF!,#N/A,,#N/A,¥0,#N/A,#N/A,0,,
,,,,,#N/A,,,,#REF!,#N/A,$0.00,#N/A,#N/A,#REF!,#REF!,#N/A,,#N/A,¥0,#N/A,#N/A,0,,
,,,,,#N/A,,,,#REF!,#N/A,$0.00,#N/A,#N/A,#REF!,#REF!,#N/A,,#N/A,¥0,#N/A,#N/A,0,,
,,,,,#N/A,,,,#REF!,#N/A,$0.00,#N/A,#N/A,#REF!,#REF!,#N/A,,#N/A,¥0,#N/A,#N/A,0,,
,,,,,#N/A,,,,#REF!,#N/A,$0.00,#N/A,#N/A,#REF!,#REF!,#N/A,,#N/A,¥0,#N/A,#N/A,0,,
,,,,,#N/A,,,,#REF!,#N/A,$0.00,#N/A,#N/A,#REF!,#REF!,#N/A,,#N/A,¥0,#N/A,#N/A,0,,
,,,,,#N/A,,,,#REF!,#N/A,$0.00,#N/A,#N/A,#REF!,#REF!,#N/A,,#N/A,¥0,#N/A,#N/A,0,,
,,,,,#N/A,,,,#REF!,#N/A,$0.00,#N/A,#N/A,#REF!,#REF!,#N/A,,#N/A,¥0,#N/A,#N/A,0,,
,,,,,#N/A,,,,#REF!,#N/A,$0.00,#N/A,#N/A,#REF!,#REF!,#N/A,,#N/A,¥0,#N/A,#N/A,0,,
,,,,,#N/A,,,,#REF!,#N/A,$0.00,#N/A,#N/A,#REF!,#REF!,#N/A,,#N/A,¥0,#N/A,#N/A,0,,
,,,,,#N/A,,,,#REF!,#N/A,$0.00,#N/A,#N/A,#REF!,#REF!,#N/A,,#N/A,¥0,#N/A,#N/A,0,,
,,,,,#N/A,,,,#REF!,#N/A,$0.00,#N/A,#N/A,#REF!,#REF!,#N/A,,#N/A,¥0,#N/A,#N/A,0,,
,,,,,#N/A,,,,#REF!,#N/A,$0.00,#N/A,#N/A,#REF!,#REF!,#N/A,,#N/A,¥0,#N/A,#N/A,0,,
,,,,,#N/A,,,,#REF!,#N/A,$0.00,#N/A,#N/A,#REF!,#REF!,#N/A,,#N/A,¥0,#N/A,#N/A,0,,
,,,,,#N/A,,,,#REF!,#N/A,$0.00,#N/A,#N/A,#REF!,#REF!,#N/A,,#N/A,¥0,#N/A,#N/A,0,,
,,,,,#N/A,,,,#REF!,#N/A,$0.00,#N/A,#N/A,#REF!,#REF!,#N/A,,#N/A,¥0,#N/A,#N/A,0,,
,,,,,#N/A,,,,#REF!,#N/A,$0.00,#N/A,#N/A,#REF!,#REF!,#N/A,,#N/A,¥0,#N/A,#N/A,0,,
,,,,,#N/A,,,,#REF!,#N/A,$0.00,#N/A,#N/A,#REF!,#REF!,#N/A,,#N/A,¥0,#N/A,#N/A,0,,
,,,,,#N/A,,,,#REF!,#N/A,$0.00,#N/A,#N/A,#REF!,#REF!,#N/A,,#N/A,¥0,#N/A,#N/A,0,,
,,,,,#N/A,,,,#REF!,#N/A,$0.00,#N/A,#N/A,#REF!,#REF!,#N/A,,#N/A,¥0,#N/A,#N/A,0,,
,,,,,#N/A,,,,#REF!,#N/A,$0.00,#N/A,#N/A,#REF!,#REF!,#N/A,,#N/A,¥0,#N/A,#N/A,0,,
,,,,,#N/A,,,,#REF!,#N/A,$0.00,#N/A,#N/A,#REF!,#REF!,#N/A,,#N/A,¥0,#N/A,#N/A,0,,
,,,,,#N/A,,,,#REF!,#N/A,$0.00,#N/A,#N/A,#REF!,#REF!,#N/A,,#N/A,¥0,#N/A,#N/A,0,,
,,,,,#N/A,,,,#REF!,#N/A,$0.00,#N/A,#N/A,#REF!,#REF!,#N/A,,#N/A,¥0,#N/A,#N/A,0,,
,,,,,#N/A,,,,#REF!,#N/A,$0.00,#N/A,#N/A,#REF!,#REF!,#N/A,,#N/A,¥0,#N/A,#N/A,0,,
,,,,,#N/A,,,,#REF!,#N/A,$0.00,#N/A,#N/A,#REF!,#REF!,#N/A,,#N/A,¥0,#N/A,#N/A,0,,
,,,,,#N/A,,,,#REF!,#N/A,$0.00,#N/A,#N/A,#REF!,#REF!,#N/A,,#N/A,¥0,#N/A,#N/A,0,,
,,,,,#N/A,,,,#REF!,#N/A,$0.00,#N/A,#N/A,#REF!,#REF!,#N/A,,#N/A,¥0,#N/A,#N/A,0,,
,,,,,#N/A,,,,#REF!,#N/A,$0.00,#N/A,#N/A,#REF!,#REF!,#N/A,,#N/A,¥0,#N/A,#N/A,0,,
,,,,,#N/A,,,,#REF!,#N/A,$0.00,#N/A,#N/A,#REF!,#REF!,#N/A,,#N/A,¥0,#N/A,#N/A,0,,
,,,,,#N/A,,,,#REF!,#N/A,$0.00,#N/A,#N/A,#REF!,#REF!,#N/A,,#N/A,¥0,#N/A,#N/A,0,,
,,,,,#N/A,,,,#REF!,#N/A,$0.00,#N/A,#N/A,#REF!,#REF!,#N/A,,#N/A,¥0,#N/A,#N/A,0,,
,,,,,#N/A,,,,#REF!,#N/A,$0.00,#N/A,#N/A,#REF!,#REF!,#N/A,,#N/A,¥0,#N/A,#N/A,0,,
,,,,,#N/A,,,,#REF!,#N/A,$0.00,#N/A,#N/A,#REF!,#REF!,#N/A,,#N/A,¥0,#N/A,#N/A,0,,
,,,,,#N/A,,,,#REF!,#N/A,$0.00,#N/A,#N/A,#REF!,#REF!,#N/A,,#N/A,¥0,#N/A,#N/A,0,,
,,,,,#N/A,,,,#REF!,#N/A,$0.00,#N/A,#N/A,#REF!,#REF!,#N/A,,#N/A,¥0,#N/A,#N/A,0,,
,,,,,#N/A,,,,#REF!,#N/A,$0.00,#N/A,#N/A,#REF!,#REF!,#N/A,,#N/A,¥0,#N/A,#N/A,0,,
,,,,,#N/A,,,,#REF!,#N/A,$0.00,#N/A,#N/A,#REF!,#REF!,#N/A,,#N/A,¥0,#N/A,#N/A,0,,
,,,,,#N/A,,,,#REF!,#N/A,$0.00,#N/A,#N/A,#REF!,#REF!,#N/A,,#N/A,¥0,#N/A,#N/A,0,,
,,,,,#N/A,,,,#REF!,#N/A,$0.00,#N/A,#N/A,#REF!,#REF!,#N/A,,#N/A,¥0,#N/A,#N/A,0,,
,,,,,#N/A,,,,#REF!,#N/A,$0.00,#N/A,#N/A,#REF!,#REF!,#N/A,,#N/A,¥0,#N/A,#N/A,0,,
,,,,,#N/A,,,,#REF!,#N/A,$0.00,#N/A,#N/A,#REF!,#REF!,#N/A,,#N/A,¥0,#N/A,#N/A,0,,
,,,,,#N/A,,,,#REF!,#N/A,$0.00,#N/A,#N/A,#REF!,#REF!,#N/A,,#N/A,¥0,#N/A,#N/A,0,,
,,,,,#N/A,,,,#REF!,#N/A,$0.00,#N/A,#N/A,#REF!,#REF!,#N/A,,#N/A,¥0,#N/A,#N/A,0,,
,,,,,#N/A,,,,#REF!,#N/A,$0.00,#N/A,#N/A,#REF!,#REF!,#N/A,,#N/A,¥0,#N/A,#N/A,0,,
,,,,,#N/A,,,,#REF!,#N/A,$0.00,#N/A,#N/A,#REF!,#REF!,#N/A,,#N/A,¥0,#N/A,#N/A,0,,
,,,,,#N/A,,,,#REF!,#N/A,$0.00,#N/A,#N/A,#REF!,#REF!,#N/A,,#N/A,¥0,#N/A,#N/A,0,,
,,,,,#N/A,,,,#REF!,#N/A,$0.00,#N/A,#N/A,#REF!,#REF!,#N/A,,#N/A,¥0,#N/A,#N/A,0,,
,,,,,#N/A,,,,#REF!,#N/A,$0.00,#N/A,#N/A,#REF!,#REF!,#N/A,,#N/A,¥0,#N/A,#N/A,0,,
,,,,,#N/A,,,,#REF!,#N/A,$0.00,#N/A,#N/A,#REF!,#REF!,#N/A,,#N/A,¥0,#N/A,#N/A,0,,
,,,,,#N/A,,,,#REF!,#N/A,$0.00,#N/A,#N/A,#REF!,#REF!,#N/A,,#N/A,¥0,#N/A,#N/A,0,,
,,,,,#N/A,,,,#REF!,#N/A,$0.00,#N/A,#N/A,#REF!,#REF!,#N/A,,#N/A,¥0,#N/A,#N/A,0,,
,,,,,#N/A,,,,#REF!,#N/A,$0.00,#N/A,#N/A,#REF!,#REF!,#N/A,,#N/A,¥0,#N/A,#N/A,0,,
,,,,,#N/A,,,,#REF!,#N/A,$0.00,#N/A,#N/A,#REF!,#REF!,#N/A,,#N/A,¥0,#N/A,#N/A,0,,
,,,,,#N/A,,,,#REF!,#N/A,$0.00,#N/A,#N/A,#REF!,#REF!,#N/A,,#N/A,¥0,#N/A,#N/A,0,,
,,,,,#N/A,,,,#REF!,#N/A,$0.00,#N/A,#N/A,#REF!,#REF!,#N/A,,#N/A,¥0,#N/A,#N/A,0,,
,,,,,#N/A,,,,#REF!,#N/A,$0.00,#N/A,#N/A,#REF!,#REF!,#N/A,,#N/A,¥0,#N/A,#N/A,0,,
,,,,,#N/A,,,,#REF!,#N/A,$0.00,#N/A,#N/A,#REF!,#REF!,#N/A,,#N/A,¥0,#N/A,#N/A,0,,
,,,,,#N/A,,,,#REF!,#N/A,$0.00,#N/A,#N/A,#REF!,#REF!,#N/A,,#N/A,¥0,#N/A,#N/A,0,,
,,,,,#N/A,,,,#REF!,#N/A,$0.00,#N/A,#N/A,#REF!,#REF!,#N/A,,#N/A,¥0,#N/A,#N/A,0,,
,,,,,#N/A,,,,#REF!,#N/A,$0.00,#N/A,#N/A,#REF!,#REF!,#N/A,,#N/A,¥0,#N/A,#N/A,0,,
,,,,,#N/A,,,,#REF!,#N/A,$0.00,#N/A,#N/A,#REF!,#REF!,#N/A,,#N/A,¥0,#N/A,#N/A,0,,
,,,,,#N/A,,,,#REF!,#N/A,$0.00,#N/A,#N/A,#REF!,#REF!,#N/A,,#N/A,¥0,#N/A,#N/A,0,,
,,,,,#N/A,,,,#REF!,#N/A,$0.00,#N/A,#N/A,#REF!,#REF!,#N/A,,#N/A,¥0,#N/A,#N/A,0,,
,,,,,#N/A,,,,#REF!,#N/A,$0.00,#N/A,#N/A,#REF!,#REF!,#N/A,,#N/A,¥0,#N/A,#N/A,0,,
,,,,,#N/A,,,,#REF!,#N/A,$0.00,#N/A,#N/A,#REF!,#REF!,#N/A,,#N/A,¥0,#N/A,#N/A,0,,
,,,,,#N/A,,,,#REF!,#N/A,$0.00,#N/A,#N/A,#REF!,#REF!,#N/A,,#N/A,¥0,#N/A,#N/A,0,,
,,,,,#N/A,,,,#REF!,#N/A,$0.00,#N/A,#N/A,#REF!,#REF!,#N/A,,#N/A,¥0,#N/A,#N/A,0,,
,,,,,#N/A,,,,#REF!,#N/A,$0.00,#N/A,#N/A,#REF!,#REF!,#N/A,,#N/A,¥0,#N/A,#N/A,0,,
,,,,,#N/A,,,,#REF!,#N/A,$0.00,#N/A,#N/A,#REF!,#REF!,#N/A,,#N/A,¥0,#N/A,#N/A,0,,
,,,,,#N/A,,,,#REF!,#N/A,$0.00,#N/A,#N/A,#REF!,#REF!,#N/A,,#N/A,¥0,#N/A,#N/A,0,,
,,,,,#N/A,,,,#REF!,#N/A,$0.00,#N/A,#N/A,#REF!,#REF!,#N/A,,#N/A,¥0,#N/A,#N/A,0,,
,,,,,#N/A,,,,#REF!,#N/A,$0.00,#N/A,#N/A,#REF!,#REF!,#N/A,,#N/A,¥0,#N/A,#N/A,0,,
,,,,,#N/A,,,,#REF!,#N/A,$0.00,#N/A,#N/A,#REF!,#REF!,#N/A,,#N/A,¥0,#N/A,#N/A,0,,
,,,,,#N/A,,,,#REF!,#N/A,$0.00,#N/A,#N/A,#REF!,#REF!,#N/A,,#N/A,¥0,#N/A,#N/A,0,,
,,,,,#N/A,,,,#REF!,#N/A,$0.00,#N/A,#N/A,#REF!,#REF!,#N/A,,#N/A,¥0,#N/A,#N/A,0,,
,,,,,#N/A,,,,#REF!,#N/A,$0.00,#N/A,#N/A,#REF!,#REF!,#N/A,,#N/A,¥0,#N/A,#N/A,0,,
,,,,,#N/A,,,,#REF!,#N/A,$0.00,#N/A,#N/A,#REF!,#REF!,#N/A,,#N/A,¥0,#N/A,#N/A,0,,
,,,,,#N/A,,,,#REF!,#N/A,$0.00,#N/A,#N/A,#REF!,#REF!,#N/A,,#N/A,¥0,#N/A,#N/A,0,,
,,,,,#N/A,,,,#REF!,#N/A,$0.00,#N/A,#N/A,#REF!,#REF!,#N/A,,#N/A,¥0,#N/A,#N/A,0,,
,,,,,#N/A,,,,#REF!,#N/A,$0.00,#N/A,#N/A,#REF!,#REF!,#N/A,,#N/A,¥0,#N/A,#N/A,0,,
,,,,,#N/A,,,,#REF!,#N/A,$0.00,#N/A,#N/A,#REF!,#REF!,#N/A,,#N/A,¥0,#N/A,#N/A,0,,
,,,,,#N/A,,,,#REF!,#N/A,$0.00,#N/A,#N/A,#REF!,#REF!,#N/A,,#N/A,¥0,#N/A,#N/A,0,,
,,,,,#N/A,,,,#REF!,#N/A,$0.00,#N/A,#N/A,#REF!,#REF!,#N/A,,#N/A,¥0,#N/A,#N/A,0,,
,,,,,#N/A,,,,#REF!,#N/A,$0.00,#N/A,#N/A,#REF!,#REF!,#N/A,,#N/A,¥0,#N/A,#N/A,0,,
,,,,,#N/A,,,,#REF!,#N/A,$0.00,#N/A,#N/A,#REF!,#REF!,#N/A,,#N/A,¥0,#N/A,#N/A,0,,
,,,,,#N/A,,,,#REF!,#N/A,$0.00,#N/A,#N/A,#REF!,#REF!,#N/A,,#N/A,¥0,#N/A,#N/A,0,,
,,,,,#N/A,,,,#REF!,#N/A,$0.00,#N/A,#N/A,#REF!,#REF!,#N/A,,#N/A,¥0,#N/A,#N/A,0,,
,,,,,#N/A,,,,#REF!,#N/A,$0.00,#N/A,#N/A,#REF!,#REF!,#N/A,,#N/A,¥0,#N/A,#N/A,0,,
,,,,,#N/A,,,,#REF!,#N/A,$0.00,#N/A,#N/A,#REF!,#REF!,#N/A,,#N/A,¥0,#N/A,#N/A,0,,
,,,,,#N/A,,,,#REF!,#N/A,$0.00,#N/A,#N/A,#REF!,#REF!,#N/A,,#N/A,¥0,#N/A,#N/A,0,,
,,,,,#N/A,,,,#REF!,#N/A,$0.00,#N/A,#N/A,#REF!,#REF!,#N/A,,#N/A,¥0,#N/A,#N/A,0,,
,,,,,#N/A,,,,#REF!,#N/A,$0.00,#N/A,#N/A,#REF!,#REF!,#N/A,,#N/A,¥0,#N/A,#N/A,0,,
,,,,,#N/A,,,,#REF!,#N/A,$0.00,#N/A,#N/A,#REF!,#REF!,#N/A,,#N/A,¥0,#N/A,#N/A,0,,
,,,,,#N/A,,,,#REF!,#N/A,$0.00,#N/A,#N/A,#REF!,#REF!,#N/A,,#N/A,¥0,#N/A,#N/A,0,,
,,,,,#N/A,,,,#REF!,#N/A,$0.00,#N/A,#N/A,#REF!,#REF!,#N/A,,#N/A,¥0,#N/A,#N/A,0,,
,,,,,#N/A,,,,#REF!,#N/A,$0.00,#N/A,#N/A,#REF!,#REF!,#N/A,,#N/A,¥0,#N/A,#N/A,0,,
,,,,,#N/A,,,,#REF!,#N/A,$0.00,#N/A,#N/A,#REF!,#REF!,#N/A,,#N/A,¥0,#N/A,#N/A,0,,
,,,,,#N/A,,,,#REF!,#N/A,$0.00,#N/A,#N/A,#REF!,#REF!,#N/A,,#N/A,¥0,#N/A,#N/A,0,,
,,,,,#N/A,,,,#REF!,#N/A,$0.00,#N/A,#N/A,#REF!,#REF!,#N/A,,#N/A,¥0,#N/A,#N/A,0,,
,,,,,#N/A,,,,#REF!,#N/A,$0.00,#N/A,#N/A,#REF!,#REF!,#N/A,,#N/A,¥0,#N/A,#N/A,0,,
,,,,,#N/A,,,,#REF!,#N/A,$0.00,#N/A,#N/A,#REF!,#REF!,#N/A,,#N/A,¥0,#N/A,#N/A,0,,
,,,,,#N/A,,,,#REF!,#N/A,$0.00,#N/A,#N/A,#REF!,#REF!,#N/A,,#N/A,¥0,#N/A,#N/A,0,,
,,,,,#N/A,,,,#REF!,#N/A,$0.00,#N/A,#N/A,#REF!,#REF!,#N/A,,#N/A,¥0,#N/A,#N/A,0,,
,,,,,#N/A,,,,#REF!,#N/A,$0.00,#N/A,#N/A,#REF!,#REF!,#N/A,,#N/A,¥0,#N/A,#N/A,0,,
,,,,,#N/A,,,,#REF!,#N/A,$0.00,#N/A,#N/A,#REF!,#REF!,#N/A,,#N/A,¥0,#N/A,#N/A,0,,
,,,,,#N/A,,,,#REF!,#N/A,$0.00,#N/A,#N/A,#REF!,#REF!,#N/A,,#N/A,¥0,#N/A,#N/A,0,,
,,,,,#N/A,,,,#REF!,#N/A,$0.00,#N/A,#N/A,#REF!,#REF!,#N/A,,#N/A,¥0,#N/A,#N/A,0,,
,,,,,#N/A,,,,#REF!,#N/A,$0.00,#N/A,#N/A,#REF!,#REF!,#N/A,,#N/A,¥0,#N/A,#N/A,0,,
,,,,,#N/A,,,,#REF!,#N/A,$0.00,#N/A,#N/A,#REF!,#REF!,#N/A,,#N/A,¥0,#N/A,#N/A,0,,
,,,,,#N/A,,,,#REF!,#N/A,$0.00,#N/A,#N/A,#REF!,#REF!,#N/A,,#N/A,¥0,#N/A,#N/A,0,,
,,,,,#N/A,,,,#REF!,#N/A,$0.00,#N/A,#N/A,#REF!,#REF!,#N/A,,#N/A,¥0,#N/A,#N/A,0,,
,,,,,#N/A,,,,#REF!,#N/A,$0.00,#N/A,#N/A,#REF!,#REF!,#N/A,,#N/A,¥0,#N/A,#N/A,0,,
,,,,,#N/A,,,,#REF!,#N/A,$0.00,#N/A,#N/A,#REF!,#REF!,#N/A,,#N/A,¥0,#N/A,#N/A,0,,
,,,,,#N/A,,,,#REF!,#N/A,$0.00,#N/A,#N/A,#REF!,#REF!,#N/A,,#N/A,¥0,#N/A,#N/A,0,,
,,,,,#N/A,,,,#REF!,#N/A,$0.00,#N/A,#N/A,#REF!,#REF!,#N/A,,#N/A,¥0,#N/A,#N/A,0,,
,,,,,#N/A,,,,#REF!,#N/A,$0.00,#N/A,#N/A,#REF!,#REF!,#N/A,,#N/A,¥0,#N/A,#N/A,0,,
,,,,,#N/A,,,,#REF!,#N/A,$0.00,#N/A,#N/A,#REF!,#REF!,#N/A,,#N/A,¥0,#N/A,#N/A,0,,
,,,,,#N/A,,,,#REF!,#N/A,$0.00,#N/A,#N/A,#REF!,#REF!,#N/A,,#N/A,¥0,#N/A,#N/A,0,,
,,,,,#N/A,,,,#REF!,#N/A,$0.00,#N/A,#N/A,#REF!,#REF!,#N/A,,#N/A,¥0,#N/A,#N/A,0,,
,,,,,#N/A,,,,#REF!,#N/A,$0.00,#N/A,#N/A,#REF!,#REF!,#N/A,,#N/A,¥0,#N/A,#N/A,0,,
,,,,,#N/A,,,,#REF!,#N/A,$0.00,#N/A,#N/A,#REF!,#REF!,#N/A,,#N/A,¥0,#N/A,#N/A,0,,
,,,,,#N/A,,,,#REF!,#N/A,$0.00,#N/A,#N/A,#REF!,#REF!,#N/A,,#N/A,¥0,#N/A,#N/A,0,,
,,,,,#N/A,,,,#REF!,#N/A,$0.00,#N/A,#N/A,#REF!,#REF!,#N/A,,#N/A,¥0,#N/A,#N/A,0,,
,,,,,#N/A,,,,#REF!,#N/A,$0.00,#N/A,#N/A,#REF!,#REF!,#N/A,,#N/A,¥0,#N/A,#N/A,0,,
,,,,,#N/A,,,,#REF!,#N/A,$0.00,#N/A,#N/A,#REF!,#REF!,#N/A,,#N/A,¥0,#N/A,#N/A,0,,
,,,,,#N/A,,,,#REF!,#N/A,$0.00,#N/A,#N/A,#REF!,#REF!,#N/A,,#N/A,¥0,#N/A,#N/A,0,,
,,,,,#N/A,,,,#REF!,#N/A,$0.00,#N/A,#N/A,#REF!,#REF!,#N/A,,#N/A,¥0,#N/A,#N/A,0,,
,,,,,#N/A,,,,#REF!,#N/A,$0.00,#N/A,#N/A,#REF!,#REF!,#N/A,,#N/A,¥0,#N/A,#N/A,0,,
,,,,,#N/A,,,,#REF!,#N/A,$0.00,#N/A,#N/A,#REF!,#REF!,#N/A,,#N/A,¥0,#N/A,#N/A,0,,
,,,,,#N/A,,,,#REF!,#N/A,$0.00,#N/A,#N/A,#REF!,#REF!,#N/A,,#N/A,¥0,#N/A,#N/A,0,,
,,,,,#N/A,,,,#REF!,#N/A,$0.00,#N/A,#N/A,#REF!,#REF!,#N/A,,#N/A,¥0,#N/A,#N/A,0,,
,,,,,#N/A,,,,#REF!,#N/A,$0.00,#N/A,#N/A,#REF!,#REF!,#N/A,,#N/A,¥0,#N/A,#N/A,0,,
,,,,,#N/A,,,,#REF!,#N/A,$0.00,#N/A,#N/A,#REF!,#REF!,#N/A,,#N/A,¥0,#N/A,#N/A,0,,
,,,,,#N/A,,,,#REF!,#N/A,$0.00,#N/A,#N/A,#REF!,#REF!,#N/A,,#N/A,¥0,#N/A,#N/A,0,,
,,,,,#N/A,,,,#REF!,#N/A,$0.00,#N/A,#N/A,#REF!,#REF!,#N/A,,#N/A,¥0,#N/A,#N/A,0,,
,,,,,,,,,,,,,,,,,,,,,,,,
,,,,,,,,,,,,,,,,,,,,,,,,
,,,,,,合計,"¥570,845 ",,,,,,,,,#VALUE!,"¥169,140 ",#VALUE!,"¥51,895",#VALUE!,,,,
,,,,,,,,,,,,,,,,,,,,,,,,
,,,,,,,,売上日本円合計,#VALUE!,ebay手数料合計（米ドル）,,#VALUE!,,,,,,,消費税還付合計,#VALUE!,,,,
,,,,,,,,売上米ドル合計,"$4,599.27",ebay手数料合計（£）,,#N/A,,,,,,,,,,,,
,,,,,,,,売上£合計,£0.00,ebay手数料合計（AUD）,,$21.37,,,,,,,,,,,,
,,,,,,,,売上AUD合計,$128.17,,,,,,,,,,,,,,,
,,,,,,,,,,,Payout金額合計（米ドル）,,#VALUE!,,,,,,,,,,,
,,,,,,,,,,,Payout金額合計（£）,,#N/A,,,,,,,,,,,
,,,,,,,,,,,Payout金額合計（AUD）,,$106.80,,,,,,,,,,,
,,,,,,,,,,,,,,,,,,,,,,,,
,,,,,,,,,,,,,,,,,,,,,,,,
,,,,,,,,,,,,,,,,,,,,,,,,
,,,,,,,,,,,,,,,,,,,,,,,,
,,,,,,,,,,,,,,,,,,,,,,,,
,,,,,,,,,,,,,,,,,,,,,,,,
,,,,,,,,,,,,,,,,,,,,,,,,
,,,,,,,,,,,,,,,,,,,,,,,,
,,,,,,,,,,,,,,,,,,,,,,,,
,,,,,,,,,,,,,,,,,,,,,,,,
,,,,,,,,,,,,,,,,,,,,,,,,
,,,,,,,,,,,,,,,,,,,,,,,,
,,,,,,,,,,,,,,,,,,,,,,,,
,,,,,,,,,,,,,,,,,,,,,,,,
,,,,,,,,,,,,,,,,,,,,,,,,
,,,,,,,,,,,,,,,,,,,,,,,,
,,,,,,,,,,,,,,,,,,,,,,,,
,,,,,,,,,,,,,,,,,,,,,,,,
,,,,,,,,,,,,,,,,,,,,,,,,
,,,,,,,,,,,,,,,,,,,,,,,,
,,,,,,,,,,,,,,,,,,,,,,,,
,,,,,,,,,,,,,,,,,,,,,,,,
,,,,,,,,,,,,,,,,,,,,,,,,
,,,,,,,,,,,,,,,,,,,,,,,,
,,,,,,,,,,,,,,,,,,,,,,,,
,,,,,,,,,,,,,,,,,,,,,,,,
,,,,,,,,,,,,,,,,,,,,,,,,
,,,,,,,,,,,,,,,,,,,,,,,,
,,,,,,,,,,,,,,,,,,,,,,,,
,,,,,,,,,,,,,,,,,,,,,,,,
,,,,,,,,,,,,,,,,,,,,,,,,
,,,,,,,,,,,,,,,,,,,,,,,,
,,,,,,,,,,,,,,,,,,,,,,,,
,,,,,,,,,,,,,,,,,,,,,,,,
,,,,,,,,,,,,,,,,,,,,,,,,
,,,,,,,,,,,,,,,,,,,,,,,,
,,,,,,,,,,,,,,,,,,,,,,,,
,,,,,,,,,,,,,,,,,,,,,,,,
,,,,,,,,,,,,,,,,,,,,,,,,
,,,,,,,,,,,,,,,,,,,,,,,,
,,,,,,,,,,,,,,,,,,,,,,,,
,,,,,,,,,,,,,,,,,,,,,,,,
,,,,,,,,,,,,,,,,,,,,,,,,
,,,,,,,,,,,,,,,,,,,,,,,,
,,,,,,,,,,,,,,,,,,,,,,,,
,,,,,,,,,,,,,,,,,,,,,,,,
,,,,,,,,,,,,,,,,,,,,,,,,
,,,,,,,,,,,,,,,,,,,,,,,,
,,,,,,,,,,,,,,,,,,,,,,,,
,,,,,,,,,,,,,,,,,,,,,,,,
,,,,,,,,,,,,,,,,,,,,,,,,
,,,,,,,,,,,,,,,,,,,,,,,,
,,,,,,,,,,,,,,,,,,,,,,,,
,,,,,,,,,,,,,,,,,,,,,,,,
,,,,,,,,,,,,,,,,,,,,,,,,
,,,,,,,,,,,,,,,,,,,,,,,,
,,,,,,,,,,,,,,,,,,,,,,,,
,,,,,,,,,,,,,,,,,,,,,,,,
,,,,,,,,,,,,,,,,,,,,,,,,
,,,,,,,,,,,,,,,,,,,,,,,,
,,,,,,,,,,,,,,,,,,,,,,,,
,,,,,,,,,,,,,,,,,,,,,,,,
,,,,,,,,,,,,,,,,,,,,,,,,
,,,,,,,,,,,,,,,,,,,,,,,,
,,,,,,,,,,,,,,,,,,,,,,,,
,,,,,,,,,,,,,,,,,,,,,,,,
,,,,,,,,,,,,,,,,,,,,,,,,
,,,,,,,,,,,,,,,,,,,,,,,,
,,,,,,,,,,,,,,,,,,,,,,,,
,,,,,,,,,,,,,,,,,,,,,,,,
,,,,,,,,,,,,,,,,,,,,,,,,
,,,,,,,,,,,,,,,,,,,,,,,,
,,,,,,,,,,,,,,,,,,,,,,,,
,,,,,,,,,,,,,,,,,,,,,,,,
,,,,,,,,,,,,,,,,,,,,,,,,
,,,,,,,,,,,,,,,,,,,,,,,,
,,,,,,,,,,,,,,,,,,,,,,,,
,,,,,,,,,,,,,,,,,,,,,,,,
,,,,,,,,,,,,,,,,,,,,,,,,
,,,,,,,,,,,,,,,,,,,,,,,,
,,,,,,,,,,,,,,,,,,,,,,,,
,,,,,,,,,,,,,,,,,,,,,,,,
,,,,,,,,,,,,,,,,,,,,,,,,
,,,,,,,,,,,,,,,,,,,,,,,,
,,,,,,,,,,,,,,,,,,,,,,,,
,,,,,,,,,,,,,,,,,,,,,,,,
,,,,,,,,,,,,,,,,,,,,,,,,
,,,,,,,,,,,,,,,,,,,,,,,,
,,,,,,,,,,,,,,,,,,,,,,,,
,,,,,,,,,,,,,,,,,,,,,,,,
,,,,,,,,,,,,,,,,,,,,,,,,
,,,,,,,,,,,,,,,,,,,,,,,,
,,,,,,,,,,,,,,,,,,,,,,,,
,,,,,,,,,,,,,,,,,,,,,,,,
,,,,,,,,,,,,,,,,,,,,,,,,
,,,,,,,,,,,,,,,,,,,,,,,,
,,,,,,,,,,,,,,,,,,,,,,,,
,,,,,,,,,,,,,,,,,,,,,,,,
,,,,,,,,,,,,,,,,,,,,,,,,
,,,,,,,,,,,,,,,,,,,,,,,,
,,,,,,,,,,,,,,,,,,,,,,,,
,,,,,,,,,,,,,,,,,,,,,,,,
,,,,,,,,,,,,,,,,,,,,,,,,
,,,,,,,,,,,,,,,,,,,,,,,,
,,,,,,,,,,,,,,,,,,,,,,,,
,,,,,,,,,,,,,,,,,,,,,,,,
,,,,,,,,,,,,,,,,,,,,,,,,
,,,,,,,,,,,,,,,,,,,,,,,,
,,,,,,,,,,,,,,,,,,,,,,,,
,,,,,,,,,,,,,,,,,,,,,,,,
,,,,,,,,,,,,,,,,,,,,,,,,
,,,,,,,,,,,,,,,,,,,,,,,,
,,,,,,,,,,,,,,,,,,,,,,,,
,,,,,,,,,,,,,,,,,,,,,,,,
,,,,,,,,,,,,,,,,,,,,,,,,
,,,,,,,,,,,,,,,,,,,,,,,,
,,,,,,,,,,,,,,,,,,,,,,,,
,,#REF!,,,,,,,,,,,,,,,#REF!,,,,,,,
,,#REF!,,,,,,,,,,,,,,,#REF!,,,,,,,
,,#REF!,,,,,,,,,,,,,,,,,,,,,,
,,#REF!,,,,,,,,,,,,,,,,,,,,,,
,,#REF!,,,,,,,,,,,,,,,,,,,,,,
,,#REF!,,,,,,,,,,,,,,,,,,,,,,
,,#REF!,,,,,,,,,,,,,,,,,,,,,,
,,#REF!,,,,,,,,,,,,,,,,,,,,,,
,,#REF!,,,,,,,,,,,,,,,,,,,,,,
,,#REF!,,,,,,,,,,,,,,,,,,,,,,
,,#REF!,,,,,,,,,,,,,,,,,,,,,,
,,#REF!,,,,,,,,,,,,,,,,,,,,,,
,,#REF!,,,,,,,,,,,,,,,,,,,,,,
,,#REF!,,,,,,,,,,,,,,,,,,,,,,
,,#REF!,,,,,,,,,,,,,,,,,,,,,,
,,#REF!,,,,,,,,,,,,,,,,,,,,,,
,,#REF!,,,,,,,,,,,,,,,,,,,,,,
,,#REF!,,,,,,,,,,,,,,,,,,,,,,
,,#REF!,,,,,,,,,,,,,,,,,,,,,,
,,#REF!,,,,,,,,,,,,,,,,,,,,,,
,,#REF!,,,,,,,,,,,,,,,,,,,,,,
,,#REF!,,,,,,,,,,,,,,,,,,,,,,
,,#REF!,,,,,,,,,,,,,,,,,,,,,,
,,#REF!,,,,,,,,,,,,,,,,,,,,,,
,,#REF!,,,,,,,,,,,,,,,,,,,,,,
,,#REF!,,,,,,,,,,,,,,,,,,,,,,
,,#REF!,,,,,,,,,,,,,,,,,,,,,,
,,#REF!,,,,,,,,,,,,,,,,,,,,,,
,,#REF!,,,,,,,,,,,,,,,,,,,,,,
,,#REF!,,,,,,,,,,,,,,,,,,,,,,
,,#REF!,,,,,,,,,,,,,,,,,,,,,,
,,#REF!,,,,,,,,,,,,,,,,,,,,,,
,,#REF!,,,,,,,,,,,,,,,,,,,,,,
,,#REF!,,,,,,,,,,,,,,,,,,,,,,
,,#REF!,,,,,,,,,,,,,,,,,,,,,,
,,#REF!,,,,,,,,,,,,,,,,,,,,,,
,,#REF!,,,,,,,,,,,,,,,,,,,,,,
,,#REF!,,,,,,,,,,,,,,,,,,,,,,
,,#REF!,,,,,,,,,,,,,,,,,,,,,,
,,#REF!,,,,,,,,,,,,,,,,,,,,,,
,,#REF!,,,,,,,,,,,,,,,,,,,,,,
,,#REF!,,,,,,,,,,,,,,,,,,,,,,
