,,,,,,,,
みずほ銀行　ヒストリカルデータより引用　,,,,,,https://www.mizuhobank.co.jp/market/historical/index.html,,
,,,,,,,,
,,,,,,,,
,2,3,4,5,6,7,8,9
,米ドル（＄）,英ポンド（￡）,ユーロ（€）,カナダドル,オーストラリアドル,フィリピンペソ,シンガポールドル,ブラジルレアル
,USD,GBP,EUR,CAD,AUD,PHP,SGD,BRL
2025/12/01,155.87,206.37,180.89,111.53,101.95,2.66,120.22,29.21
2025/12/02,155.68,205.59,180.62,111.17,101.83,2.67,120.05,29.06
2025/12/03,155.84,206.02,181.24,111.55,102.37,2.66,120.24,29.25
2025/12/04,155.3,207.14,181.11,111.28,102.61,2.64,119.99,29.26
2025/12/05,155.14,206.79,180.68,111.16,102.53,2.63,119.7,29.21
2025/12/08,155.2,206.87,180.76,112.24,103.02,2.63,119.81,28.53
2025/12/09,156.03,207.89,181.59,112.64,103.34,2.64,120.23,28.73
2025/12/10,156.84,208.64,182.34,113.27,104.2,2.65,120.94,28.87
2025/12/11,155.87,208.6,182.37,112.97,103.89,2.64,120.57,28.49
2025/12/12,155.78,208.68,182.89,113.07,103.92,2.64,120.6,28.82
2025/12/15,156.02,208.51,183.04,113.29,103.69,2.64,120.75,28.79
2025/12/16,155.09,207.4,182.2,112.59,102.86,2.63,120.23,28.64
2025/12/17,154.66,207.57,181.71,112.37,102.43,2.64,119.94,28.08
2025/12/18,155.59,208.1,182.62,112.87,102.7,2.65,120.44,28.19
2025/12/19,155.86,208.62,182.76,113.15,103.19,2.66,120.88,28.23
2025/12/22,157.67,210.99,184.69,114.3,104.31,2.69,121.93,28.45
2025/12/23,156.76,211.19,184.46,114.02,104.4,2.67,121.76,28.04
2025/12/24,156.2,211.09,184.21,114.09,104.7,2.66,121.62,28.3
2025/12/25,155.99,211.09,183.54,114.12,104.47,2.66,121.48,28.26
2025/12/26,156.51,211.45,184.42,114.43,104.97,2.67,121.9,28.35
2025/12/29,156.47,211.36,184.29,114.45,105.1,2.67,121.9,28.22
2025/12/30,156.54,211.41,184.26,114.3,104.77,2.66,121.77,28.1
2026/01/05,157.29,211.43,184.08,114.4,105.02,2.68,122.16,29.01
2026/01/06,156.64,211.98,183.44,113.69,105.07,2.66,122.01,28.97
2026/01/07,156.66,211.52,183.12,113.38,105.56,2.65,122.4,29.16
2026/01/08,156.86,211.15,183.13,113.17,105.41,2.65,122.18,29.13
2026/01/09,157.14,211.05,183.13,113.29,105.21,2.66,122.25,29.17
2026/01/13,158.29,213.25,184.57,114.01,106.2,2.67,123.08,29.45
2026/01/14,159.27,213.87,185.39,114.62,106.42,2.69,123.56,29.65
2026/01/15,158.58,213.1,184.54,114.16,105.96,2.67,123.13,29.38
2026/01/16,158.77,212.34,184.22,114.21,106.38,2.67,123.23,29.58
2026/01/19,157.5,211.05,183.16,113.35,105.41,2.65,122.46,29.34
2026/01/20,158.19,212.24,184.09,113.99,106.15,2.66,123.07,29.46
2026/01/21,158.25,212.58,185.41,114.35,106.52,2.66,123.24,29.44
2026/01/22,158.27,212.52,184.95,114.45,107.39,2.67,123.24,29.75
2026/01/23,158.62,214.11,186.35,115.01,108.51,2.69,123.85,30.02
2026/01/26,154.85,211.42,183.65,113.1,107.08,2.62,121.89,29.27
2026/01/27,154.28,210.95,183.24,112.47,106.58,2.62,121.39,29.21
2026/01/28,152.55,210.7,183.23,112.11,106.66,2.59,120.98,29.42
2026/01/29,153.15,211.71,183.4,113.1,107.79,2.61,121.35,29.47
2026/01/30,153.66,211.65,183.27,113.67,107.99,2.61,121.29,29.59
2026/02/02,155.29,212.73,184.24,114.03,108.21,2.64,122.13,29.54
2026/02/03,155.6,212.88,183.65,113.86,108.48,2.64,122.41,29.58
2026/02/04,156.04,213.65,184.33,114.37,109.51,2.65,122.84,29.79
2026/02/05,156.85,214.13,185.13,114.77,109.84,2.66,123.26,29.94
2026/02/06,156.8,212.06,184.62,114.37,108.43,2.67,122.9,29.75
2026/02/09,156.98,213.68,185.69,114.92,110.25,2.68,123.51,30.09
2026/02/10,156.17,213.59,185.84,115.14,110.57,2.67,123.33,30.07
2026/02/12,153.33,208.99,182.08,112.95,109.39,2.64,121.51,29.58
2026/02/13,152.95,208.3,181.49,112.32,108.33,2.64,121.14,29.35
2026/02/16,153.04,208.82,181.54,112.41,108.29,2.64,121.19,29.3
2026/02/17,153.35,208.88,181.6,112.41,108.37,2.65,121.48,29.35
2026/02/18,153.25,207.87,181.54,112.35,108.49,2.65,121.3,29.34
2026/02/19,154.8,208.83,182.45,112.98,109.07,2.68,122.15,29.57
2026/02/20,155.16,208.88,182.59,113.34,109.45,2.68,122.34,29.78
2026/02/24,154.83,208.94,182.5,113.01,109.34,2.69,122.27,29.94
2026/02/25,155.85,210.35,183.48,113.77,110.25,2.7,123.03,30.24
2026/02/26,156.13,211.74,184.44,114.16,111.24,2.72,123.63,30.47
2026/02/27,155.83,210.15,183.82,113.88,110.61,2.71,123.08,30.33
2026/03/02,156.57,210.13,184.28,114.62,110.85,2.72,123.44,30.52
2026/03/03,157.51,211.16,184.13,115.22,111.88,2.71,123.74,30.46
2026/03/04,157.7,210.25,182.82,115.24,110.56,2.7,123.41,29.88
2026/03/05,156.61,209.62,182.34,114.84,110.93,2.68,122.94,29.94
2026/03/06,157.44,210.37,182.82,115.23,110.57,2.69,123.06,29.91
2026/03/09,158.71,211.1,182.79,116.66,110.45,2.69,123.5,30.27
2026/03/10,157.73,211.93,183.33,116.02,111.5,2.66,123.69,30.54
2026/03/11,158.28,212.67,183.89,116.56,112.93,2.69,124.4,30.65
2026/03/12,159.05,213.02,183.66,117.01,113.59,2.68,124.66,30.85
2026/03/13,159.2,212.77,183.43,116.82,112.76,2.68,124.54,30.35
2026/03/16,159.41,211.39,182.54,116.26,111.86,2.67,124.42,29.91
2026/03/17,159.37,212.03,183.08,116.41,112.53,2.66,124.61,30.45
2026/03/18,159.21,212.64,183.59,116.3,113.17,2.67,124.71,30.66
2026/03/19,159.88,212.26,183.35,116.52,112.56,2.68,124.65,30.46
2026/03/23,159.52,212.38,184.05,116.22,111.54,2.67,124.32,30.03
2026/03/24,158.52,212.45,183.77,115.34,110.73,2.64,124.06,30.3
2026/03/25,158.68,213.12,184.53,115.37,111.06,2.65,124.28,30.32
2026/03/26,159.55,213.17,184.34,115.42,110.73,2.66,124.42,30.53
2026/03/27,159.57,212.79,183.95,115.14,109.69,2.65,123.98,30.47
2026/03/30,160.05,212.11,184.15,115.23,109.57,2.64,124.19,30.55
2026/03/31,159.93,211.09,183.44,114.85,109.74,2.63,123.83,30.45